Model|Release Date|Hashrate|Price|Revenue 24h|Profit 24h
Radeon RX 6600|Oct 2021|"28.50 Mh/s
                
                  Ethash4G · 60W"|$461.01|$0.03|-$0.11
Radeon RX 6650 XT|May 2022|"27.00 Mh/s
                
                  Ethash4G · 60W"|$254.28|$0.03|-$0.11
Radeon RX 6600 XT|Aug 2021|"32.00 Mh/s
                
                  Ethash4G · 70W"|$439.99|$0.04|-$0.13
GeForce RTX 4060 Ti|May 2023|"39.00 Mh/s
                
                  Ethash4G · 80W"|$439.99|$0.04|-$0.15
RTX A2000 6GB              (*)|Aug 2021|"39.00 Mh/s
                
                  Ethash4G · 80W"|$574.99|$0.04|-$0.15
GeForce RTX 4060|Jun 2023|"34.00 Mh/s
                
                  Ethash4G · 80W"|$299.99|$0.04|-$0.15
GeForce GTX 1660 Ti|Feb 2019|"28.00 Mh/s
                
                  Ethash4G · 80W"|$334.95|$0.03|-$0.16
GeForce RTX 3050              (*)|Jan 2022|"26.50 Mh/s
                
                  Ethash4G · 80W"|$169.99|$0.03|-$0.16
GeForce GTX 1660|Mar 2019|"24.00 Mh/s
                
                  Ethash4G · 80W"|$339.90|$0.03|-$0.16
Radeon RX 6750 XT|May 2022|"40.00 Mh/s
                
                  Ethash4G · 90W"|$399.99|$0.05|-$0.17
GeForce GTX 1050 Ti|Oct 2016|"13.00 Mh/s
                
                  Ethash4G · 80W"|$408.82|$0.01|-$0.18
GeForce GTX 1660 Super|Oct 2019|"29.30 Mh/s
                
                  Ethash4G · 90W"|$329.99|$0.03|-$0.18
Radeon RX 5500 XT 8GB|Dec 2019|"26.00 Mh/s
                
                  Ethash4G · 90W"|$181.29|$0.03|-$0.19
Radeon RX 6700 XT|Mar 2021|"46.00 Mh/s
                
                  Ethash4G · 100W"|$953.99|$0.05|-$0.19
GeForce GTX 1060 6GB|Oct 2016|"22.50 Mh/s
                
                  Ethash4G · 90W"|$329.80|$0.03|-$0.19
Radeon RX 6800 XT|Nov 2020|"62.00 Mh/s
                
                  Ethash4G · 110W"|$639.99|$0.07|-$0.19
Radeon RX 6800|Nov 2020|"61.00 Mh/s
                
                  Ethash4G · 110W"|$439.94|$0.07|-$0.20
GeForce RTX 4070 Ti|Jan 2023|"65.00 Mh/s
                
                  Ethash4G · 120W"|$909.03|$0.07|-$0.21
GeForce RTX 3060|Feb 2021|"41.00 Mh/s
                
                  Ethash4G · 110W"|$284.99|$0.05|-$0.22
Radeon RX 5600 XT|Jan 2020|"40.50 Mh/s
                
                  Ethash4G · 110W"|$545.00|$0.05|-$0.22
GeForce RTX 5060 Ti              (*)|Apr 2025|"59.00 Mh/s
                
                  Ethash4G · 120W"|$419.99|$0.07|-$0.22
GeForce RTX 5060              (*)|May 2025|"51.00 Mh/s
                
                  Ethash4G · 120W"|$299.99|$0.06|-$0.23
GeForce RTX 3060 LHR|Jun 2021|"48.00 Mh/s
                
                  Ethash4G · 120W"||$0.05|-$0.23
GeForce RTX 3060 Full Unlock|Feb 2021|"48.00 Mh/s
                
                  Ethash4G · 120W"||$0.05|-$0.23
GeForce RTX 2060 Super              (*)|Jul 2019|"41.00 Mh/s
                
                  Ethash4G · 120W"|$399.99|$0.05|-$0.24
GeForce RTX 3070 LHR|Jun 2021|"60.00 Mh/s
                
                  Ethash4G · 130W"||$0.07|-$0.24
GeForce RTX 3070|Oct 2020|"60.00 Mh/s
                
                  Ethash4G · 130W"|$500.00|$0.07|-$0.24
Radeon RX 5700|Jul 2019|"55.00 Mh/s
                
                  Ethash4G · 130W"|$309.99|$0.06|-$0.25
Radeon RX 5700 XT|Jul 2019|"55.00 Mh/s
                
                  Ethash4G · 130W"|$488.33|$0.06|-$0.25
GeForce RTX 2060|Jan 2019|"31.00 Mh/s
                
                  Ethash4G · 120W"|$361.14|$0.03|-$0.25
Radeon RX 570 8GB|Apr 2017|"27.90 Mh/s
                
                  Ethash4G · 120W"|$388.99|$0.03|-$0.26
Radeon RX 470 8GB|Aug 2016|"26.00 Mh/s
                
                  Ethash4G · 120W"||$0.03|-$0.26
GeForce RTX 5070 Ti              (*)|Feb 2025|"88.00 Mh/s
                
                  Ethash4G · 150W"|$779.99|$0.10|-$0.26
GeForce RTX 4070|Apr 2023|"62.00 Mh/s
                
                  Ethash4G · 140W"|$634.49|$0.07|-$0.27
GeForce RTX 3060 Ti LHR|Jun 2021|"60.00 Mh/s
                
                  Ethash4G · 140W"||$0.07|-$0.27
GeForce RTX 3060 Ti|Dec 2020|"60.00 Mh/s
                
                  Ethash4G · 140W"|$375.79|$0.07|-$0.27
RTX A4000              (*)|Apr 2021|"59.00 Mh/s
                
                  Ethash4G · 140W"|$1,042.99|$0.07|-$0.27
GeForce RTX 5070              (*)|Mar 2025|"80.00 Mh/s
                
                  Ethash4G · 150W"|$549.99|$0.09|-$0.27
Radeon RX 580 8GB|Apr 2017|"30.50 Mh/s
                
                  Ethash4G · 130W"|$159.99|$0.03|-$0.28
GeForce RTX 4070 Super|Jan 2024|"63.00 Mh/s
                
                  Ethash4G · 150W"|$753.70|$0.07|-$0.29
GeForce RTX 2070 Super              (*)|Jul 2019|"41.00 Mh/s
                
                  Ethash4G · 140W"|$539.99|$0.05|-$0.29
GeForce RTX 2070|Oct 2018|"41.00 Mh/s
                
                  Ethash4G · 140W"|$389.46|$0.05|-$0.29
Radeon RX 6900 XT|Dec 2020|"62.00 Mh/s
                
                  Ethash4G · 150W"|$1,509.67|$0.07|-$0.29
Radeon RX 6950 XT|May 2022|"53.50 Mh/s
                
                  Ethash4G · 150W"|$982.87|$0.06|-$0.30
GeForce GTX 1070 Ti|Nov 2016|"30.50 Mh/s
                
                  Ethash4G · 140W"|$569.99|$0.03|-$0.30
Radeon RX 480 8GB|Jun 2016|"30.00 Mh/s
                
                  Ethash4G · 140W"|$339.99|$0.03|-$0.30
GeForce GTX 1070|Jun 2016|"30.00 Mh/s
                
                  Ethash4G · 140W"|$497.48|$0.03|-$0.30
Radeon RX 7800 XT              (*)|Sep 2023|"65.00 Mh/s
                
                  Ethash4G · 160W"|$599.99|$0.07|-$0.31
Radeon VII|Feb 2019|"94.00 Mh/s
                
                  Ethash4G · 180W"|$1,899.95|$0.11|-$0.33
GeForce RTX 2080 Super              (*)|Jul 2019|"44.00 Mh/s
                
                  Ethash4G · 160W"|$684.86|$0.05|-$0.33
GeForce RTX 2080|Sep 2018|"41.00 Mh/s
                
                  Ethash4G · 160W"|$800.61|$0.05|-$0.34
Radeon R9 380 4GB|May 2015|"19.00 Mh/s
                
                  Ethash4G · 150W"|$89.99|$0.02|-$0.34
GeForce RTX 5080|Jan 2025|"120.00 Mh/s
                
                  Ethash4G · 200W"|$1,299.99|$0.14|-$0.34
Radeon RX Vega 56|Aug 2017|"49.00 Mh/s
                
                  Ethash4G · 170W"|$752.99|$0.06|-$0.35
RTX A4500              (*)|Nov 2021|"87.00 Mh/s
                
                  Ethash4G · 190W"|$1,799.00|$0.10|-$0.36
GeForce RTX 4070 Ti Super|Jan 2024|"83.00 Mh/s
                
                  Ethash4G · 190W"|$1,701.19|$0.09|-$0.36
GeForce GTX 1080|May 2016|"34.00 Mh/s
                
                  Ethash4G · 170W"|$442.79|$0.04|-$0.37
GeForce RTX 2080 Ti|Sep 2018|"55.20 Mh/s
                
                  Ethash4G · 180W"|$1,299.99|$0.06|-$0.37
Radeon RX Vega 64|Aug 2017|"50.00 Mh/s
                
                  Ethash4G · 180W"|$749.99|$0.06|-$0.38
GeForce GTX 1080 Ti|Mar 2017|"49.00 Mh/s
                
                  Ethash4G · 180W"|$483.82|$0.06|-$0.38
GeForce RTX 4080 Super|Jan 2024|"87.00 Mh/s
                
                  Ethash4G · 200W"|$1,099.99|$0.10|-$0.38
GeForce RTX 4080|Nov 2022|"87.00 Mh/s
                
                  Ethash4G · 200W"|$1,498.07|$0.10|-$0.38
GeForce RTX 3070 Ti|Jun 2021|"80.00 Mh/s
                
                  Ethash4G · 200W"|$699.99|$0.09|-$0.39
Radeon RX 7900 XTX              (*)|Dec 2022|"100.00 Mh/s
                
                  Ethash4G · 220W"|$959.99|$0.11|-$0.42
RTX A5000              (*)|Apr 2021|"99.00 Mh/s
                
                  Ethash4G · 230W"|$2,229.99|$0.11|-$0.44
GeForce RTX 3080|Sep 2020|"98.00 Mh/s
                
                  Ethash4G · 240W"|$1,892.75|$0.11|-$0.47
GeForce RTX 4090|Oct 2022|"127.00 Mh/s
                
                  Ethash4G · 260W"|$2,935.00|$0.14|-$0.48
Radeon R9 Fury|Jul 2015|"29.00 Mh/s
                
                  Ethash4G · 220W"|$443.10|$0.03|-$0.50
GeForce RTX 3080 LHR|Jun 2021|"98.00 Mh/s
                
                  Ethash4G · 260W"||$0.11|-$0.51
GeForce RTX 5090              (*)|Jan 2025|"160.00 Mh/s
                
                  Ethash4G · 290W"|$2,550.95|$0.18|-$0.52
GeForce RTX 3080 12GB|Jan 2022|"101.50 Mh/s
                
                  Ethash4G · 280W"|$680.00|$0.11|-$0.56
Radeon RX 7900 XT              (*)|Dec 2022|"83.00 Mh/s
                
                  Ethash4G · 300W"|$650.26|$0.09|-$0.63
GeForce RTX 3090|Sep 2020|"119.00 Mh/s
                
                  Ethash4G · 320W"|$1,815.73|$0.13|-$0.63
GeForce RTX 3080 Ti|Jun 2021|"117.00 Mh/s
                
                  Ethash4G · 330W"|$1,508.54|$0.13|-$0.66
GeForce RTX 3090 Ti|Mar 2022|"128.00 Mh/s
                
                  Ethash4G · 350W"|$1,990.00|$0.14|-$0.70
