Start,End,Open,High,Low,Close,Volume,Market Cap
2025-08-01,2025-08-02,307.6286,308.1125,296.2895,297.9526,171250170.16027874,5607883895.414634
2025-07-31,2025-08-01,309.1635,317.7429,303.5333,305.7622,185770543.60278746,5719537056.010453
2025-07-30,2025-07-31,313.2862,317.7343,303.7287,308.6857,184782466.6968641,5739572559.707317
2025-07-29,2025-07-30,315.0168,324.7103,313.0279,314.0963,196959098.5261324,5871906500.017422
2025-07-28,2025-07-29,324.889,331.1622,314.9982,314.9982,176643247.5052265,5973212406.275261
2025-07-27,2025-07-28,322.3556,328.829,321.3277,325.3763,155490503.61672473,5974809887.860627
2025-07-26,2025-07-27,321.7918,328.9164,319.7173,321.6642,180091681.67247388,5971339354.752613
2025-07-25,2025-07-26,326.389,337.9103,319.1826,321.7922,289750313.67247385,6019927808.679442
2025-07-24,2025-07-25,314.0457,327.7643,310.1155,325.964,201599316.73867595,5907806132.891986
2025-07-23,2025-07-24,324.8731,328.3782,309.5413,313.6248,180863481.6445993,5924415214.885017
2025-07-22,2025-07-23,319.5715,326.2637,315.5637,324.2887,186184181.20905924,5934990206.1986065
2025-07-21,2025-07-22,325.2908,331.3096,313.0065,320.2197,140480503.5609756,5969857374.142858
2025-07-20,2025-07-21,323.0768,329.2692,322.6737,325.7481,107423587.81184669,6020727375.376307
2025-07-19,2025-07-20,321.693,327.9532,317.8498,322.8565,142826524.83972126,5977652274.045296
2025-07-18,2025-07-19,337.8454,340.2584,317.7277,322.0627,206431434.70383275,6107360722.114983
2025-07-17,2025-07-18,331.5564,344.8771,330.6386,337.9636,192298871.19512194,6224880937.191638
2025-07-16,2025-07-17,334.3035,337.606,325.8037,331.5116,180118129.61672473,6135829215.905923
2025-07-15,2025-07-16,344.1974,344.9898,332.2991,335.0766,202803641.7944251,6213443081.700349
2025-07-14,2025-07-15,336.4002,357.1217,336.4002,344.4374,198106241.55052266,6376667174.815331
2025-07-13,2025-07-14,332.7614,341.0267,330.0446,336.2216,130875776.81881534,6201683102.407665
2025-07-12,2025-07-13,330.4621,334.8498,325.8248,332.2111,177432741.46341464,6105441997.20209
2025-07-11,2025-07-12,325.6529,331.6077,322.9444,329.1412,203303230.37979093,6046146789.480836
2025-07-10,2025-07-11,325.7334,329.3038,321.1363,326.2355,190646988.41811848,6007843404.445993
2025-07-09,2025-07-10,317.2811,326.6241,314.2616,325.5991,188302759.4216028,5902360763.313589
2025-07-08,2025-07-09,316.6653,320.0242,309.9922,316.8561,167384829.97212544,5804972572.749129
2025-07-07,2025-07-08,319.5253,324.9768,313.881,315.8719,145478074.89473686,5882519596.585965
2025-07-06,2025-07-07,319.9337,321.7845,312.8085,319.5451,106064813.69686411,5866028531.832752
2025-07-05,2025-07-06,317.6976,320.2743,311.5391,320.0331,110450316.1533101,5826533564.236934
2025-07-04,2025-07-05,321.3717,323.4641,312.7395,313.7984,162481675.58536586,5883398198.118467
2025-07-03,2025-07-04,323.3185,336.727,316.3819,321.2268,193010735.36236933,5959449496.243902
2025-07-02,2025-07-03,310.9226,325.972,310.5593,322.1033,175004406.22996515,5888185905.923345
2025-07-01,2025-07-02,325.368,325.368,310.5107,311.5136,169462669.4703833,5859045230.850174
2025-06-30,2025-07-01,313.8061,325.691,311.6269,324.7395,138697320.33449477,5833801279.376307
2025-06-29,2025-06-30,310.4697,322.9457,306.6453,313.3801,170803167.58885017,5784605136.972125
2025-06-28,2025-06-29,308.2362,316.0879,304.0094,311.0443,155993036.66550523,5703469935.543554
2025-06-27,2025-06-28,311.889,312.7003,303.4677,307.7128,132286605.79442509,5699876561.170732
2025-06-26,2025-06-27,311.7856,319.7564,309.3014,312.2077,151256275.09756097,5789431820.752613
2025-06-25,2025-06-26,314.5943,321.9763,311.3621,311.3621,132144296.50522648,5830271504.505226
2025-06-24,2025-06-25,310.8647,319.2843,306.8789,314.1939,155918603.09059232,5790199333.790941
2025-06-23,2025-06-24,297.8994,310.6496,294.2429,310.6496,119679476.61324042,5586559343.54007
2025-06-22,2025-06-23,309.3081,313.8432,289.8309,296.5546,103426753.65505226,5612111799.135888
2025-06-21,2025-06-22,310.2526,317.5358,307.0258,307.9503,104545586.36585365,5781554051.891986
2025-06-20,2025-06-21,309.9964,319.0172,304.2165,310.5145,126507910.22648084,5742303539.069686
2025-06-19,2025-06-20,316.0429,323.4062,303.7789,310.4446,140261031.70383275,5827318077.926829
2025-06-18,2025-06-19,319.71,331.4758,314.7133,315.9737,155168426.34843206,5926350471.184669
2025-06-17,2025-06-18,321.9382,330.0274,317.8376,320.2381,173515011.5226481,5975891516.275261
2025-06-16,2025-06-17,314.7028,330.8693,314.456,322.8309,125809699.91986063,5914342450.672474
2025-06-15,2025-06-16,312.0322,319.4115,311.4676,315.3909,103330517.89547038,5821571499.369338
2025-06-14,2025-06-15,315.2729,318.6825,307.5045,312.2096,138226664.67247388,5756116383.912892
2025-06-13,2025-06-14,317.1636,322.4635,301.458,313.41,174703077.3554007,5752122895.2125435
2025-06-12,2025-06-13,330.6292,331.6473,314.9925,319.0418,139079923.41811848,5989178268.930314
2025-06-11,2025-06-12,338.2979,345.0537,325.6278,329.5982,150565311.45296168,6194534719.142858
2025-06-10,2025-06-11,333.2238,341.8724,328.9212,338.7824,140900134.70731708,6158095727.905923
2025-06-09,2025-06-10,327.4362,335.3917,325.0022,333.888,116158207.04878049,6083130004.662021
2025-06-08,2025-06-09,327.8604,336.47,324.2088,328.1799,100508660.56445993,6080024209.264809
2025-06-07,2025-06-08,322.5397,330.4599,320.5947,328.3957,128119226.81881534,6001193346.8013935
2025-06-06,2025-06-07,317.229,338.29,316.4052,322.6461,174317025.90243903,5968802676.749129
2025-06-05,2025-06-06,315.2001,338.5457,311.1793,318.0632,191771626.728223,5950426441.658537
2025-06-04,2025-06-05,344.2448,352.9537,305.4593,315.5784,225228976.38675958,6195343740.623693
2025-06-03,2025-06-04,358.843,370.8568,342.5366,345.677,1445450461.651568,6529358305.616725
2025-06-02,2025-06-03,348.5371,368.0597,341.9137,358.5674,1233802454.445993,6514091021.752613
2025-06-01,2025-06-02,324.591,349.933,320.936,349.0061,606450150.923345,6080330650.181185
2025-05-31,2025-06-01,324.4839,330.658,314.6679,324.1918,594791462.9930314,5975255797.777003
2025-05-30,2025-05-31,339.3003,354.9793,325.7025,325.7025,321231341.3205575,6160745817.926829
2025-05-29,2025-05-30,347.6761,358.6636,333.883,339.1858,431031168.12891984,6332244677
2025-05-28,2025-05-29,369.705,369.7555,323.1636,348.425,558049078.2020906,6404163570.181185
2025-05-27,2025-05-28,402.8166,404.4048,370.6541,372.0551,266576289.50174215,7179793458.303136
2025-05-26,2025-05-27,417.9619,420.7611,395.9809,402.679,445030768.9581882,7561927165.142858
2025-05-25,2025-05-26,403.8981,418.6045,395.7667,417.7115,401180419.26480836,7517885043.017422
2025-05-24,2025-05-25,393.0881,406.5725,385.5369,404.2176,320139905.80487806,7344083651.149826
2025-05-23,2025-05-24,386.2478,402.541,377.933,392.4556,343011065.5121951,7249719608.264809
2025-05-22,2025-05-23,396.5246,409.4214,386.5023,386.5023,557497226.8571428,7348854969.010453
2025-05-21,2025-05-22,353.2126,400.5957,350.9641,398.8803,1559084773.5714285,6814581026.982578
2025-05-20,2025-05-21,342.88300948181654,355.6498281484372,342.88300948181654,352.5394,749256972.6711936,6422094921.893334
2025-05-19,2025-05-20,337.53914604101124,345.576748157835,337.11332521211637,342.52326060612984,90264271.6733651,6324539584.980264
2025-05-18,2025-05-19,336.5629,345.6922,335.9239,337.8046,701358261.3135889,6292052403.275261
2025-05-17,2025-05-18,334.6037,340.0876,332.7586,336.3674,407719012.7456446,6197057950.885017
2025-05-16,2025-05-17,335.8347,343.4742,332.4466,334.531,251204824.80487806,6245782223.013937
2025-05-15,2025-05-16,340.9635,348.8765,332.1571,336.5228,193821922.7595819,6312317405.003485
2025-05-14,2025-05-15,342.065,349.2897,337.3283,339.8236,221608439.184669,6325516448.860627
2025-05-13,2025-05-14,336.7718,345.7108,332.4379,341.9904,246776810.2508711,6256038014.95122
2025-05-12,2025-05-13,331.9273,349.9076,330.7555,336.9722,226632785.3031359,6231412614.313589
2025-05-11,2025-05-12,325.2664,340.5862,317.5249,332.4324,194701217.01045296,6069702150.41115
2025-05-10,2025-05-11,316.2292,332.1684,310.0547,325.4889,210888260.4878049,5900055132.414634
2025-05-09,2025-05-10,298.596,315.492,295.861,315.492,242953411.46341464,5597350592.425087
2025-05-08,2025-05-09,282.8963,299.4978,281.1491,298.536,204480261.86759582,5369156108.989547
2025-05-07,2025-05-08,288.4015,290.7029,278.4502,282.9165,195480679.7630662,5247792325.184669
2025-05-06,2025-05-07,281.7719,290.9693,274.5113,287.8581,228429882.12891987,5243416461.8013935
2025-05-05,2025-05-06,280.9858,281.9665,270.709,281.2846,208396863.31010452,5095216849.644599
2025-05-04,2025-05-05,278.3573,280.019,265.5415,280.019,183943457.2578397,5074352521.599303
2025-05-03,2025-05-04,282.3919,285.7611,270.9605,278.0342,186169533.34146342,5116545926.428572
2025-05-02,2025-05-03,272.3247,291.5951,270.5533,283.5389,195377740.184669,5198017642.745645
2025-05-01,2025-05-02,282.3353,288.8666,270.9947,272.0173,211836086.44599304,5116064575.682927
2025-04-30,2025-05-01,268.2025,277.951,267.1682,277.951,247465228.13937283,5033849365.425087
2025-04-29,2025-04-30,260.2189,276.8086,259.4473,269.1138,557824511.3205575,4969154120.982578
2025-04-28,2025-04-29,236.0378,329.9299,234.3401,258.9778,674494673.3937283,4944337748.306621
2025-04-27,2025-04-28,230.4169,234.8476,227.3385,234.8476,77415433.07665505,4235415419.595819
2025-04-26,2025-04-27,228.3721,230.5343,227.1141,230.2977,86397944.8466899,4220895023.2125435
2025-04-25,2025-04-26,227.7448,230.7629,226.9125,227.5462,102097535.38327526,4221632745.139373
2025-04-24,2025-04-25,230.2329,230.6109,221.5131,228.073,120808143.271777,4174655746.0731707
2025-04-23,2025-04-24,226.9128,230.3984,225.0087,230.0452,133609106.00696865,4203082950.02439
2025-04-22,2025-04-23,215.6493,226.9864,214.8392,226.969,107880352.05574913,4032036723.919861
2025-04-21,2025-04-22,214.168,216.5968,212.9237,215.2686,100420840.98954704,3968991395.979094
2025-04-20,2025-04-21,216.0881,219.6458,212.9645,214.4366,102854831.03832753,3980347108.7630663
2025-04-19,2025-04-20,215.3201,216.3467,210.408,216.3467,97723406.76655053,3940101345.8954706
2025-04-18,2025-04-19,216.8455,219.576,214.6275,215.8147,98251485.96864112,3997171342.818815
2025-04-17,2025-04-18,218.8137,219.6965,215.3023,216.9448,118614462.34146342,4011084918.4634147
2025-04-16,2025-04-17,215.6342,220.1884,215.0317,218.5119,115412813.63066202,4018087752.41115
2025-04-15,2025-04-16,215.0086,217.088,210.6296,215.3725,111352354.11149825,3948256510.076655
2025-04-14,2025-04-15,203.6076,217.3841,203.6076,214.6601,91641641.77351916,3872797493.8885016
2025-04-13,2025-04-14,208.0166,212.9095,200.9271,203.0596,91950105.91637631,3820887218.3763065
2025-04-12,2025-04-13,206.4456,210.1152,204.771,207.4031,94419164.80139373,3830345474.6445994
2025-04-11,2025-04-12,201.0284,206.6429,200.0818,206.6429,80296764.91986063,3739362302.163763
2025-04-10,2025-04-11,202.6563,205.1071,198.27,200.9119,100945372.5261324,3728211990.944251
2025-04-09,2025-04-10,194.1462,205.5544,192.3486,203.2465,115694844.12891985,3638744819.4076657
2025-04-08,2025-04-09,204.0526,208.0396,194.4234,194.5696,125644469.67944251,3749326102.097561
2025-04-07,2025-04-08,198.5302,204.6889,185.8293,203.7789,146477768.9403509,3646237194.336842
2025-04-06,2025-04-07,213.2591,215.6005,196.3126,198.5783,83613277.1358885,3871840384.2125435
2025-04-05,2025-04-06,215.1005,219.0451,211.5554,213.2375,98454629.56794424,3983439136.567944
2025-04-04,2025-04-05,214.6015,218.6233,212.8793,215.5269,121928390.60627177,3976698233.5261326
2025-04-03,2025-04-04,214.0734,217.4851,207.539,214.763,131732109.30662021,3929894691.714286
2025-04-02,2025-04-03,216.5426,222.2025,213.227,214.0196,112894709.87804878,4011977962.292683
2025-04-01,2025-04-02,215.1153,219.7723,215.1153,216.5714,94875233.26132405,4009844754.163763
2025-03-31,2025-04-01,218.1485,218.4668,214.0719,214.9508,78062667.18466899,3983609692.0174217
2025-03-30,2025-03-31,215.6016,219.1092,215.4147,218.0422,70381318.80487806,4001799492.7874565
2025-03-29,2025-03-30,217.7089,220.0096,213.1437,215.8297,81049583.67247386,3991357363.02439
2025-03-28,2025-03-29,224.8962,226.2003,215.3902,217.9551,91164744.77003485,4064305635.6655054
2025-03-27,2025-03-28,223.1656,225.0563,221.0592,224.5557,99241828.36933798,4122964828.9616723
2025-03-26,2025-03-27,220.0813,229.2485,220.0813,222.8553,117561438.64808363,4141552912.303136
2025-03-25,2025-03-26,219.4781,225.2846,218.822,219.659,104461985.28222996,4086138057.7770033
2025-03-24,2025-03-25,215.9025,222.019,215.9015,219.0777,81616522.14982578,4040738043.390244
2025-03-23,2025-03-24,214.6001,218.1848,214.6001,215.7506,63823882.257839724,3979712344.881533
2025-03-22,2025-03-23,213.6464,217.4878,213.1746,214.3603,84384959.56794424,3962480341.4808364
2025-03-21,2025-03-22,210.5523,214.2137,206.6987,212.9989,88450747.85365854,3885004408.770035
2025-03-20,2025-03-21,207.161,211.439,207.1172,210.2627,104444499.55052266,3867794637.8745646
2025-03-19,2025-03-20,208.8177,210.7256,204.7245,207.3973,87177702.91986063,3834345137.672474
2025-03-18,2025-03-19,211.8686,212.5096,205.3113,208.9475,84509021.95818815,3855809364.087108
2025-03-17,2025-03-18,209.669,212.478,208.5517,212.3262,78905745.76655053,3892937286.4076657
2025-03-16,2025-03-17,213.0215,214.4186,208.3475,209.0563,64972837.92334495,3899584554.554007
2025-03-15,2025-03-16,209.8797,212.9397,208.1155,212.9397,65845666.114982575,3881203537.5365853
2025-03-14,2025-03-15,206.683,211.2225,206.0771,209.7964,78998934.22648084,3841135004.9268293
2025-03-13,2025-03-14,208.7055,211.1596,205.1931,206.9677,77229206.54006968,3840032532.41115
2025-03-12,2025-03-13,212.5712,213.2032,204.882,208.7068,96133785.98954704,3841911207.919861
2025-03-11,2025-03-12,201.9276,213.661,197.118,212.1955,106468251.25783972,3785718479.2369337
2025-03-10,2025-03-11,211.1579,213.2203,197.5778,202.0156,104945965.06271777,3806426749.0731707
2025-03-09,2025-03-10,220.1693,221.1287,209.9841,210.7666,70021165.74912892,4016153154.944251
2025-03-08,2025-03-09,215.8398,227.6122,214.2307,219.9067,90347447.29616725,4034590958.3728223
2025-03-07,2025-03-08,229.3736,230.1383,216.3723,216.3723,112958132.4738676,4123132013.041812
2025-03-06,2025-03-07,228.6104,234.6698,224.7942,228.8597,120884925.20774648,4224422643.03169
2025-03-05,2025-03-06,225.0243,229.4616,223.4069,228.0809,125115490.56794424,4180800751.1916375
2025-03-04,2025-03-05,219.2733,224.6949,212.1589,224.3095,121624232.08362369,4002187536.4425087
2025-03-03,2025-03-04,229.2852,234.7511,216.017,219.6685,126735489.62020905,4217960335.0487804
2025-03-02,2025-03-03,223.7366,230.7071,222.5882,229.9724,94217581.70731707,4167456537.247387
2025-03-01,2025-03-02,217.7664,226.813,216.8325,223.7362,132045115.73170732,4075640754.919861
2025-02-28,2025-03-01,209.5642,218.2728,206.2533,217.3298,116708344.48083624,3901038832.860627
2025-02-27,2025-02-28,214.4514,216.4954,207.2208,209.3327,82838205.61324042,3926507423.174216
2025-02-26,2025-02-27,216.7752,224.7348,210.7675,213.8593,98101795.81533101,4019218155.379791
2025-02-25,2025-02-26,227.5513,231.4253,213.1666,216.6596,115644649.52961673,4084309541.933798
2025-02-24,2025-02-25,236.1432,237.665,227.0696,227.0696,83936669.73519164,4318463139.108014
2025-02-23,2025-02-24,234.8354,237.872,232.1512,236.5691,92727819.49825785,4326942310.28223
2025-02-22,2025-02-23,232.9696,237.3045,230.3956,234.7343,107501162.83928572,4304705273.964286
2025-02-21,2025-02-22,228.6891,238.4943,227.7189,234.0099,126214638.90592335,4305665469.390244
2025-02-20,2025-02-21,239.6396,239.6396,228.075,229.7433,120873690.4738676,4292999105.804878
2025-02-19,2025-02-20,235.7113,242.1269,233.8166,239.1734,118894014.34494774,4386143387.933798
2025-02-18,2025-02-19,238.825,239.1754,230.4127,236.5529,121122662.79442509,4320166332.728223
2025-02-17,2025-02-18,229.5076,238.7584,229.2353,238.7584,99382927.06968641,4313690754.310104
2025-02-16,2025-02-17,230.2391,235.2309,227.8531,229.5724,105211121.08362369,4267474545.414634
2025-02-15,2025-02-16,230.0608,237.3199,228.9342,230.7302,103339338.32752614,4309682174
2025-02-14,2025-02-15,224.8293,231.8827,224.8293,229.5202,85789960.88501742,4201551249.2578397
2025-02-13,2025-02-14,227.7955,228.8232,221.9689,224.6801,108241766.59930314,4157994553.0940766
2025-02-12,2025-02-13,223.6345,228.2237,219.4431,227.2941,104735368.60627177,4127234620.2996516
2025-02-11,2025-02-12,223.0979,227.4117,219.2223,223.3112,127854995.54355401,4103655330.1045294
2025-02-10,2025-02-11,220.7557,225.8252,219.2975,221.7708,113087402.78745645,4103447473.240418
2025-02-09,2025-02-10,213.8555,222.6621,213.8168,220.1596,92614395.79094076,4022834777.731707
2025-02-08,2025-02-09,206.393,219.681,205.8649,214.2429,155822830.0522648,3901309884.28223
2025-02-07,2025-02-08,222.6912,228.2689,194.6635,205.2569,125562663.45993032,4027443050.7770033
2025-02-06,2025-02-07,227.2366,238.7773,220.9519,222.4233,141688996.73519164,4200550105.268293
2025-02-05,2025-02-06,220.3322,228.6999,217.5192,226.3105,153169840.4216028,4114101007.804878
2025-02-04,2025-02-05,226.0798,234.7924,216.1972,220.4726,181847561.4250871,4181653318.5156794
2025-02-03,2025-02-04,220.9801,227.0725,195.5697,226.0426,249214623.16376308,3921673116.4390244
2025-02-02,2025-02-03,232.9762,239.5655,217.1886,220.2193,254100469.7142857,4203587795.4947734
2025-02-01,2025-02-02,238.1427,242.3393,232.609,234.0117,273652130.8292683,4378915195.247387
2025-01-31,2025-02-01,233.0096,239.7524,231.593,238.7722,178646079.2404181,4335869679.557491
2025-01-30,2025-01-31,222.2145,243.2391,221.8864,232.301,151414550.12891987,4240735507.916376
2025-01-29,2025-01-30,218.4502,225.7729,216.4644,222.0101,109827589.57491289,4086655472.898955
2025-01-28,2025-01-29,214.6081,225.3638,212.4721,218.2746,111949500.04529616,4047666878.247387
2025-01-27,2025-01-28,219.7913,224.2771,209.4045,214.348,108618820.83275262,3982381196.7038326
2025-01-26,2025-01-27,221.8477,226.1141,218.6197,218.6197,76522019.29965156,4107062610.825784
2025-01-25,2025-01-26,219.8218,223.0305,217.5094,221.361,99712521.17421603,4061078991.609756
2025-01-24,2025-01-25,220.9866,222.8614,213.5301,221.2967,122964850.01045296,4026250504.1149826
2025-01-23,2025-01-24,223.9598,226.8948,213.5196,221.6522,147286416.0696864,4059877112.3170733
2025-01-22,2025-01-23,215.6,223.8625,212.4347,223.8625,125448614.1010453,4028495466.432056
2025-01-21,2025-01-22,206.7871,219.4413,202.9363,214.7225,126284412.5261324,3870290148.121951
2025-01-20,2025-01-21,203.2752,213.9381,197.6498,208.0637,146257753.5574913,3840402559.919861
2025-01-19,2025-01-20,217.2451,223.43,201.1225,204.6094,125767569.95470384,3944421776.1324043
2025-01-18,2025-01-19,230.627,232.135,212.696,217.1783,149658259.41463414,4031363253.836237
2025-01-17,2025-01-18,221.4853,235.5114,217.9866,230.9836,142367408.58536586,4149595512.7212543
2025-01-16,2025-01-17,208.0719,221.7939,207.0169,221.7939,133275668.45296167,3942741746.954704
2025-01-15,2025-01-16,205.4608,210.4013,203.7432,208.5892,115700532.00348432,3826677411.097561
2025-01-14,2025-01-15,202.8513,209.7235,202.2143,205.5818,126234337.95470384,3798276289.8536587
2025-01-13,2025-01-14,201.0934,204.134,190.5797,202.505,114619406.90592335,3658572110.902439
2025-01-12,2025-01-13,198.2116,208.6144,195.1155,200.0943,73872326.95818815,3693525252.1114984
2025-01-11,2025-01-12,199.0508,199.1962,193.4782,197.7183,75978652.42857143,3626521902.3135886
2025-01-10,2025-01-11,190.2976,200.5877,189.1003,199.216,90183232.62369338,3601511871.0487804
2025-01-09,2025-01-10,200.3639,200.5711,189.1115,190.5134,130533522.98954704,3583205431.5923343
2025-01-08,2025-01-09,194.3093,201.6269,183.7429,201.6269,122380563.16724738,3579210740.9825783
2025-01-07,2025-01-08,202.7149,203.7235,194.2866,194.9327,113595875.06620209,3682972981.8292685
2025-01-06,2025-01-07,197.0519,204.0695,196.7129,202.5019,123840777.63286713,3715507818.0384617
2025-01-05,2025-01-06,193.9311,198.595,188.0252,196.8559,133132492.94425087,3593678952.9407663
2025-01-04,2025-01-05,201.2297,202.1876,193.2924,194.0676,112698800.27874565,3619505005.1463413
2025-01-03,2025-01-04,196.6351,206.2795,195.8839,201.2158,96967248.35191637,3708730671.815331
2025-01-02,2025-01-03,195.1227,197.0656,191.7105,196.9635,73964610.22996515,3589646809.641115
2025-01-01,2025-01-02,193.4801,196.361,191.7796,195.2153,69225301.48780487,3585940569.5400696
2024-12-31,2025-01-01,189.2217,197.0829,186.1992,193.5394,96585902.06620209,3533327151.9407663
2024-12-30,2024-12-31,192.6846,196.5438,183.3804,190.6967,89635368.42857143,3541082998.6794424
2024-12-29,2024-12-30,196.3307,197.3566,189.0799,192.5682,75736939.29268293,3586821070.5400696
2024-12-28,2024-12-29,192.6721,200.1451,192.6721,196.693,93100653.19512194,3640290237.101045
2024-12-27,2024-12-28,188.9213,195.422,187.4876,192.7026,101171798.61324042,3533291061.912892
2024-12-26,2024-12-27,191.3666,193.8267,187.8447,188.7789,126131931.71777004,3518400278.097561
2024-12-25,2024-12-26,189.6153,199.4425,189.2102,190.7473,125532280.50704226,3588456613.552817
2024-12-24,2024-12-25,190.7607,193.2445,184.6468,189.439,117479124.40418118,3478794430.9895473
2024-12-23,2024-12-24,190.4618,193.62,185.1116,190.604,133928449.43205576,3504186824.02439
2024-12-22,2024-12-23,182.9897,198.1693,181.3137,189.9016,180281498.4250871,3502195861.139373
2024-12-21,2024-12-22,197.204,197.2948,181.2646,183.2318,238231939.12543553,3511595524.878049
2024-12-20,2024-12-21,196.0813,202.7192,168.4526,197.0459,274299827,3510079491.773519
2024-12-19,2024-12-20,212.0791,215.7468,192.8685,196.0406,230099202.04181185,3831263355.219512
2024-12-18,2024-12-19,213.2455,224.0473,209.8287,212.9264,237399010.19512194,4017825946.8432055
2024-12-17,2024-12-18,211.2337,224.7382,208.8349,212.4109,226693522.7142857,4028805146.7665505
2024-12-16,2024-12-17,224.1049,231.6316,208.366,211.7559,244386590.89547038,4006443772.3310103
2024-12-15,2024-12-16,209.458,223.0845,206.6513,223.0845,184115739.61324042,3952611474.8501744
2024-12-14,2024-12-15,207.6965,220.2189,203.4215,209.4018,216991610.4250871,3888174517.055749
2024-12-13,2024-12-14,199.1606,214.2958,199.1606,207.2557,260845678.19163764,3804923962.898955
2024-12-12,2024-12-13,177.528,214.0559,177.5143,200.5159,258733621.85714287,3633168984.0696864
2024-12-11,2024-12-12,168.2456,177.1169,165.0533,176.0914,344502237.16376305,3154166759.7003484
2024-12-10,2024-12-11,165.8777,170.0043,160.5919,167.6062,484964184.815331,3069954513.1324043
2024-12-09,2024-12-10,220.7829,226.4028,157.1779,166.4459,319564181.72473866,3640627793.2229967
2024-12-08,2024-12-09,200.5815,224.8818,196.4395,222.6543,150915676.4738676,3741953341.2891984
2024-12-07,2024-12-08,198.6233,203.7211,193.8496,200.7598,173885491.26132405,3692711294.3623695
2024-12-06,2024-12-07,193.4732,204.8115,193.4732,197.8345,254910747.46503496,3679862361.9265733
2024-12-05,2024-12-06,198.2982,209.993,174.8804,193.3147,382660760.6958042,3589441956.8776226
2024-12-04,2024-12-05,206.3601,212.2422,188.2219,196.4607,513920043.70383275,3653521225.271777
2024-12-03,2024-12-04,164.2478,215.5275,160.1552,201.1497,437359421.77003485,3083456751.979094
2024-12-02,2024-12-03,154.4032,165.7804,153.2684,163.8132,291984203.0069686,2899503629.0522647
2024-12-01,2024-12-02,153.2199,154.515,153.1708,154.3194,226611982.56794426,2840741853.878049
2024-11-30,2024-12-01,152.7459,153.5671,152.2423,153.249,222280262.27874565,2817919272.2229967
2024-11-29,2024-11-30,152.5689,153.2804,151.1273,152.7517,226786729.56445992,2804813541.916376
2024-11-28,2024-11-29,151.9844,153.0999,151.4578,152.5197,245050433.9965157,2810036130.097561
2024-11-27,2024-11-28,153.7239,154.519,149.2586,152.0747,309086139.9094077,2806979491.7839723
2024-11-26,2024-11-27,151.6245,154.8347,149.8504,154.8347,254688253.9651568,2797459712.087108
2024-11-25,2024-11-26,153.2752,155.6575,151.5491,151.8318,235509678.2857143,2835591201.574913
2024-11-24,2024-11-25,153.6171,155.4761,151.9418,153.3774,230736183.7421603,2835424281.0592337
2024-11-23,2024-11-24,153.4813,154.6709,152.8654,153.4389,232910562.95470384,2837641039.759582
2024-11-22,2024-11-23,153.6033,153.7137,151.5759,153.4225,231321789.57142857,2819418478.327526
2024-11-21,2024-11-22,152.7465,153.9159,152.1898,153.5025,226379325.27272728,2824760770.374126
2024-11-20,2024-11-21,155.4402,155.4402,152.7856,152.7856,255188411.12195122,2833935570.9407663
2024-11-19,2024-11-20,151.6652,156.733,151.1367,154.5119,249432219.38675958,2822361775.240418
2024-11-18,2024-11-19,151.4288,153.5514,150.381,151.6537,243998615.40418118,2799187278.5923343
2024-11-17,2024-11-18,149.2175,151.7943,148.0873,151.4058,210178428.5121951,2753940654.9825783
2024-11-16,2024-11-17,146.0702,149.8946,146.0702,149.2545,228609284.7665505,2734638869.0487804
2024-11-15,2024-11-16,148.2539,149.0754,145.8355,146.0748,224550056.63066202,2722291325.641115
2024-11-14,2024-11-15,149.3666,149.4108,146.6833,147.9269,244238600.60627177,2727504214.804878
2024-11-13,2024-11-14,149.4593,150.1264,147.2149,149.1085,262044134.49825785,2744684252.404181
2024-11-12,2024-11-13,152.0391,153.4231,149.64,149.7811,258715650.9965157,2800133525.857143
2024-11-11,2024-11-12,152.5085,153.6521,151.6395,152.2111,228741694.1010453,2812183401.839721
2024-11-10,2024-11-11,152.3918,153.8073,152.1019,152.9165,194250635.13937283,2818969714.6864114
2024-11-09,2024-11-10,153.9309,153.9357,151.974,152.5189,195721979.3066202,2817924234.2090592
2024-11-08,2024-11-09,153.4819,154.7383,153.4819,153.9159,211390447.39372823,2839676294.108014
2024-11-07,2024-11-08,153.0466,155.321,152.9712,153.4353,215673650.14982578,2837963722.8222995
2024-11-06,2024-11-07,151.8121,154.116,151.5311,153.2033,220636882.57142857,2822637505.8641114
2024-11-05,2024-11-06,151.5978,153.1244,151.3365,151.3365,206560244.40069687,2805383064.264808
2024-11-04,2024-11-05,151.0505,152.3583,150.8472,151.5288,200389886.80487806,2795329280.2891984
2024-11-03,2024-11-04,150.1131,151.4812,149.9957,151.0895,200746690.68641114,2783674068.219512
2024-11-02,2024-11-03,151.3674,152.5583,149.7968,150.146,204813974.9303136,2786857802.7003484
2024-11-01,2024-11-02,150.792,152.3997,149.5139,151.3436,209826365.2160279,2780227335.8641114
2024-10-31,2024-11-01,152.8608,152.9062,150.5525,150.7853,200387257.57142857,2802462668.327526
2024-10-30,2024-10-31,153.0793,154.0877,152.6941,152.855,205223266.4738676,2829437798.4076657
2024-10-29,2024-10-30,153.0017,154.2246,152.9284,153.1866,205946831.5087108,2834707101.184669
2024-10-28,2024-10-29,152.3943,152.9948,151.911,152.9948,190165676.7944251,2809644943.470383
2024-10-27,2024-10-28,151.6095,152.7423,151.4198,152.332,187956203.44947734,2804030898.616725
2024-10-26,2024-10-27,151.102,151.8431,150.7354,151.64,193493572.4912892,2790174951.4843206
2024-10-25,2024-10-26,150.8791,157.0108,150.3804,150.9704,389594127.8815331,2787831077.2891984
2024-10-24,2024-10-25,150.4458,151.1127,150.0995,150.7807,186855577.41463414,2778416122.7456446
2024-10-23,2024-10-24,150.7634,150.9714,150.0496,150.4291,183178295.4738676,2775730880.9721255
2024-10-22,2024-10-23,150.5182,151.3199,150.2132,150.775,194631563.3205575,2782948474.878049
2024-10-21,2024-10-22,151.6412,152.0653,149.8659,150.426,186634961.1184669,2786574699.8432055
2024-10-20,2024-10-21,150.8701,151.6618,150.4896,151.6189,168268989.8989547,2782476173.9616723
2024-10-19,2024-10-20,152.1132,152.4106,150.8125,150.8958,186812584.35191637,2799091323.3728223
2024-10-18,2024-10-19,151.3102,153.1796,151.0719,152.2132,201507821.39721254,2801927687.0592337
2024-10-17,2024-10-18,151.0418,151.9482,150.3796,151.2588,203976753.65853658,2788797776.7212543
2024-10-16,2024-10-17,150.2191,152.1601,150.1761,150.8439,212949754.40069687,2785166686.1986065
2024-10-15,2024-10-16,151.405,151.7705,149.7456,150.2094,211259636.9965157,2784996134.139373
2024-10-14,2024-10-15,148.4932,151.4122,148.4521,151.3531,194615553.04181185,2768358128.7456446
2024-10-13,2024-10-14,149.1542,149.5566,148.4817,148.4882,183749017.9337979,2751637742.8536587
2024-10-12,2024-10-13,149.5021,150.2278,148.9733,149.0403,197304084.96167248,2761380702.4738674
2024-10-11,2024-10-12,150.1748,150.6163,149.1594,149.4838,211540448.22996515,2761285177.902439
2024-10-10,2024-10-11,148.0838,150.1943,147.9591,150.1675,201692278.34494773,2753096867.4947734
2024-10-09,2024-10-10,149.5131,151.1962,147.7874,148.085,208255197.78745645,2767028812.6794424
2024-10-08,2024-10-09,144.9996,150.1642,144.9126,149.5785,200874121.75609756,2704560238.139373
2024-10-07,2024-10-08,148.9492,149.2747,144.9963,145.0845,200217050.7770035,2714345503.1324043
2024-10-06,2024-10-07,150.3803,151.0404,148.7518,149.0564,191589664.38327527,2765898670.076655
2024-10-05,2024-10-06,149.5044,151.2172,149.3992,150.5106,197773016.5749129,2772453421.5818815
2024-10-04,2024-10-05,140.5637,150.0155,140.1445,149.3817,207420600.89198607,2624698717.2090592
2024-10-03,2024-10-04,138.4788,140.8205,137.19,140.5076,229184024.6933798,2568147768.243902
2024-10-02,2024-10-03,149.9703,151.7046,137.9727,138.5205,254680381.09407666,2685057337.749129
2024-10-01,2024-10-02,154.5132,154.7788,149.0877,149.8231,227932834.17421603,2813095995.02439
2024-09-30,2024-10-01,157.3717,157.4529,151.3071,154.5634,225055883.46689895,2829742124.707317
2024-09-29,2024-09-30,159.4014,159.4288,157.4459,157.4636,213197829.63414633,2922727025.675958
2024-09-28,2024-09-29,164.5903,164.9752,159.1391,159.4031,207694590.9163763,2991759980.0696864
2024-09-27,2024-09-28,164.6216,164.6224,163.8909,164.6062,213440891.2543554,3030889097.7770033
2024-09-26,2024-09-27,167.9768,168.109,164.397,164.5433,211410831.01045296,3077930113.923345
2024-09-25,2024-09-26,167.7318,169.3773,167.1339,167.8284,224885030.29616725,3100173249.2787457
2024-09-24,2024-09-25,172.8085,172.8706,167.0067,167.8377,228079395.49825785,3121088881.076655
2024-09-23,2024-09-24,176.3036,176.3582,172.8302,172.8697,216512509.4216028,3228486043.1707315
2024-09-22,2024-09-23,176.6146,176.6567,176.0303,176.3702,211674654.80487806,3254869000.630662
2024-09-21,2024-09-22,176.1747,177.0909,175.9065,176.6095,227936807.61324042,3257270548.174216
2024-09-20,2024-09-21,175.0454,177.0597,174.8472,176.13,246509681.29616725,3241354343.9407663
2024-09-19,2024-09-20,171.5499,175.7484,171.3637,174.8132,243762864.3379791,3190553534.303136
2024-09-18,2024-09-19,171.3518,172.2471,170.7849,171.5955,224256987.7456446,3165141396.1707315
2024-09-17,2024-09-18,171.261,171.439,170.7432,171.3828,226491282.22996515,3156171657.250871
2024-09-16,2024-09-17,171.3351,171.4966,170.612,171.2307,220080926.7317073,3157509939.5993032
2024-09-15,2024-09-16,168.8721,171.4488,168.8721,171.2312,208738004.10452962,3141624998.41115
2024-09-14,2024-09-15,170.607,170.8237,168.5152,168.8865,230806459.3728223,3137275699.6445994
2024-09-13,2024-09-14,168.853,170.9157,168.134,170.6194,220057112.90940768,3118277623.0104527
2024-09-12,2024-09-13,169.3836,169.9042,168.2232,168.9108,229762574.87108013,3112957318.5052266
2024-09-11,2024-09-12,167.935,169.5275,167.328,169.2996,223818507.91986063,3099472665.0487804
2024-09-10,2024-09-11,171.6282,171.8279,166.6103,167.9337,194307975.59930313,3134889198.749129
2024-09-09,2024-09-10,172.1186,173.4614,170.2911,171.5085,114148344.86666666,3170040671.4035087
2024-09-08,2024-09-09,167.8195,175.9118,167.8195,172.013,82986352.56794424,3167412389.5609756
2024-09-07,2024-09-08,165.2203,172.1582,162.681,167.2318,84403373.68989547,3076147676.3972125
2024-09-06,2024-09-07,172.6501,173.7545,164.7412,165.1469,85807142.58885017,3143208506.7839723
2024-09-05,2024-09-06,170.7792,176.2796,169.8918,172.4466,97957297.92334495,3191200841.428571
2024-09-04,2024-09-05,172.7376,174.9791,170.6735,170.7529,109570694.94425087,3199510906.794425
2024-09-03,2024-09-04,170.0067,175.3796,170.0067,173.0796,107771034.3554007,3190442371.7421603
2024-09-02,2024-09-03,169.2577,170.3571,167.1908,170.1528,104848742.09407665,3112207718.6480837
2024-09-01,2024-09-02,169.1931,171.1656,164.3483,169.6898,102233437.80487806,3086429962.2160277
2024-08-31,2024-09-01,168.3077,172.137,161.7384,168.5942,123777126.29616725,3114213187.5609756
2024-08-30,2024-08-31,161.8205,168.2777,160.9351,168.2777,99176805.90940766,3036045052.2125435
2024-08-29,2024-08-30,158.2968,166.5317,156.5031,162.3858,88461480.79094076,2961328285.508711
2024-08-28,2024-08-29,156.4871,160.3868,154.1522,158.256,106545038.55052266,2910270415.0139375
2024-08-27,2024-08-28,166.4085,167.9476,155.9637,155.9637,98423121.83972125,2996776205.3310103
2024-08-26,2024-08-27,167.5165,167.8224,163.0482,166.7431,87424975.03832753,3053796299.12892
2024-08-25,2024-08-26,169.4621,171.5701,166.0722,166.6672,98983573.91289198,3117374220.404181
2024-08-24,2024-08-25,173.0015,176.0016,167.8665,169.6188,115525367.58188154,3184078764.7874565
2024-08-23,2024-08-24,168.5084,173.0882,163.2965,172.9233,108483772.01048951,3108577532.444056
2024-08-22,2024-08-23,161.9716,169.651,160.395,168.7246,87531179.53658536,3024191655.2752614
2024-08-21,2024-08-22,160.3929,162.572,157.2675,161.9262,91753301.22996515,2946050296.327526
2024-08-20,2024-08-21,155.2076,161.2181,154.6002,159.5004,103163381.27874565,2921226177.5365853
2024-08-19,2024-08-20,151.4445,157.0483,150.6607,155.4045,84784433.37630662,2833997790.634146
2024-08-18,2024-08-19,151.0453,152.3133,150.473,151.6383,49131686.846689895,2791155858.4808364
2024-08-17,2024-08-18,149.1597,150.8997,149.1448,150.8667,48615749.97909407,2767738050.571429
2024-08-16,2024-08-17,149.747,150.5643,148.8036,149.2999,60362238.519163765,2765699630.7839723
2024-08-15,2024-08-16,151.6163,153.625,148.4875,149.6669,63581842.56794425,2782590840.4634147
2024-08-14,2024-08-15,148.1235,152.3442,148.1147,151.4784,64615206.98606272,2774892246.902439
2024-08-13,2024-08-14,150.8299,151.3401,147.9089,148.1081,70061521.70034844,2769234315.672474
2024-08-12,2024-08-13,149.708,151.0207,148.6217,150.9183,67201518.39372823,2767682030.7770033
2024-08-11,2024-08-12,151.1933,152.0418,149.1164,149.6228,57658589.75609756,2779616373.062718
2024-08-10,2024-08-11,153.1736,153.4647,148.627,150.9456,69052278.65505226,2789055500.756098
2024-08-09,2024-08-10,158.5726,159.1806,152.9038,153.3829,89224104.40418118,2878801264.714286
2024-08-08,2024-08-09,146.4148,159.3325,145.9678,158.5564,91290741.71777004,2815632067.0940766
2024-08-07,2024-08-08,148.1651,153,144.3536,146.379,102921089.89198606,2758588532.097561
2024-08-06,2024-08-07,146.4236,151.4998,146.4236,147.7944,156454265.60627177,2755514728.7665505
2024-08-05,2024-08-06,150.3445,153.5499,137.1231,145.8782,199312912.53658536,2677445415.4982576
2024-08-04,2024-08-05,148.6283,153.9667,145.3437,150.2601,316537200.16027874,2783630786.2891984
2024-08-03,2024-08-04,158.0244,161.2419,142.8279,149.3743,161969169.29268292,2890249542.8466897
2024-08-02,2024-08-03,156.6108,164.5225,155.7155,158.1823,157177382.12543553,2946484478.8327527
2024-08-01,2024-08-02,157.9364,158.7812,150.4715,156.8576,109965042.33101045,2874061131.965157
2024-07-31,2024-08-01,158.0188,161.0545,155.9181,157.8975,119080664.67247386,2935727079.69338
2024-07-30,2024-07-31,161.3442,164.7514,156.592,157.7182,96949402.1533101,2951848277.0696864
2024-07-29,2024-07-30,164.6832,165.6718,161.3632,161.4347,88362144.93379791,3023966284.4006968
2024-07-28,2024-07-29,162.0601,164.9286,160.106,164.4328,90884613.10801394,3001173504.229965
2024-07-27,2024-07-28,161.7505,165.2546,161.2401,162.78,118355921.85017422,3012584127.3519163
2024-07-26,2024-07-27,163.2986,174.8591,161.2257,161.8806,168469468.22648084,3048006080.7108016
2024-07-25,2024-07-26,160.202,162.6189,152.5147,162.6189,105055176.21602787,2888046090.1498256
2024-07-24,2024-07-25,161.089,164.0954,159.5864,160.1036,111845544.62020905,2978510196.780488
2024-07-23,2024-07-24,160.8177,161.9782,157.7914,161.0121,140476742.72125435,2953968644.6132402
2024-07-22,2024-07-23,164.8088,165.1368,160.0967,161.3566,136915606.1017544,3004789053.568421
2024-07-21,2024-07-22,163.3298,164.7481,162.1094,164.3972,92581420.39721255,3016419788.69338
2024-07-20,2024-07-21,161.4064,164.5291,161.3589,163.2224,92813434.78397213,3005270180.121951
2024-07-19,2024-07-20,160.9332,163.0929,158.5202,161.3876,85738222.84320557,2957963484.97561
2024-07-18,2024-07-19,160.4859,161.6848,160.0686,161.1043,89464518.91289198,2968169444.247387
2024-07-17,2024-07-18,162.4415,164.1497,159.2437,160.4356,105772736.51219513,2980827604.0034842
2024-07-16,2024-07-17,159.3814,163.6893,157.742,161.9998,106884157.01045296,2965097356.616725
2024-07-15,2024-07-16,160.1281,161.6048,157.7042,158.6395,92355226.93379791,2941593128.5400696
2024-07-14,2024-07-15,157.4175,159.983,155.5874,159.983,70885412.99651568,2903852752.7630663
2024-07-13,2024-07-14,159.6757,162.3459,156.9089,157.5626,79810281.82229964,2946507804.3414636
2024-07-12,2024-07-13,158.5121,159.9871,157.4075,159.6935,91419516.20209059,2933477836.9721255
2024-07-11,2024-07-12,155.9585,159.4645,155.5853,158.5894,85858401.74125874,2919416718.881119
2024-07-10,2024-07-11,155.4717,158.6699,153.3834,156.0601,91838142.61672474,2867815905.1324043
2024-07-09,2024-07-10,154.7284,155.5604,153.2235,155.4878,107382524.77003485,2853549189.9895473
2024-07-08,2024-07-09,149.8236,155.2804,145.2024,154.2226,79827948.15679443,2801132070.965157
2024-07-07,2024-07-08,158.2465,159.6174,150.0172,150.0172,60280290.62020906,2864645811.69338
2024-07-06,2024-07-07,155.5631,158.7595,154.0376,158.63,77830028.87108015,2890409499.43554
2024-07-05,2024-07-06,155.075,155.9697,134.0352,155.4597,94309403.93031359,2732253773.759582
2024-07-04,2024-07-05,166.1524,166.1524,155.3491,156.7495,73097130.00696865,2948472327.8118467
2024-07-03,2024-07-04,168.4157,170.3382,165.0497,165.3049,62677495.101045296,3081743063.4425087
2024-07-02,2024-07-03,167.9672,170.2071,167.3183,168.2935,67510381.85017422,3113461694.083624
2024-07-01,2024-07-02,168.0212,172.821,167.2756,168.1191,70389385.8641115,3136404663.6864114
2024-06-30,2024-07-01,165.248,169.1392,165.0275,167.8088,51674223.421602786,3087476445.9825783
2024-06-29,2024-06-30,167.6979,167.8533,165.0758,165.1445,59272428.36585366,3070598903.916376
2024-06-28,2024-06-29,165.9146,168.2372,165.6587,167.5863,56177317.83623693,3076701420.9825783
2024-06-27,2024-06-28,164.445,166.7732,163.9843,165.6751,50967493.139372826,3049322501.533101
2024-06-26,2024-06-27,162.0068,165.78,162.0068,164.0312,56425394.773519166,3037871325.3344946
2024-06-25,2024-06-26,159.3742,164.6642,158.8946,162.6919,76989938.30662021,2995455504.9721255
2024-06-24,2024-06-25,163.8887,167.1648,156.5227,159.0011,66104380.958188154,2984975743.8501744
2024-06-23,2024-06-24,166.5319,167.905,161.7661,164.1483,42671014.72473867,3043553854.3763065
2024-06-22,2024-06-23,160.9544,167.4603,160.9544,166.4177,66833154.958188154,3020428971.3623695
2024-06-21,2024-06-22,169.2651,172.0925,158.6076,160.2722,70628374.56445993,3059263160.2125435
2024-06-20,2024-06-21,168.2632,171.8454,167.2701,169.4886,65340521.271777004,3119409761.456446
2024-06-19,2024-06-20,170.1915,171.7629,166.9557,168.2039,86858118.52264808,3122302036.87108
2024-06-18,2024-06-19,173.5544,173.8709,166.6386,169.4917,97591353.07665505,3151980814.818815
2024-06-17,2024-06-18,176.5317,177.5292,171.2199,173.8321,72848718.5087108,3217915796.7038326
2024-06-16,2024-06-17,175.6792,177.3721,172.344,176.7379,71384102.19163764,3223070333.4843206
2024-06-15,2024-06-16,170.3849,177.2521,169.1882,176.908,87052964.37630662,3168498880.292683
2024-06-14,2024-06-15,171.1401,176.2245,164.7962,170.4125,111520938.44947734,3157204197.229965
2024-06-13,2024-06-14,179.5172,180.2837,171.5418,171.746,126838969.35191637,3236305122.1254354
2024-06-12,2024-06-13,174.8866,181.2638,173.7614,180.5086,151404221.62369338,3275752129.749129
2024-06-11,2024-06-12,178.5545,179.9248,167.9918,174.0177,175744715.4947735,3224033716.2891984
2024-06-10,2024-06-11,173.8144,180.6108,173.8144,178.4636,158414454.16027874,3276310747.205575
2024-06-09,2024-06-10,169.2525,174.84,166.62,173.7436,122881794.271777,3144860989.923345
2024-06-08,2024-06-09,155.0408,168.7812,155.0408,168.7812,105156919.86062717,3022295688.261324
2024-06-07,2024-06-08,164.8356,173.9867,154.195,154.2681,90849788.52264808,3053005223.1463413
2024-06-06,2024-06-07,162.9913,166.0787,162.5191,165.3961,75735280.38675958,3021229750.2160277
2024-06-05,2024-06-06,160.1299,165.1058,159.26,163.208,78766699.45296167,2996929716.8675957
2024-06-04,2024-06-05,155.6452,160.1964,155.0185,160.1472,80815311.56097561,2905251243.4181185
2024-06-03,2024-06-04,153.1367,157.9735,152.0107,155.1139,75287877.65853658,2852825745.2125435
2024-06-02,2024-06-03,149.289,153.1201,149.289,153.1123,56711785.571428575,2799565732.881533
2024-06-01,2024-06-02,148.7683,151.223,147.3243,149.3511,67370044.37630662,2754424115.752613
2024-05-31,2024-06-01,146.3209,149.2964,143.983,148.9549,85847956.4076655,2701218022.0383277
2024-05-30,2024-05-31,140.7616,147.0814,140.6811,146.3569,74154583.43902439,2663853367.142857
2024-05-29,2024-05-30,141.8651,143.8124,138.489,140.9023,65208764.16376307,2617698233.369338
2024-05-28,2024-05-29,142.0263,144.6157,141.4411,142.351,66577087.041811846,2636078202.857143
2024-05-27,2024-05-28,142.2683,144.4572,141.6113,141.9404,55324516.153310105,2637254742.8954706
2024-05-26,2024-05-27,141.9108,144.1152,141.3383,142.7937,47459245.17770035,2633506699.108014
2024-05-25,2024-05-26,141.3266,142.8388,141.1986,141.9357,55540645.18118467,2617858462.9407663
2024-05-24,2024-05-25,139.5257,144.1104,139.0333,141.3786,83181415.95470384,2611257761.4634147
2024-05-23,2024-05-24,139.3409,141.952,137.9586,139.2114,64795210.52264808,2579767692.8292685
2024-05-22,2024-05-23,136.8298,140.1535,136.4336,139.0888,85468592.67247386,2552380214.080139
2024-05-21,2024-05-22,135.9536,142.2198,134.3775,136.667,87167254.46341464,2548685411.243902
2024-05-20,2024-05-21,136.0727,137.9482,135.5798,135.8183,45112128.094076656,2518231064.9512196
2024-05-19,2024-05-20,137.2433,137.57,135.7252,135.8893,42401278.89547038,2520525678.9059234
2024-05-18,2024-05-19,134.6837,138.4576,134.3542,137.2098,50008637.82926829,2516000726.512195
2024-05-17,2024-05-18,134.032,135.3754,132.7202,134.7158,54721237.31010453,2476605985.522648
2024-05-16,2024-05-17,134.4598,135.2624,130.3442,133.786,56209265.66550522,2458809411.714286
2024-05-15,2024-05-16,132.0042,137.0425,130.7928,134.4828,53206606.951219514,2457172010.8850174
2024-05-14,2024-05-15,136.4021,136.7861,131.8059,131.8059,59058237.26829268,2472275507.087108
2024-05-13,2024-05-14,133.0812,137.6001,130.6684,136.5708,53926821.452961676,2478000772.261324
2024-05-12,2024-05-13,131.9878,134.3964,131.9878,132.7639,43698752.50174216,2457397338.0104527
2024-05-11,2024-05-12,132.725,133.1353,129.0863,131.7871,54454201.77003484,2425248323.4076657
2024-05-10,2024-05-11,131.8212,133.906,131.1765,132.6005,68358212.97909407,2443542504.2961674
2024-05-09,2024-05-10,130.6395,133.9166,127.8178,132.0003,63967836.81533101,2419297512.477352
2024-05-08,2024-05-09,127.5579,130.6163,127.082,130.5685,64721810.264808364,2370439654.9895473
2024-05-07,2024-05-08,130.21,132.6013,126.6603,127.4227,64971665.212543555,2396860750.7979093
2024-05-06,2024-05-07,134.4696,134.4696,129.205,130.282,87728038.06620209,2428733023.2961674
2024-05-05,2024-05-06,123.686,134.3028,123.313,134.3028,88263875.55400696,2347179155.5365853
2024-05-04,2024-05-05,125.4799,129.5789,122.7606,123.4894,82971146.46341464,2302083898.285714
2024-05-03,2024-05-04,123.1769,126.3401,121.9187,124.8766,69598505.08013937,2279954831.3414636
2024-05-02,2024-05-03,123.9987,125.7886,120.3983,123.2758,74337675.32752614,2276348479.264808
2024-05-01,2024-05-02,119.9124,123.313,116.3947,123.2513,74184673.79442509,2211713681.285714
2024-04-30,2024-05-01,128.6712,131.185,117.8416,119.4045,89790745.80139373,2265928833.630662
2024-04-29,2024-04-30,126.5941,129.3422,122.5698,128.7137,89628277.4076655,2306432934.02439
2024-04-28,2024-04-29,122.7254,129.7036,121.7016,126.4757,77985402.32752614,2296708245.522648
2024-04-27,2024-04-28,119.9396,122.9798,118.2255,122.7906,64813849.79094077,2216069942.205575
2024-04-26,2024-04-27,120.3654,122.3811,119.1599,120.3926,60954775.14285714,2224261915.477352
2024-04-25,2024-04-26,119.101,121.4527,117.1094,119.9376,62287824.9825784,2196250802.5365853
2024-04-24,2024-04-25,121.5913,122.1762,118.4693,118.6927,60501714.14285714,2226356652.958188
2024-04-23,2024-04-24,121.2986,123.9659,120.2526,121.3818,69724107.20905924,2250624092.595819
2024-04-22,2024-04-23,119.394,123.7627,119.0356,121.2036,67491498.90243903,2230108810.944251
2024-04-21,2024-04-22,121.1436,125.0662,116.0218,118.8832,70058539.53658536,2212862729.1498256
2024-04-20,2024-04-21,117.2385,121.5809,116.7151,121.5809,66994347.82229965,2180513365.5470386
2024-04-19,2024-04-20,116.3084,121.6401,110.9387,117.0953,79470232,2163053456.9615383
2024-04-18,2024-04-19,118.163,119.0671,113.1264,116.3251,86477491.4770318,2144639051.7102473
2024-04-17,2024-04-18,121.4168,125.0371,116.6858,117.3153,80167210.74216028,2238154552.651568
2024-04-16,2024-04-17,123.5021,123.9018,114.5177,122.4431,76525077.82578397,2214818263.487805
2024-04-15,2024-04-16,121.2265,127.1918,117.7302,123.3788,78805380.42160279,2250956449.752613
2024-04-14,2024-04-15,115.4368,122.7423,113.6692,121.7972,100621578.77003485,2189561441.2125435
2024-04-13,2024-04-14,122.8909,128.5483,105.8233,115.8438,88040288.18815331,2256551372.9965158
2024-04-12,2024-04-13,133.4448,134.8069,117.4168,123.2763,60825522.780487806,2407856463.8222995
2024-04-11,2024-04-12,133.4363,136.4087,132.1296,133.3966,63678669.06271777,2459106685.6585364
2024-04-10,2024-04-11,133.3972,137.6573,130.564,133.7887,68203622.52797203,2461343413.6328673
2024-04-09,2024-04-10,137.7888,140.3363,130.6807,133.4725,87567986.43205576,2495390369.9303136
2024-04-08,2024-04-09,131.2414,137.4887,130.5151,137.4887,64634152.06620209,2456662213.4808364
2024-04-07,2024-04-08,131.9847,135.2101,129.0531,131.3807,55751214.087108016,2432075859.076655
2024-04-06,2024-04-07,126.7108,132.7073,126.7108,131.9886,59820981.81533101,2406699649.6620207
2024-04-05,2024-04-06,131.717,132.2048,125.3871,126.9584,79628913.70731707,2376293881.390244
2024-04-04,2024-04-05,128.7922,131.9373,127.5764,131.6996,94614995.61403508,2391361016.4140353
2024-04-03,2024-04-04,122.082,129.6355,120.5289,128.8129,82391696.1358885,2288295272.543554
2024-04-02,2024-04-03,122.481,122.9294,116.4234,122.082,85006602.80139373,2212360098.630662
2024-04-01,2024-04-02,127.6801,128.3298,119.7503,122.6745,75795767.71428572,2279625481.327526
2024-03-31,2024-04-01,128.8019,129.5033,126.9776,127.6061,68455094.47735192,2362159448.087108
2024-03-30,2024-03-31,131.9893,133.065,126.8568,128.9868,77783254.31707317,2410352411.728223
2024-03-29,2024-03-30,133.9892,137.0301,129.4457,132.4081,67956038.92657343,2466961944.178322
2024-03-28,2024-03-29,138.1396,139.6314,134.1322,134.2757,85174930.41958041,2518202435.0104895
2024-03-27,2024-03-28,134.8443,141.1184,134.2057,138.064,114429713.86759582,2526516690.9721255
2024-03-26,2024-03-27,142.4059,143.2122,133.574,135.1361,94108164.37630662,2567818142.7247386
2024-03-25,2024-03-26,141.9457,142.9736,140.3231,142.0523,72440374.20905924,2610536402.794425
2024-03-24,2024-03-25,139.3352,143.2756,139.3352,142.1697,80146529.75609756,2608744747.1324043
2024-03-23,2024-03-24,133.548,139.3224,132.3972,139.2954,74145883.03832753,2512954705.243902
2024-03-22,2024-03-23,138.0454,140.2229,130.851,133.6288,90848949.45804195,2506041512.3706293
2024-03-21,2024-03-22,139.4495,143.1151,137.8193,138.2333,102574471.75958188,2588656879.4808364
2024-03-20,2024-03-21,132.799,142.4438,128.7255,139.4489,105139918.83623694,2515436620.815331
2024-03-19,2024-03-20,140.1865,140.5449,129.0208,133.1909,97359367.79094076,2482508278.2229967
2024-03-18,2024-03-19,141.2191,141.2305,137.0005,140.6085,95859870.35888502,2566963744.6445994
2024-03-17,2024-03-18,139.0999,144.7937,137.1481,142.0924,92369648.08710802,2603593482.731707
2024-03-16,2024-03-17,142.1027,147.6515,134.4023,138.4938,99796915.8466899,2622732893.268293
2024-03-15,2024-03-16,147.6438,148.0031,138.8626,141.9315,120433082.15034965,2625444131.8671327
2024-03-14,2024-03-15,150.4349,151.6242,142.0227,147.3195,122263769.79790941,2727795084.369338
2024-03-13,2024-03-14,145.8447,150.5723,145.7479,149.995,108610744.97212544,2710980576.567944
2024-03-12,2024-03-13,146.3885,148.2386,144.2288,146.333,118193400.28222996,2687181875.0139375
2024-03-11,2024-03-12,146.5518,147.357,143.991,146.314,101595910.27874565,2680817118.1045294
2024-03-10,2024-03-11,144.7713,148.2697,144.3199,146.8339,82504048.68989547,2693875589.543554
2024-03-09,2024-03-10,147.4896,148.5041,144.6791,145.0611,101340598.78397213,2700588313.3205576
2024-03-08,2024-03-09,144.335,150.6826,143.6184,147.6827,115341119.4738676,2712777562.780488
2024-03-07,2024-03-08,142.7124,148.0454,139.1852,144.4198,132167645.89198606,2655202103.9477353
2024-03-06,2024-03-07,142.0863,150.5033,139.1539,142.8312,148017597.60278746,2662630794.2961674
2024-03-05,2024-03-06,149.3506,150.0688,136.0529,142.0617,139527491.72280702,2697072951.4982457
2024-03-04,2024-03-05,149.7453,150.3468,143.7779,149.1079,118399990.63066202,2709491245.567944
2024-03-03,2024-03-04,141.379,150.6179,140.8256,150.4399,107143841.8466899,2686914999.1707315
2024-03-02,2024-03-03,140.0644,140.9207,137.6238,140.9207,119282380.32055749,2561893932.020906
2024-03-01,2024-03-02,135.1886,141.1874,134.582,140.1065,114378876.94773519,2521317216.2996516
2024-02-29,2024-03-01,132.3726,136.8883,131.8742,135.0243,134002892.69337979,2478874995.9094076
2024-02-28,2024-02-29,134.4091,137.6715,131.9306,132.6084,118808736.66898955,2476372549.958188
2024-02-27,2024-02-28,131.0736,136.8858,130.5448,133.9292,138764406.9303136,2443406318.9930315
2024-02-26,2024-02-27,128.9525,130.0071,125.7745,130.0071,330551614.902439,2363231244.9407663
2024-02-25,2024-02-26,125.6413,129.2061,123.918,129.1407,167221152.2682927,2318328119.271777
2024-02-24,2024-02-25,119.9412,125.6671,119.1611,125.5749,135038507.75609756,2255684877.8327527
2024-02-23,2024-02-24,122.7099,122.7364,119.0514,120.0343,142339067.90592334,2227102655.9686413
2024-02-22,2024-02-23,121.3714,125.7216,121.0376,122.9306,126426481.62020905,2263447555.083624
2024-02-21,2024-02-22,123.7667,124.9923,117.1421,121.1059,123721701.6097561,2218610845.2020907
2024-02-20,2024-02-21,112.8011,124.2579,112.4795,123.5163,197341909.7142857,2199123213.4738674
2024-02-19,2024-02-20,122.3645,123.0736,110.3006,113.2201,131963168.1358885,2183855741.965157
2024-02-18,2024-02-19,121.3353,123.2483,119.0586,122.3521,92397152.67944251,2225129943.6794424
2024-02-17,2024-02-18,122.735,122.735,118.9483,120.769,113438203.36585365,2211160610.878049
2024-02-16,2024-02-17,126.4898,128.5783,120.6359,122.8226,146723976.46689895,2302391110.226481
2024-02-15,2024-02-16,128.6237,129.0276,124.7677,125.8809,155802043.6620209,2335077310.6585364
2024-02-14,2024-02-15,127.7333,131.1609,126.7341,127.7632,175411990.09059232,2364295419.8675957
2024-02-13,2024-02-14,127.384,128.5179,123.4106,127.8023,230636162.88850173,2308974180.184669
2024-02-12,2024-02-13,121.0597,127.9415,118.7368,126.6199,182516915.95470384,2245979913.087108
2024-02-11,2024-02-12,119.6378,123.2504,117.7246,120.7948,202104123.09756097,2218013873.0069685
2024-02-10,2024-02-11,122.2188,123.657,115.8897,119.4143,239352648.11149827,2207571804.878049
2024-02-09,2024-02-10,127.4077,128.5939,120.2827,122.5371,369231398.3066202,2278765109.3937283
2024-02-08,2024-02-09,130.555,132.4247,118.7652,128.149,700535290.1881533,2297835677.3867598
2024-02-07,2024-02-08,104.2872,134.5424,104.2872,130.4568,1648231791.5017421,2303031063.6829267
2024-02-06,2024-02-07,164.6207,166.346,101.4138,105.0406,462613757.3066202,2471014796.2020907
2024-02-05,2024-02-06,166.0812,167.7145,163.3686,165.1889,86404150.65853658,3042915887.9059234
2024-02-04,2024-02-05,165.0449,167.4122,164.8678,165.7878,87408009.63414635,3051828419.3972125
2024-02-03,2024-02-04,168.7179,169.4944,162.4237,164.8902,101085496.99303135,3073311931.7665505
2024-02-02,2024-02-03,165.6315,170.3659,165.5341,168.2358,122618378.96167247,3083605388.379791
2024-02-01,2024-02-02,164.1983,168.7912,163.9739,166.4166,155444596.07665506,3067289199.1498256
2024-01-31,2024-02-01,159.9319,166.1809,158.52,164.8598,138597277.0487805,2994085697.707317
2024-01-30,2024-01-31,167.6825,171.5969,159.9909,160.0775,148583817.41811848,3033971876.30662
2024-01-29,2024-01-30,160.0256,169.2161,159.75,167.9245,104342894.80139373,3022527166.2090592
2024-01-28,2024-01-29,159.8681,161.8613,158.9623,160.5373,77557562.15679443,2949713613.773519
2024-01-27,2024-01-28,159.5549,161.4813,157.489,160.1446,98823678.21602787,2935674298.0278745
2024-01-26,2024-01-27,157.4584,161.6841,156.1626,159.2914,112579984.32055749,2912829774.12892
2024-01-25,2024-01-26,152.5305,157.5598,152.0736,157.4685,99127847.31010453,2856068720.101045
2024-01-24,2024-01-25,150.1745,155.3143,149.1509,152.6426,110302638.55400696,2798766224.2369337
2024-01-23,2024-01-24,151.3022,154.2239,146.7201,150.1471,128576695.41463415,2764132794.550523
2024-01-22,2024-01-23,157.8441,159.8132,149.9663,150.2608,139077506.90243903,2853036989.714286
2024-01-21,2024-01-22,156.5204,161.9489,155.6431,157.9937,122254879,2913664088.4982576
2024-01-20,2024-01-21,157.5875,158.8351,156.0408,156.5896,123021696,2888332166.2752614
2024-01-19,2024-01-20,153.2114,158.2412,150.1846,157.6744,130227040.52961673,2819359617.6236935
2024-01-18,2024-01-19,157.9759,162.3402,152.0391,152.9974,149884714.7665505,2883132794.585366
2024-01-17,2024-01-18,157.1616,159.7618,155.778,157.638,133127162.95470384,2899746673.752613
2024-01-16,2024-01-17,157.796,159.5224,154.0476,157.2044,144983390.33101046,2885513603.567944
2024-01-15,2024-01-16,154.4079,158.2011,153.7239,157.1306,126300291.72125435,2861501242.550523
2024-01-14,2024-01-15,154.9616,159.1858,153.6914,154.0005,116525303.45993032,2888115280.728223
2024-01-13,2024-01-14,152.1408,155.8303,148.8269,155.2124,158720360.01045296,2813778581.1533103
2024-01-12,2024-01-13,152.5109,160.5993,149.7698,151.6149,192667987.2020906,2846962106.8118467
2024-01-11,2024-01-12,149.3372,154.5531,148.9196,152.5801,184412402.9303136,2793142588.5052266
2024-01-10,2024-01-11,144.4705,151.2327,144.2256,149.0868,150050212.26132405,2723232148.261324
2024-01-09,2024-01-10,147.8892,148.6488,143.3619,144.6732,179287870.5226481,2701268959.8432055
2024-01-08,2024-01-09,147.4058,154.1998,145.0357,148.3313,152748867.10801393,2764244474.101045
2024-01-07,2024-01-08,152.618,155.0096,145.756,146.718,123928807.45644599,2790634014.5923343
2024-01-06,2024-01-07,155.1848,158.4027,150.4327,152.4469,173376671.2369338,2832103817.9860625
2024-01-05,2024-01-06,164.1601,164.5598,153.9851,155.5452,207177229.7108014,2926994170.7630663
2024-01-04,2024-01-05,154.5274,164.4957,150.4743,164.2636,209606532.5226481,2907364183.4738674
2024-01-03,2024-01-04,166.9644,169.3761,152.1201,154.4661,175799182.271777,2980021304.902439
2024-01-02,2024-01-03,169.0931,173.6526,167.2397,167.8124,139067841.15679443,3127789269.979094
2024-01-01,2024-01-02,165.6746,169.0399,163.6299,169.0399,98755228.74912892,3047822782.477352
2023-12-31,2024-01-01,165.8296,167.7567,164.0134,164.9948,112371068.89198606,3048097646.261324
2023-12-30,2023-12-31,165.701,168.7343,162.5885,165.7422,181940203.9860627,3031640434.219512
2023-12-29,2023-12-30,174.4106,175.7343,162.5662,166.3226,182669020.64111498,3125050715.839721
2023-12-28,2023-12-29,175.1211,179.6897,172.3896,174.3075,171923738.63066202,3228996586.529617
2023-12-27,2023-12-28,173.6419,175.7155,172.4396,174.8652,130209189.82229964,3198073380.6132402
2023-12-26,2023-12-27,173.9346,175.8889,171.0486,173.6512,115137382.40069686,3197073907.6655054
2023-12-25,2023-12-26,171.0123,174.2103,170.3527,174.0319,117947364.75958188,3175333792.3379793
2023-12-24,2023-12-25,177.897,178.2838,170.8337,171.2662,114861444.93379791,3225378413.69338
2023-12-23,2023-12-24,176.4964,178.1093,174.5982,177.8335,135074936.0209059,3233806831.3867598
2023-12-22,2023-12-23,173.2008,176.4998,171.2736,176.4998,137022322.09756097,3183713735.595819
2023-12-21,2023-12-22,174.104,175.5224,172.2675,172.7592,135023733.1533101,3193929648.139373
2023-12-20,2023-12-21,170.7211,174.3564,170.7211,174.188,134186594.7804878,3179510229.9059234
2023-12-19,2023-12-20,173.0001,175.3047,167.9117,170.1543,160033401.3066202,3155290194.160279
2023-12-18,2023-12-19,167.4197,173.2959,166.1847,173.2959,137723837.18118468,3118011500.285714
2023-12-17,2023-12-18,167.6093,169.2284,166.7332,167.0786,110611224.90940766,3083562572.8641114
2023-12-16,2023-12-17,168.2894,170.895,167.1345,167.9596,128922293.82229964,3110976860.512195
2023-12-15,2023-12-16,167.9022,171.519,167.599,168.0278,139277028.63763067,3107152555.87108
2023-12-14,2023-12-15,168.3752,168.8844,165.8838,167.7209,131731642.93728223,3084157608.8954706
2023-12-13,2023-12-14,170.2598,170.3201,166.6672,168.6104,141765325.77622378,3092325925.716783
2023-12-12,2023-12-13,171.2682,172.6132,167.9239,170.3013,155258738.07317072,3137466474.449477
2023-12-11,2023-12-12,175.5779,176.0012,164.7454,171.1441,153291948.67957747,3127602776.556338
2023-12-10,2023-12-11,174.9084,178.0652,174.4098,175.3098,124684190.08710802,3239185350.268293
2023-12-09,2023-12-10,174.084,176.4823,173.881,174.5925,142342730.9303136,3219602519.7456446
2023-12-08,2023-12-09,172.5247,175.0644,171.9955,174.0547,152250143.22996515,3183794222.898955
2023-12-07,2023-12-08,169.9207,176.3121,169.8838,172.6768,144146605.15679443,3191196718.425087
2023-12-06,2023-12-07,170.9076,173.4872,169.985,170.1862,149525801.8641115,3150254810.965157
2023-12-05,2023-12-06,169.6917,171.6967,167.7206,170.7128,146179014.98954704,3115437281.773519
2023-12-04,2023-12-05,171.4902,173.1072,166.6233,169.8835,124413460.20557491,3119972351.529617
2023-12-03,2023-12-04,171.9573,172.4854,169.7924,171.3505,104700492.85714285,3149445914.616725
2023-12-02,2023-12-03,171.1337,172.9479,169.912,171.933,108842590.73170732,3147938366.0139375
2023-12-01,2023-12-02,169.2899,171.1859,168.9746,170.9204,107813603.88811189,3126507219.678322
2023-11-30,2023-12-01,165.7636,170.0442,165.6482,169.4009,107532389.06944445,3085094711.357639
2023-11-29,2023-11-30,167.1509,167.3208,164.7788,165.6909,110737665.2326389,3051441045.4652777
2023-11-28,2023-11-29,165.3427,167.3796,163.8045,167.1926,109574639.16666667,3040119934.15625
2023-11-27,2023-11-28,169.0226,169.7448,165.0026,165.3562,101693013.10452962,3068647959.062718
2023-11-26,2023-11-27,171.3563,172.1608,168.1041,169.182,82816437.29473685,3133425822.894737
2023-11-25,2023-11-26,169.5991,172.1107,169.2688,171.2679,103951439.19163764,3133560397.4808364
2023-11-24,2023-11-25,166.0203,170.999,165.7988,170.1713,107353562.95470384,3090200916.2229967
2023-11-23,2023-11-24,163.6854,167.6767,163.3709,165.9028,114892376.77700348,3043218084.034843
2023-11-22,2023-11-23,159.1782,163.907,158.778,163.5623,126155074.36585365,2981218608.414634
2023-11-21,2023-11-22,163.1123,165.7743,158.8194,159.7561,101903896.22299652,3006411666.1707315
2023-11-20,2023-11-21,163.877,164.9788,162.0086,163.2202,78817541.86062717,3009588111.2891984
2023-11-19,2023-11-20,160.5992,164.2415,159.7926,164.0437,76127750.32404181,2965923343.041812
2023-11-18,2023-11-19,162.4668,162.7554,159.2404,160.963,124111514.12195122,2954516866.554007
2023-11-17,2023-11-18,160.9131,166.8389,160.641,162.5601,159705719.16376308,2992587550.3937283
2023-11-16,2023-11-17,160.9893,162.9748,157.5879,160.923,150716731.28222996,2955027041.2125435
2023-11-15,2023-11-16,163.5167,166.385,159.3326,161.0081,112568425.8641115,3016019277.4843206
2023-11-14,2023-11-15,162.4887,166.4596,159.987,163.3986,117777755.16724738,3007206367.0592337
2023-11-13,2023-11-14,171.2007,172.7126,163.1144,163.1503,113997186.58536585,3091177674.804878
2023-11-12,2023-11-13,169.2773,171.3913,166.7823,170.9411,123835179.78745645,3103113123.390244
2023-11-11,2023-11-12,170.9136,173.5852,168.0485,169.0669,137618171.82578397,3126626083.9303136
2023-11-10,2023-11-11,170.1768,173.6783,167.5037,171.1229,176685001.7770035,3141402129.71777
2023-11-09,2023-11-10,167.2323,170.9995,160.1038,170.3105,147146442.13240418,3073758257.6480837
2023-11-08,2023-11-09,166.2559,167.6231,164.4356,167.4327,146730832.55052266,3048209656.512195
2023-11-07,2023-11-08,165.0777,168.2036,162.195,166.2717,119573792.26480836,3038696083.2090592
2023-11-06,2023-11-07,169.0196,169.6052,164.7725,165.4862,84101898.07665505,3056645965.630662
2023-11-05,2023-11-06,168.5193,170.7585,167.4861,169.5692,77587235.10801394,3103700016.5400696
2023-11-04,2023-11-05,170.8733,171.6281,165.5213,168.3133,95497968.38675958,3103906806.8501744
2023-11-03,2023-11-04,170.6714,173.0569,168.6011,170.9173,144111023.26132405,3139351971.1358886
2023-11-02,2023-11-03,171.1644,172.3879,167.9394,170.8926,155479289.8641115,3130978639.3972125
2023-11-01,2023-11-02,171.8796,172.6479,169.4897,171.4516,113857106.97212544,3136040975.7770033
2023-10-31,2023-11-01,173.2865,173.8024,169.1573,172.1447,132747667.87456445,3146638820.3101044
2023-10-30,2023-10-31,174.7395,174.8904,165.1036,172.6807,200696009.8292683,3133215250.4738674
2023-10-29,2023-10-30,162.0971,174.4428,160.3327,174.4428,86633131.3728223,3003473634.839721
2023-10-28,2023-10-29,161.0682,162.8327,159.9071,162.3967,85930104.75958188,2968130602.567944
2023-10-27,2023-10-28,159.7036,161.1964,157.0976,160.9863,114913457.40418118,2933268122.4843206
2023-10-26,2023-10-27,160.1675,162.6173,157.0194,159.691,127385926.79649124,2939086945.610526
2023-10-25,2023-10-26,158.1608,160.6444,154.7193,160.0398,133280080.11498258,2901891530.8292685
2023-10-24,2023-10-25,161.6178,163.7321,156.5094,158.0385,156739003.09059232,2929204393.30662
2023-10-23,2023-10-24,159.4538,161.6756,157.318,160.9971,94642621.40418118,2916612668.2020907
2023-10-22,2023-10-23,158.2741,160.2091,156.7555,159.2687,78024545.42857143,2905734887.0139375
2023-10-21,2023-10-22,155.0685,158.3299,154.6132,158.1963,80397820.79442509,2869981558.4599304
2023-10-20,2023-10-21,153.0532,157.4091,152.2355,155.0151,99303344.18815331,2841683961.919861
2023-10-19,2023-10-20,150.1991,152.6969,147.4823,152.6969,89458088.64111498,2772541851.3623695
2023-10-18,2023-10-19,151.1139,152.7579,150.1645,150.1912,81347298.83275262,2776920613.2578397
2023-10-17,2023-10-18,152.5936,152.5936,149.8667,150.8743,90945856.51916376,2779819660.620209
2023-10-16,2023-10-17,153.0205,153.7381,151.5787,152.8566,72522043.63763066,2794262682.707317
2023-10-15,2023-10-16,153.4005,154.0518,152.6622,152.8576,48367181.7279152,2811227707.6501765
2023-10-14,2023-10-15,154.097,154.6847,152.2692,153.3144,67897220.70034844,2820155466.9616723
2023-10-13,2023-10-14,152.554,154.6468,151.4225,153.8153,83387268.44599304,2802402188.944251
2023-10-12,2023-10-13,154.0402,154.6969,151.321,152.5957,100141977.52961673,2807054596.174216
2023-10-11,2023-10-12,152.7521,154.2062,151.3202,154.0047,85151492.35191637,2797514003.912892
2023-10-10,2023-10-11,154.2073,155.3279,152.4519,152.5268,94736569.02787456,2814706158.979094
2023-10-09,2023-10-10,156.4748,156.5088,152.2061,154.2347,95824991.69686411,2835085006.1707315
2023-10-08,2023-10-09,155.2989,156.7551,153.9897,156.4396,101769286.32404181,2848182348.428571
2023-10-07,2023-10-08,152.4281,155.5458,151.4208,155.5061,83999215.02090593,2807427981.554007
2023-10-06,2023-10-07,150.1614,153.0105,148.9277,152.3587,84858577.09059234,2763117953.675958
2023-10-05,2023-10-06,150.7146,151.694,148.8625,149.9842,86849443.32055749,2759108895.428571
2023-10-04,2023-10-05,147.7188,151.0117,146.6195,150.7646,89516478.16724738,2731772432.641115
2023-10-03,2023-10-04,146.4286,148.1826,145.5682,147.5248,86976507.48432055,2696323864.062718
2023-10-02,2023-10-03,149.4604,150.1677,145.8865,146.7454,101170793.271777,2725151351.4425087
2023-10-01,2023-10-02,147.0573,149.9309,146.4532,149.3398,79468462.24041812,2708752455.5783973
2023-09-30,2023-10-01,147.5539,148.5052,145.9807,147.0313,61190260.49477352,2695236839.9094076
2023-09-29,2023-09-30,146.61,147.3232,145.5609,147.3232,69185469.8466899,2682189237.6689897
2023-09-28,2023-09-29,147.2745,148.0623,146.023,146.5766,73726050.05574913,2697008294.2334495
2023-09-27,2023-09-28,145.2093,147.1817,144.9796,147.0072,71524185.97909407,2676321194.860627
2023-09-26,2023-09-27,145.1232,145.9264,144.0403,145.529,65363765.264808364,2658281718.428571
2023-09-25,2023-09-26,144.4705,145.9802,143.8591,145.1026,68988674.10801394,2657730929.0313587
2023-09-24,2023-09-25,142.6088,145.2654,142.6088,144.5534,59633696.68989547,2639470547.0034842
2023-09-23,2023-09-24,145.7804,146.3274,142.5167,142.6292,59533886.407665506,2650779779.0313587
2023-09-22,2023-09-23,145.7784,147.5436,145.3968,145.8038,64078456.59581882,2685221007.6829267
2023-09-21,2023-09-22,148.6391,148.8709,145.8314,145.8511,71645265.91637631,2704993817.3972125
2023-09-20,2023-09-21,148.0702,149.0843,146.5924,148.6649,68435201.12195122,2713199270.1672473
2023-09-19,2023-09-20,146.461,149.0545,146.3519,148.314,72833899.96167247,2711385598.69338
2023-09-18,2023-09-19,146.5276,148.5641,145.5914,146.2635,74915391.37062937,2695688876.199301
2023-09-17,2023-09-18,145.1275,146.9421,144.0805,146.4444,55608624.83623693,2666702536.139373
2023-09-16,2023-09-17,148.3797,148.542,144.8777,145.345,74248916.26829268,2681188230.898955
2023-09-15,2023-09-16,147.1974,149.6637,147.0209,147.7252,83900073.43902439,2715353484.958188
2023-09-14,2023-09-15,143.6974,147.6528,142.8214,146.897,74794011.271777,2667285398.7665505
2023-09-13,2023-09-14,141.0622,145.2001,141.0622,143.7212,86877278.36236934,2635453699.1045294
2023-09-12,2023-09-13,140.2955,143.3142,139.8654,141.4528,94098021.19163764,2600170766.174216
2023-09-11,2023-09-12,143.765,144.3906,138.7846,140.3976,73605904.86759582,2598021231.6689897
2023-09-10,2023-09-11,144.2745,144.5647,142.6845,143.6938,54603809.898954704,2633262143.8501744
2023-09-09,2023-09-10,144.5619,144.6125,143.0782,144.2349,64664876.11149826,2638638694.4947734
2023-09-08,2023-09-09,143.4882,144.6009,141.5605,144.4777,88391877.94076654,2632291011.4947734
2023-09-07,2023-09-08,142.9348,143.7341,141.5903,143.6736,101577552.90940766,2618629724.923345
2023-09-06,2023-09-07,138.354,143.2058,138.354,142.6132,83417261.59930314,2569053706.8466897
2023-09-05,2023-09-06,141.7512,141.925,138.2721,138.5012,71706680.82926829,2576576911.773519
2023-09-04,2023-09-05,142.0355,144.3162,141.7094,141.848,72574637.34494774,2615466704.324042
2023-09-03,2023-09-04,140.763,142.2204,140.1942,141.7453,59865148.71080139,2589355165.5609756
2023-09-02,2023-09-03,141.3694,142.3684,140.0398,140.8217,72717162.68292683,2587724731.5400696
2023-09-01,2023-09-02,143.4665,145.1218,139.606,141.3697,109018403.13240418,2615367275.651568
2023-08-31,2023-09-01,142.3915,145.1623,141.5861,143.2605,110276312.33101045,2636160466.5609756
2023-08-30,2023-08-31,147.2712,148.4709,141.2583,142.4673,120025313.42160279,2653249361.2787457
2023-08-29,2023-08-30,145.5603,148.5663,143.5382,147.116,118204083.24041812,2667877969.160279
2023-08-28,2023-08-29,145.7592,148.8494,143.1567,145.6604,92152041.33101045,2665631685.097561
2023-08-27,2023-08-28,143.4116,146.3719,143.2016,145.9455,101898648.91289198,2656688723.6236935
2023-08-26,2023-08-27,140.7284,145.3218,140.4876,143.4955,102577580.70034844,2623260495.7038326
2023-08-25,2023-08-26,138.7276,140.6955,137.7163,140.5189,110168620.80487806,2555953431.0139375
2023-08-24,2023-08-25,143.4749,143.5589,136.2481,138.8699,116455547.93379791,2557425290.4390244
2023-08-23,2023-08-24,146.1817,146.8663,143.2362,143.4396,86759077.05923346,2655325502.8432055
2023-08-22,2023-08-23,150.0932,150.2079,144.0854,145.9909,89133494.63763066,2716008316.0139375
2023-08-21,2023-08-22,148.0129,150.1538,145.6659,149.8122,77259217.05226481,2717628608.0522647
2023-08-20,2023-08-21,145.1753,149.5729,144.6054,147.8604,58990641.742160276,2693641691.6271777
2023-08-19,2023-08-20,144.1622,145.8071,143.9987,145.0667,73095799.82578397,2654643524.554007
2023-08-18,2023-08-19,142.4396,145.4271,141.7916,143.9654,134641813.38327527,2634948289.5191636
2023-08-17,2023-08-18,154.1142,154.84,139.4666,142.1469,113786014.52264808,2774177624.630662
2023-08-16,2023-08-17,155.5214,156.4763,153.1801,154.2601,107661077.35191637,2843616442.979094
2023-08-15,2023-08-16,158.5897,158.8802,155.2232,155.6017,96905009.73170732,2886637502.0522647
2023-08-14,2023-08-15,158.425,160.0172,158.3194,158.5373,102260290.75609756,2913746860.8292685
2023-08-13,2023-08-14,158.1782,159.827,157.3704,158.4305,94429348.2891986,2907392612.554007
2023-08-12,2023-08-13,156.9721,158.431,156.8171,158.0361,92565710.95121951,2886126683.770035
2023-08-11,2023-08-12,156.3765,158.6761,156.1368,157.0578,115096478.75261325,2876852411.3623695
2023-08-10,2023-08-11,157.4697,157.7598,154.6759,156.2764,114521980.46689895,2856538445.58885
2023-08-09,2023-08-10,159.2221,159.7298,156.9241,157.5742,113670623.1184669,2901674001.6376305
2023-08-08,2023-08-09,158.4075,160.3034,158.0617,159.1338,111220327.7456446,2911246613.445993
2023-08-07,2023-08-08,160.5928,161.3941,157.5921,158.5617,203055186.78745645,2919016543.02439
2023-08-06,2023-08-07,160.2886,161.7633,159.8915,160.4474,637719255.989547,2945075949.219512
2023-08-05,2023-08-06,158.4537,161.4679,158.3879,160.412,223382925.3216783,2922765863.8706293
2023-08-04,2023-08-05,160.5485,161.9008,157.674,158.586,124463215.80139373,2916801810.5609756
2023-08-03,2023-08-04,160.2785,161.8285,160.0359,160.6702,123037258.73519164,2945662846.9094076
2023-08-02,2023-08-03,160.3489,161.0188,159.38,159.9046,149750891.64808363,2931493700.2996516
2023-08-01,2023-08-02,161.3698,163.6558,157.7165,160.4816,132777205.90592335,2940822314.3170733