2023-10-21,,AMD 100-506095 Radeon Pro W5500 8 GB Video Card (100-506095) - PCPartPicker
2023-10-22,,AMD 100-506095 Radeon Pro W5500 8 GB Video Card (100-506095) - PCPartPicker
2023-10-23,,AMD 100-506095 Radeon Pro W5500 8 GB Video Card (100-506095) - PCPartPicker
2023-10-24,38999.0,AMD 100-506095 Radeon Pro W5500 8 GB Video Card (100-506095) - PCPartPicker
2023-10-25,38999.0,AMD 100-506095 Radeon Pro W5500 8 GB Video Card (100-506095) - PCPartPicker
2023-10-26,38999.0,AMD 100-506095 Radeon Pro W5500 8 GB Video Card (100-506095) - PCPartPicker
2023-10-27,38999.0,AMD 100-506095 Radeon Pro W5500 8 GB Video Card (100-506095) - PCPartPicker
2023-10-28,38999.0,AMD 100-506095 Radeon Pro W5500 8 GB Video Card (100-506095) - PCPartPicker
2023-10-29,38999.0,AMD 100-506095 Radeon Pro W5500 8 GB Video Card (100-506095) - PCPartPicker
2023-10-30,38999.0,AMD 100-506095 Radeon Pro W5500 8 GB Video Card (100-506095) - PCPartPicker
2023-10-31,38999.0,AMD 100-506095 Radeon Pro W5500 8 GB Video Card (100-506095) - PCPartPicker
2023-11-01,38999.0,AMD 100-506095 Radeon Pro W5500 8 GB Video Card (100-506095) - PCPartPicker
2023-11-02,38999.0,AMD 100-506095 Radeon Pro W5500 8 GB Video Card (100-506095) - PCPartPicker
2023-11-03,38999.0,AMD 100-506095 Radeon Pro W5500 8 GB Video Card (100-506095) - PCPartPicker
2023-11-04,38999.0,AMD 100-506095 Radeon Pro W5500 8 GB Video Card (100-506095) - PCPartPicker
2023-11-05,38999.0,AMD 100-506095 Radeon Pro W5500 8 GB Video Card (100-506095) - PCPartPicker
2023-11-06,38999.0,AMD 100-506095 Radeon Pro W5500 8 GB Video Card (100-506095) - PCPartPicker
2023-11-07,38999.0,AMD 100-506095 Radeon Pro W5500 8 GB Video Card (100-506095) - PCPartPicker
2023-11-08,38999.0,AMD 100-506095 Radeon Pro W5500 8 GB Video Card (100-506095) - PCPartPicker
2023-11-09,38999.0,AMD 100-506095 Radeon Pro W5500 8 GB Video Card (100-506095) - PCPartPicker
2023-11-10,38999.0,AMD 100-506095 Radeon Pro W5500 8 GB Video Card (100-506095) - PCPartPicker
2023-11-11,38999.0,AMD 100-506095 Radeon Pro W5500 8 GB Video Card (100-506095) - PCPartPicker
2023-11-12,38999.0,AMD 100-506095 Radeon Pro W5500 8 GB Video Card (100-506095) - PCPartPicker
2023-11-13,38999.0,AMD 100-506095 Radeon Pro W5500 8 GB Video Card (100-506095) - PCPartPicker
2023-11-14,38999.0,AMD 100-506095 Radeon Pro W5500 8 GB Video Card (100-506095) - PCPartPicker
2023-11-15,38999.0,AMD 100-506095 Radeon Pro W5500 8 GB Video Card (100-506095) - PCPartPicker
2023-11-16,38999.0,AMD 100-506095 Radeon Pro W5500 8 GB Video Card (100-506095) - PCPartPicker
2023-11-17,38999.0,AMD 100-506095 Radeon Pro W5500 8 GB Video Card (100-506095) - PCPartPicker
2023-11-18,38999.0,AMD 100-506095 Radeon Pro W5500 8 GB Video Card (100-506095) - PCPartPicker
2023-11-19,38999.0,AMD 100-506095 Radeon Pro W5500 8 GB Video Card (100-506095) - PCPartPicker
2023-11-20,38999.0,AMD 100-506095 Radeon Pro W5500 8 GB Video Card (100-506095) - PCPartPicker
2023-11-21,38999.0,AMD 100-506095 Radeon Pro W5500 8 GB Video Card (100-506095) - PCPartPicker
2023-11-22,38999.0,AMD 100-506095 Radeon Pro W5500 8 GB Video Card (100-506095) - PCPartPicker
2023-11-23,38999.0,AMD 100-506095 Radeon Pro W5500 8 GB Video Card (100-506095) - PCPartPicker
2023-11-24,38999.0,AMD 100-506095 Radeon Pro W5500 8 GB Video Card (100-506095) - PCPartPicker
2023-11-25,38999.0,AMD 100-506095 Radeon Pro W5500 8 GB Video Card (100-506095) - PCPartPicker
2023-11-26,38999.0,AMD 100-506095 Radeon Pro W5500 8 GB Video Card (100-506095) - PCPartPicker
2023-11-27,38999.0,AMD 100-506095 Radeon Pro W5500 8 GB Video Card (100-506095) - PCPartPicker
2023-11-28,38999.0,AMD 100-506095 Radeon Pro W5500 8 GB Video Card (100-506095) - PCPartPicker
2023-11-29,38999.0,AMD 100-506095 Radeon Pro W5500 8 GB Video Card (100-506095) - PCPartPicker
2023-11-30,38999.0,AMD 100-506095 Radeon Pro W5500 8 GB Video Card (100-506095) - PCPartPicker
2023-12-01,40999.0,AMD 100-506095 Radeon Pro W5500 8 GB Video Card (100-506095) - PCPartPicker
2023-12-02,40999.0,AMD 100-506095 Radeon Pro W5500 8 GB Video Card (100-506095) - PCPartPicker
2023-12-03,40999.0,AMD 100-506095 Radeon Pro W5500 8 GB Video Card (100-506095) - PCPartPicker
2023-12-04,40999.0,AMD 100-506095 Radeon Pro W5500 8 GB Video Card (100-506095) - PCPartPicker
2023-12-05,40999.0,AMD 100-506095 Radeon Pro W5500 8 GB Video Card (100-506095) - PCPartPicker
2023-12-06,40999.0,AMD 100-506095 Radeon Pro W5500 8 GB Video Card (100-506095) - PCPartPicker
2023-12-07,40999.0,AMD 100-506095 Radeon Pro W5500 8 GB Video Card (100-506095) - PCPartPicker
2023-12-08,41999.0,AMD 100-506095 Radeon Pro W5500 8 GB Video Card (100-506095) - PCPartPicker
2023-12-09,41999.0,AMD 100-506095 Radeon Pro W5500 8 GB Video Card (100-506095) - PCPartPicker
2023-12-10,41999.0,AMD 100-506095 Radeon Pro W5500 8 GB Video Card (100-506095) - PCPartPicker
2023-12-11,41999.0,AMD 100-506095 Radeon Pro W5500 8 GB Video Card (100-506095) - PCPartPicker
2023-12-12,41999.0,AMD 100-506095 Radeon Pro W5500 8 GB Video Card (100-506095) - PCPartPicker
2023-12-13,41999.0,AMD 100-506095 Radeon Pro W5500 8 GB Video Card (100-506095) - PCPartPicker
2023-12-14,41999.0,AMD 100-506095 Radeon Pro W5500 8 GB Video Card (100-506095) - PCPartPicker
2023-12-15,41999.0,AMD 100-506095 Radeon Pro W5500 8 GB Video Card (100-506095) - PCPartPicker
2023-12-16,41999.0,AMD 100-506095 Radeon Pro W5500 8 GB Video Card (100-506095) - PCPartPicker
2023-12-17,41999.0,AMD 100-506095 Radeon Pro W5500 8 GB Video Card (100-506095) - PCPartPicker
2023-12-18,41999.0,AMD 100-506095 Radeon Pro W5500 8 GB Video Card (100-506095) - PCPartPicker
2023-12-19,41999.0,AMD 100-506095 Radeon Pro W5500 8 GB Video Card (100-506095) - PCPartPicker
2023-12-20,41999.0,AMD 100-506095 Radeon Pro W5500 8 GB Video Card (100-506095) - PCPartPicker
2023-12-21,41999.0,AMD 100-506095 Radeon Pro W5500 8 GB Video Card (100-506095) - PCPartPicker
2023-12-22,41999.0,AMD 100-506095 Radeon Pro W5500 8 GB Video Card (100-506095) - PCPartPicker
2023-12-23,41999.0,AMD 100-506095 Radeon Pro W5500 8 GB Video Card (100-506095) - PCPartPicker
2023-12-24,41999.0,AMD 100-506095 Radeon Pro W5500 8 GB Video Card (100-506095) - PCPartPicker
2023-12-25,41999.0,AMD 100-506095 Radeon Pro W5500 8 GB Video Card (100-506095) - PCPartPicker
2023-12-26,41999.0,AMD 100-506095 Radeon Pro W5500 8 GB Video Card (100-506095) - PCPartPicker
2023-12-27,41999.0,AMD 100-506095 Radeon Pro W5500 8 GB Video Card (100-506095) - PCPartPicker
2023-12-28,41999.0,AMD 100-506095 Radeon Pro W5500 8 GB Video Card (100-506095) - PCPartPicker
2023-12-29,41999.0,AMD 100-506095 Radeon Pro W5500 8 GB Video Card (100-506095) - PCPartPicker
2023-12-30,41999.0,AMD 100-506095 Radeon Pro W5500 8 GB Video Card (100-506095) - PCPartPicker
2023-12-31,41999.0,AMD 100-506095 Radeon Pro W5500 8 GB Video Card (100-506095) - PCPartPicker
2024-01-01,41999.0,AMD 100-506095 Radeon Pro W5500 8 GB Video Card (100-506095) - PCPartPicker
2024-01-02,41999.0,AMD 100-506095 Radeon Pro W5500 8 GB Video Card (100-506095) - PCPartPicker
2024-01-03,41999.0,AMD 100-506095 Radeon Pro W5500 8 GB Video Card (100-506095) - PCPartPicker
2024-01-04,41999.0,AMD 100-506095 Radeon Pro W5500 8 GB Video Card (100-506095) - PCPartPicker
2024-01-05,41999.0,AMD 100-506095 Radeon Pro W5500 8 GB Video Card (100-506095) - PCPartPicker
2024-01-06,41999.0,AMD 100-506095 Radeon Pro W5500 8 GB Video Card (100-506095) - PCPartPicker
2024-01-07,41999.0,AMD 100-506095 Radeon Pro W5500 8 GB Video Card (100-506095) - PCPartPicker
2024-01-08,41999.0,AMD 100-506095 Radeon Pro W5500 8 GB Video Card (100-506095) - PCPartPicker
2024-01-09,41999.0,AMD 100-506095 Radeon Pro W5500 8 GB Video Card (100-506095) - PCPartPicker
2024-01-10,41999.0,AMD 100-506095 Radeon Pro W5500 8 GB Video Card (100-506095) - PCPartPicker
2024-01-11,41999.0,AMD 100-506095 Radeon Pro W5500 8 GB Video Card (100-506095) - PCPartPicker
2024-01-12,41999.0,AMD 100-506095 Radeon Pro W5500 8 GB Video Card (100-506095) - PCPartPicker
2024-01-13,41999.0,AMD 100-506095 Radeon Pro W5500 8 GB Video Card (100-506095) - PCPartPicker
2024-01-14,41999.0,AMD 100-506095 Radeon Pro W5500 8 GB Video Card (100-506095) - PCPartPicker
2024-01-15,41999.0,AMD 100-506095 Radeon Pro W5500 8 GB Video Card (100-506095) - PCPartPicker
2024-01-16,41999.0,AMD 100-506095 Radeon Pro W5500 8 GB Video Card (100-506095) - PCPartPicker
2024-01-17,41999.0,AMD 100-506095 Radeon Pro W5500 8 GB Video Card (100-506095) - PCPartPicker
2024-01-18,41999.0,AMD 100-506095 Radeon Pro W5500 8 GB Video Card (100-506095) - PCPartPicker
2024-01-19,41999.0,AMD 100-506095 Radeon Pro W5500 8 GB Video Card (100-506095) - PCPartPicker
2024-01-20,41999.0,AMD 100-506095 Radeon Pro W5500 8 GB Video Card (100-506095) - PCPartPicker
2024-01-21,41999.0,AMD 100-506095 Radeon Pro W5500 8 GB Video Card (100-506095) - PCPartPicker
2024-01-22,41999.0,AMD 100-506095 Radeon Pro W5500 8 GB Video Card (100-506095) - PCPartPicker
2024-01-23,41999.0,AMD 100-506095 Radeon Pro W5500 8 GB Video Card (100-506095) - PCPartPicker
2024-01-24,41999.0,AMD 100-506095 Radeon Pro W5500 8 GB Video Card (100-506095) - PCPartPicker
2024-01-25,41999.0,AMD 100-506095 Radeon Pro W5500 8 GB Video Card (100-506095) - PCPartPicker
2024-01-26,41999.0,AMD 100-506095 Radeon Pro W5500 8 GB Video Card (100-506095) - PCPartPicker
2024-01-27,41999.0,AMD 100-506095 Radeon Pro W5500 8 GB Video Card (100-506095) - PCPartPicker
2024-01-28,41999.0,AMD 100-506095 Radeon Pro W5500 8 GB Video Card (100-506095) - PCPartPicker
2024-01-29,41999.0,AMD 100-506095 Radeon Pro W5500 8 GB Video Card (100-506095) - PCPartPicker
2024-01-30,41999.0,AMD 100-506095 Radeon Pro W5500 8 GB Video Card (100-506095) - PCPartPicker
2024-01-31,41999.0,AMD 100-506095 Radeon Pro W5500 8 GB Video Card (100-506095) - PCPartPicker
2024-02-01,41999.0,AMD 100-506095 Radeon Pro W5500 8 GB Video Card (100-506095) - PCPartPicker
2024-02-02,41999.0,AMD 100-506095 Radeon Pro W5500 8 GB Video Card (100-506095) - PCPartPicker
2024-02-03,41999.0,AMD 100-506095 Radeon Pro W5500 8 GB Video Card (100-506095) - PCPartPicker
2024-02-04,41999.0,AMD 100-506095 Radeon Pro W5500 8 GB Video Card (100-506095) - PCPartPicker
2024-02-05,41999.0,AMD 100-506095 Radeon Pro W5500 8 GB Video Card (100-506095) - PCPartPicker
2024-02-06,41999.0,AMD 100-506095 Radeon Pro W5500 8 GB Video Card (100-506095) - PCPartPicker
2024-02-07,41999.0,AMD 100-506095 Radeon Pro W5500 8 GB Video Card (100-506095) - PCPartPicker
2024-02-08,41999.0,AMD 100-506095 Radeon Pro W5500 8 GB Video Card (100-506095) - PCPartPicker
2024-02-09,41999.0,AMD 100-506095 Radeon Pro W5500 8 GB Video Card (100-506095) - PCPartPicker
2024-02-10,41999.0,AMD 100-506095 Radeon Pro W5500 8 GB Video Card (100-506095) - PCPartPicker
2024-02-11,41999.0,AMD 100-506095 Radeon Pro W5500 8 GB Video Card (100-506095) - PCPartPicker
2024-02-12,41999.0,AMD 100-506095 Radeon Pro W5500 8 GB Video Card (100-506095) - PCPartPicker
2024-02-13,41999.0,AMD 100-506095 Radeon Pro W5500 8 GB Video Card (100-506095) - PCPartPicker
2024-02-14,41999.0,AMD 100-506095 Radeon Pro W5500 8 GB Video Card (100-506095) - PCPartPicker
2024-02-15,41999.0,AMD 100-506095 Radeon Pro W5500 8 GB Video Card (100-506095) - PCPartPicker
2024-02-16,41999.0,AMD 100-506095 Radeon Pro W5500 8 GB Video Card (100-506095) - PCPartPicker
2024-02-17,41999.0,AMD 100-506095 Radeon Pro W5500 8 GB Video Card (100-506095) - PCPartPicker
2024-02-18,38999.0,AMD 100-506095 Radeon Pro W5500 8 GB Video Card (100-506095) - PCPartPicker
2024-02-19,38999.0,AMD 100-506095 Radeon Pro W5500 8 GB Video Card (100-506095) - PCPartPicker
2024-02-20,38999.0,AMD 100-506095 Radeon Pro W5500 8 GB Video Card (100-506095) - PCPartPicker
2024-02-21,38999.0,AMD 100-506095 Radeon Pro W5500 8 GB Video Card (100-506095) - PCPartPicker
2024-02-22,38999.0,AMD 100-506095 Radeon Pro W5500 8 GB Video Card (100-506095) - PCPartPicker
2024-02-23,38999.0,AMD 100-506095 Radeon Pro W5500 8 GB Video Card (100-506095) - PCPartPicker
2024-02-24,38999.0,AMD 100-506095 Radeon Pro W5500 8 GB Video Card (100-506095) - PCPartPicker
2024-02-25,38999.0,AMD 100-506095 Radeon Pro W5500 8 GB Video Card (100-506095) - PCPartPicker
2024-02-26,38999.0,AMD 100-506095 Radeon Pro W5500 8 GB Video Card (100-506095) - PCPartPicker
2024-02-27,38999.0,AMD 100-506095 Radeon Pro W5500 8 GB Video Card (100-506095) - PCPartPicker
2024-02-28,38999.0,AMD 100-506095 Radeon Pro W5500 8 GB Video Card (100-506095) - PCPartPicker
2024-02-29,38999.0,AMD 100-506095 Radeon Pro W5500 8 GB Video Card (100-506095) - PCPartPicker
2024-03-01,38999.0,AMD 100-506095 Radeon Pro W5500 8 GB Video Card (100-506095) - PCPartPicker
2024-03-02,38999.0,AMD 100-506095 Radeon Pro W5500 8 GB Video Card (100-506095) - PCPartPicker
2024-03-03,38999.0,AMD 100-506095 Radeon Pro W5500 8 GB Video Card (100-506095) - PCPartPicker
2024-03-04,38999.0,AMD 100-506095 Radeon Pro W5500 8 GB Video Card (100-506095) - PCPartPicker
2024-03-05,38999.0,AMD 100-506095 Radeon Pro W5500 8 GB Video Card (100-506095) - PCPartPicker
2024-03-06,38999.0,AMD 100-506095 Radeon Pro W5500 8 GB Video Card (100-506095) - PCPartPicker
2024-03-07,38999.0,AMD 100-506095 Radeon Pro W5500 8 GB Video Card (100-506095) - PCPartPicker
2024-03-08,38999.0,AMD 100-506095 Radeon Pro W5500 8 GB Video Card (100-506095) - PCPartPicker
2024-03-09,38999.0,AMD 100-506095 Radeon Pro W5500 8 GB Video Card (100-506095) - PCPartPicker
2024-03-10,38999.0,AMD 100-506095 Radeon Pro W5500 8 GB Video Card (100-506095) - PCPartPicker
2024-03-11,38999.0,AMD 100-506095 Radeon Pro W5500 8 GB Video Card (100-506095) - PCPartPicker
2024-03-12,38999.0,AMD 100-506095 Radeon Pro W5500 8 GB Video Card (100-506095) - PCPartPicker
2024-03-13,38999.0,AMD 100-506095 Radeon Pro W5500 8 GB Video Card (100-506095) - PCPartPicker
2024-03-14,38999.0,AMD 100-506095 Radeon Pro W5500 8 GB Video Card (100-506095) - PCPartPicker
2024-03-15,38999.0,AMD 100-506095 Radeon Pro W5500 8 GB Video Card (100-506095) - PCPartPicker
2024-03-16,38999.0,AMD 100-506095 Radeon Pro W5500 8 GB Video Card (100-506095) - PCPartPicker
2024-03-17,38999.0,AMD 100-506095 Radeon Pro W5500 8 GB Video Card (100-506095) - PCPartPicker
2024-03-18,38999.0,AMD 100-506095 Radeon Pro W5500 8 GB Video Card (100-506095) - PCPartPicker
2024-03-19,38999.0,AMD 100-506095 Radeon Pro W5500 8 GB Video Card (100-506095) - PCPartPicker
2024-03-20,38999.0,AMD 100-506095 Radeon Pro W5500 8 GB Video Card (100-506095) - PCPartPicker
2024-03-21,38999.0,AMD 100-506095 Radeon Pro W5500 8 GB Video Card (100-506095) - PCPartPicker
2024-03-22,38999.0,AMD 100-506095 Radeon Pro W5500 8 GB Video Card (100-506095) - PCPartPicker
2024-03-23,38999.0,AMD 100-506095 Radeon Pro W5500 8 GB Video Card (100-506095) - PCPartPicker
2024-03-24,38999.0,AMD 100-506095 Radeon Pro W5500 8 GB Video Card (100-506095) - PCPartPicker
2024-03-25,38999.0,AMD 100-506095 Radeon Pro W5500 8 GB Video Card (100-506095) - PCPartPicker
2024-03-26,38999.0,AMD 100-506095 Radeon Pro W5500 8 GB Video Card (100-506095) - PCPartPicker
2024-03-27,38999.0,AMD 100-506095 Radeon Pro W5500 8 GB Video Card (100-506095) - PCPartPicker
2024-03-28,38999.0,AMD 100-506095 Radeon Pro W5500 8 GB Video Card (100-506095) - PCPartPicker
2024-03-29,38999.0,AMD 100-506095 Radeon Pro W5500 8 GB Video Card (100-506095) - PCPartPicker
2024-03-30,38999.0,AMD 100-506095 Radeon Pro W5500 8 GB Video Card (100-506095) - PCPartPicker
2024-03-31,38999.0,AMD 100-506095 Radeon Pro W5500 8 GB Video Card (100-506095) - PCPartPicker
2024-04-01,38999.0,AMD 100-506095 Radeon Pro W5500 8 GB Video Card (100-506095) - PCPartPicker
2024-04-02,38999.0,AMD 100-506095 Radeon Pro W5500 8 GB Video Card (100-506095) - PCPartPicker
2024-04-03,38999.0,AMD 100-506095 Radeon Pro W5500 8 GB Video Card (100-506095) - PCPartPicker
2024-04-04,38999.0,AMD 100-506095 Radeon Pro W5500 8 GB Video Card (100-506095) - PCPartPicker
2024-04-05,38999.0,AMD 100-506095 Radeon Pro W5500 8 GB Video Card (100-506095) - PCPartPicker
2024-04-06,38999.0,AMD 100-506095 Radeon Pro W5500 8 GB Video Card (100-506095) - PCPartPicker
2024-04-07,38999.0,AMD 100-506095 Radeon Pro W5500 8 GB Video Card (100-506095) - PCPartPicker
2024-04-08,38999.0,AMD 100-506095 Radeon Pro W5500 8 GB Video Card (100-506095) - PCPartPicker
2024-04-09,38999.0,AMD 100-506095 Radeon Pro W5500 8 GB Video Card (100-506095) - PCPartPicker
2024-04-10,38999.0,AMD 100-506095 Radeon Pro W5500 8 GB Video Card (100-506095) - PCPartPicker
2024-04-11,38999.0,AMD 100-506095 Radeon Pro W5500 8 GB Video Card (100-506095) - PCPartPicker
2024-04-12,38999.0,AMD 100-506095 Radeon Pro W5500 8 GB Video Card (100-506095) - PCPartPicker
2024-04-13,38999.0,AMD 100-506095 Radeon Pro W5500 8 GB Video Card (100-506095) - PCPartPicker
2024-04-14,38999.0,AMD 100-506095 Radeon Pro W5500 8 GB Video Card (100-506095) - PCPartPicker
2024-04-15,38999.0,AMD 100-506095 Radeon Pro W5500 8 GB Video Card (100-506095) - PCPartPicker
2024-04-16,38999.0,AMD 100-506095 Radeon Pro W5500 8 GB Video Card (100-506095) - PCPartPicker
2024-04-17,38999.0,AMD 100-506095 Radeon Pro W5500 8 GB Video Card (100-506095) - PCPartPicker
2024-04-18,38999.0,AMD 100-506095 Radeon Pro W5500 8 GB Video Card (100-506095) - PCPartPicker
2024-04-19,38999.0,AMD 100-506095 Radeon Pro W5500 8 GB Video Card (100-506095) - PCPartPicker
2024-04-20,38999.0,AMD 100-506095 Radeon Pro W5500 8 GB Video Card (100-506095) - PCPartPicker
2024-04-21,38999.0,AMD 100-506095 Radeon Pro W5500 8 GB Video Card (100-506095) - PCPartPicker
2024-04-22,38999.0,AMD 100-506095 Radeon Pro W5500 8 GB Video Card (100-506095) - PCPartPicker
2024-04-23,38999.0,AMD 100-506095 Radeon Pro W5500 8 GB Video Card (100-506095) - PCPartPicker
2024-04-24,38999.0,AMD 100-506095 Radeon Pro W5500 8 GB Video Card (100-506095) - PCPartPicker
2024-04-25,38999.0,AMD 100-506095 Radeon Pro W5500 8 GB Video Card (100-506095) - PCPartPicker
2024-04-26,38999.0,AMD 100-506095 Radeon Pro W5500 8 GB Video Card (100-506095) - PCPartPicker
2024-04-27,38999.0,AMD 100-506095 Radeon Pro W5500 8 GB Video Card (100-506095) - PCPartPicker
2024-04-28,38999.0,AMD 100-506095 Radeon Pro W5500 8 GB Video Card (100-506095) - PCPartPicker
2024-04-29,38999.0,AMD 100-506095 Radeon Pro W5500 8 GB Video Card (100-506095) - PCPartPicker
2024-04-30,38999.0,AMD 100-506095 Radeon Pro W5500 8 GB Video Card (100-506095) - PCPartPicker
2024-05-01,38999.0,AMD 100-506095 Radeon Pro W5500 8 GB Video Card (100-506095) - PCPartPicker
2024-05-02,38999.0,AMD 100-506095 Radeon Pro W5500 8 GB Video Card (100-506095) - PCPartPicker
2024-05-03,38999.0,AMD 100-506095 Radeon Pro W5500 8 GB Video Card (100-506095) - PCPartPicker
2024-05-04,38999.0,AMD 100-506095 Radeon Pro W5500 8 GB Video Card (100-506095) - PCPartPicker
2024-05-05,38999.0,AMD 100-506095 Radeon Pro W5500 8 GB Video Card (100-506095) - PCPartPicker
2024-05-06,38999.0,AMD 100-506095 Radeon Pro W5500 8 GB Video Card (100-506095) - PCPartPicker
2024-05-07,38999.0,AMD 100-506095 Radeon Pro W5500 8 GB Video Card (100-506095) - PCPartPicker
2024-05-08,38999.0,AMD 100-506095 Radeon Pro W5500 8 GB Video Card (100-506095) - PCPartPicker
2024-05-09,38999.0,AMD 100-506095 Radeon Pro W5500 8 GB Video Card (100-506095) - PCPartPicker
2024-05-10,38999.0,AMD 100-506095 Radeon Pro W5500 8 GB Video Card (100-506095) - PCPartPicker
2024-05-11,38999.0,AMD 100-506095 Radeon Pro W5500 8 GB Video Card (100-506095) - PCPartPicker
2024-05-12,38999.0,AMD 100-506095 Radeon Pro W5500 8 GB Video Card (100-506095) - PCPartPicker
2024-05-13,38999.0,AMD 100-506095 Radeon Pro W5500 8 GB Video Card (100-506095) - PCPartPicker
2024-05-14,38999.0,AMD 100-506095 Radeon Pro W5500 8 GB Video Card (100-506095) - PCPartPicker
2024-05-15,38999.0,AMD 100-506095 Radeon Pro W5500 8 GB Video Card (100-506095) - PCPartPicker
2024-05-16,38999.0,AMD 100-506095 Radeon Pro W5500 8 GB Video Card (100-506095) - PCPartPicker
2024-05-17,38999.0,AMD 100-506095 Radeon Pro W5500 8 GB Video Card (100-506095) - PCPartPicker
2024-05-18,38999.0,AMD 100-506095 Radeon Pro W5500 8 GB Video Card (100-506095) - PCPartPicker
2024-05-19,38999.0,AMD 100-506095 Radeon Pro W5500 8 GB Video Card (100-506095) - PCPartPicker
2024-05-20,38999.0,AMD 100-506095 Radeon Pro W5500 8 GB Video Card (100-506095) - PCPartPicker
2024-05-21,38999.0,AMD 100-506095 Radeon Pro W5500 8 GB Video Card (100-506095) - PCPartPicker
2024-05-22,38999.0,AMD 100-506095 Radeon Pro W5500 8 GB Video Card (100-506095) - PCPartPicker
2024-05-23,38999.0,AMD 100-506095 Radeon Pro W5500 8 GB Video Card (100-506095) - PCPartPicker
2024-05-24,38999.0,AMD 100-506095 Radeon Pro W5500 8 GB Video Card (100-506095) - PCPartPicker
2024-05-25,38999.0,AMD 100-506095 Radeon Pro W5500 8 GB Video Card (100-506095) - PCPartPicker
2024-05-26,38999.0,AMD 100-506095 Radeon Pro W5500 8 GB Video Card (100-506095) - PCPartPicker
2024-05-27,38999.0,AMD 100-506095 Radeon Pro W5500 8 GB Video Card (100-506095) - PCPartPicker
2024-05-28,38999.0,AMD 100-506095 Radeon Pro W5500 8 GB Video Card (100-506095) - PCPartPicker
2024-05-29,38999.0,AMD 100-506095 Radeon Pro W5500 8 GB Video Card (100-506095) - PCPartPicker
2024-05-30,38999.0,AMD 100-506095 Radeon Pro W5500 8 GB Video Card (100-506095) - PCPartPicker
2024-05-31,38999.0,AMD 100-506095 Radeon Pro W5500 8 GB Video Card (100-506095) - PCPartPicker
2024-06-01,38999.0,AMD 100-506095 Radeon Pro W5500 8 GB Video Card (100-506095) - PCPartPicker
2024-06-02,38999.0,AMD 100-506095 Radeon Pro W5500 8 GB Video Card (100-506095) - PCPartPicker
2024-06-03,38999.0,AMD 100-506095 Radeon Pro W5500 8 GB Video Card (100-506095) - PCPartPicker
2024-06-04,38999.0,AMD 100-506095 Radeon Pro W5500 8 GB Video Card (100-506095) - PCPartPicker
2024-06-05,38999.0,AMD 100-506095 Radeon Pro W5500 8 GB Video Card (100-506095) - PCPartPicker
2024-06-06,38999.0,AMD 100-506095 Radeon Pro W5500 8 GB Video Card (100-506095) - PCPartPicker
2024-06-07,38999.0,AMD 100-506095 Radeon Pro W5500 8 GB Video Card (100-506095) - PCPartPicker
2024-06-08,38999.0,AMD 100-506095 Radeon Pro W5500 8 GB Video Card (100-506095) - PCPartPicker
2024-06-09,38999.0,AMD 100-506095 Radeon Pro W5500 8 GB Video Card (100-506095) - PCPartPicker
2024-06-10,38999.0,AMD 100-506095 Radeon Pro W5500 8 GB Video Card (100-506095) - PCPartPicker
2024-06-11,38999.0,AMD 100-506095 Radeon Pro W5500 8 GB Video Card (100-506095) - PCPartPicker
2024-06-12,38999.0,AMD 100-506095 Radeon Pro W5500 8 GB Video Card (100-506095) - PCPartPicker
2024-06-13,38999.0,AMD 100-506095 Radeon Pro W5500 8 GB Video Card (100-506095) - PCPartPicker
2024-06-14,38999.0,AMD 100-506095 Radeon Pro W5500 8 GB Video Card (100-506095) - PCPartPicker
2024-06-15,38999.0,AMD 100-506095 Radeon Pro W5500 8 GB Video Card (100-506095) - PCPartPicker
2024-06-16,38999.0,AMD 100-506095 Radeon Pro W5500 8 GB Video Card (100-506095) - PCPartPicker
2024-06-17,38999.0,AMD 100-506095 Radeon Pro W5500 8 GB Video Card (100-506095) - PCPartPicker
2024-06-18,38999.0,AMD 100-506095 Radeon Pro W5500 8 GB Video Card (100-506095) - PCPartPicker
2024-06-19,38999.0,AMD 100-506095 Radeon Pro W5500 8 GB Video Card (100-506095) - PCPartPicker
2024-06-20,38999.0,AMD 100-506095 Radeon Pro W5500 8 GB Video Card (100-506095) - PCPartPicker
2024-06-21,38999.0,AMD 100-506095 Radeon Pro W5500 8 GB Video Card (100-506095) - PCPartPicker
2024-06-22,38999.0,AMD 100-506095 Radeon Pro W5500 8 GB Video Card (100-506095) - PCPartPicker
2024-06-23,38999.0,AMD 100-506095 Radeon Pro W5500 8 GB Video Card (100-506095) - PCPartPicker
2024-06-24,38999.0,AMD 100-506095 Radeon Pro W5500 8 GB Video Card (100-506095) - PCPartPicker
2024-06-25,38999.0,AMD 100-506095 Radeon Pro W5500 8 GB Video Card (100-506095) - PCPartPicker
2024-06-26,38999.0,AMD 100-506095 Radeon Pro W5500 8 GB Video Card (100-506095) - PCPartPicker
2024-06-27,38999.0,AMD 100-506095 Radeon Pro W5500 8 GB Video Card (100-506095) - PCPartPicker
2024-06-28,38999.0,AMD 100-506095 Radeon Pro W5500 8 GB Video Card (100-506095) - PCPartPicker
2024-06-29,38999.0,AMD 100-506095 Radeon Pro W5500 8 GB Video Card (100-506095) - PCPartPicker
2024-06-30,38999.0,AMD 100-506095 Radeon Pro W5500 8 GB Video Card (100-506095) - PCPartPicker
2024-07-01,38999.0,AMD 100-506095 Radeon Pro W5500 8 GB Video Card (100-506095) - PCPartPicker
2024-07-02,38999.0,AMD 100-506095 Radeon Pro W5500 8 GB Video Card (100-506095) - PCPartPicker
2024-07-03,38999.0,AMD 100-506095 Radeon Pro W5500 8 GB Video Card (100-506095) - PCPartPicker
2024-07-04,38999.0,AMD 100-506095 Radeon Pro W5500 8 GB Video Card (100-506095) - PCPartPicker
2024-07-05,38999.0,AMD 100-506095 Radeon Pro W5500 8 GB Video Card (100-506095) - PCPartPicker
2024-07-06,38999.0,AMD 100-506095 Radeon Pro W5500 8 GB Video Card (100-506095) - PCPartPicker
2024-07-07,38999.0,AMD 100-506095 Radeon Pro W5500 8 GB Video Card (100-506095) - PCPartPicker
2024-07-08,38999.0,AMD 100-506095 Radeon Pro W5500 8 GB Video Card (100-506095) - PCPartPicker
2024-07-09,38999.0,AMD 100-506095 Radeon Pro W5500 8 GB Video Card (100-506095) - PCPartPicker
2024-07-10,38999.0,AMD 100-506095 Radeon Pro W5500 8 GB Video Card (100-506095) - PCPartPicker
2024-07-11,38999.0,AMD 100-506095 Radeon Pro W5500 8 GB Video Card (100-506095) - PCPartPicker
2024-07-12,38999.0,AMD 100-506095 Radeon Pro W5500 8 GB Video Card (100-506095) - PCPartPicker
2024-07-13,38999.0,AMD 100-506095 Radeon Pro W5500 8 GB Video Card (100-506095) - PCPartPicker
2024-07-14,38999.0,AMD 100-506095 Radeon Pro W5500 8 GB Video Card (100-506095) - PCPartPicker
2024-07-15,38999.0,AMD 100-506095 Radeon Pro W5500 8 GB Video Card (100-506095) - PCPartPicker
2024-07-16,38999.0,AMD 100-506095 Radeon Pro W5500 8 GB Video Card (100-506095) - PCPartPicker
2024-07-17,38999.0,AMD 100-506095 Radeon Pro W5500 8 GB Video Card (100-506095) - PCPartPicker
2024-07-18,38999.0,AMD 100-506095 Radeon Pro W5500 8 GB Video Card (100-506095) - PCPartPicker
2024-07-19,38999.0,AMD 100-506095 Radeon Pro W5500 8 GB Video Card (100-506095) - PCPartPicker
2024-07-20,38999.0,AMD 100-506095 Radeon Pro W5500 8 GB Video Card (100-506095) - PCPartPicker
2024-07-21,38999.0,AMD 100-506095 Radeon Pro W5500 8 GB Video Card (100-506095) - PCPartPicker
2024-07-22,38999.0,AMD 100-506095 Radeon Pro W5500 8 GB Video Card (100-506095) - PCPartPicker
2024-07-23,38999.0,AMD 100-506095 Radeon Pro W5500 8 GB Video Card (100-506095) - PCPartPicker
2024-07-24,38999.0,AMD 100-506095 Radeon Pro W5500 8 GB Video Card (100-506095) - PCPartPicker
2024-07-25,38999.0,AMD 100-506095 Radeon Pro W5500 8 GB Video Card (100-506095) - PCPartPicker
2024-07-26,38999.0,AMD 100-506095 Radeon Pro W5500 8 GB Video Card (100-506095) - PCPartPicker
2024-07-27,38999.0,AMD 100-506095 Radeon Pro W5500 8 GB Video Card (100-506095) - PCPartPicker
2024-07-28,38999.0,AMD 100-506095 Radeon Pro W5500 8 GB Video Card (100-506095) - PCPartPicker
2024-07-29,38999.0,AMD 100-506095 Radeon Pro W5500 8 GB Video Card (100-506095) - PCPartPicker
2024-07-30,38999.0,AMD 100-506095 Radeon Pro W5500 8 GB Video Card (100-506095) - PCPartPicker
2024-07-31,38999.0,AMD 100-506095 Radeon Pro W5500 8 GB Video Card (100-506095) - PCPartPicker
2024-08-01,38999.0,AMD 100-506095 Radeon Pro W5500 8 GB Video Card (100-506095) - PCPartPicker
2024-08-02,38999.0,AMD 100-506095 Radeon Pro W5500 8 GB Video Card (100-506095) - PCPartPicker
2024-08-03,38999.0,AMD 100-506095 Radeon Pro W5500 8 GB Video Card (100-506095) - PCPartPicker
2024-08-04,38999.0,AMD 100-506095 Radeon Pro W5500 8 GB Video Card (100-506095) - PCPartPicker
2024-08-05,38999.0,AMD 100-506095 Radeon Pro W5500 8 GB Video Card (100-506095) - PCPartPicker
2024-08-06,38999.0,AMD 100-506095 Radeon Pro W5500 8 GB Video Card (100-506095) - PCPartPicker
2024-08-07,38999.0,AMD 100-506095 Radeon Pro W5500 8 GB Video Card (100-506095) - PCPartPicker
2024-08-08,38999.0,AMD 100-506095 Radeon Pro W5500 8 GB Video Card (100-506095) - PCPartPicker
2024-08-09,38999.0,AMD 100-506095 Radeon Pro W5500 8 GB Video Card (100-506095) - PCPartPicker
2024-08-10,38999.0,AMD 100-506095 Radeon Pro W5500 8 GB Video Card (100-506095) - PCPartPicker
2024-08-11,38999.0,AMD 100-506095 Radeon Pro W5500 8 GB Video Card (100-506095) - PCPartPicker
2024-08-12,38999.0,AMD 100-506095 Radeon Pro W5500 8 GB Video Card (100-506095) - PCPartPicker
2024-08-13,38999.0,AMD 100-506095 Radeon Pro W5500 8 GB Video Card (100-506095) - PCPartPicker
2024-08-14,38999.0,AMD 100-506095 Radeon Pro W5500 8 GB Video Card (100-506095) - PCPartPicker
2024-08-15,38999.0,AMD 100-506095 Radeon Pro W5500 8 GB Video Card (100-506095) - PCPartPicker
2024-08-16,38999.0,AMD 100-506095 Radeon Pro W5500 8 GB Video Card (100-506095) - PCPartPicker
2024-08-17,38999.0,AMD 100-506095 Radeon Pro W5500 8 GB Video Card (100-506095) - PCPartPicker
2024-08-18,38999.0,AMD 100-506095 Radeon Pro W5500 8 GB Video Card (100-506095) - PCPartPicker
2024-08-19,38999.0,AMD 100-506095 Radeon Pro W5500 8 GB Video Card (100-506095) - PCPartPicker
2024-08-20,38999.0,AMD 100-506095 Radeon Pro W5500 8 GB Video Card (100-506095) - PCPartPicker
2024-08-21,38999.0,AMD 100-506095 Radeon Pro W5500 8 GB Video Card (100-506095) - PCPartPicker
2024-08-22,38999.0,AMD 100-506095 Radeon Pro W5500 8 GB Video Card (100-506095) - PCPartPicker
2024-08-23,38999.0,AMD 100-506095 Radeon Pro W5500 8 GB Video Card (100-506095) - PCPartPicker
2024-08-24,38999.0,AMD 100-506095 Radeon Pro W5500 8 GB Video Card (100-506095) - PCPartPicker
2024-08-25,38999.0,AMD 100-506095 Radeon Pro W5500 8 GB Video Card (100-506095) - PCPartPicker
2024-08-26,38999.0,AMD 100-506095 Radeon Pro W5500 8 GB Video Card (100-506095) - PCPartPicker
2024-08-27,38999.0,AMD 100-506095 Radeon Pro W5500 8 GB Video Card (100-506095) - PCPartPicker
2024-08-28,38999.0,AMD 100-506095 Radeon Pro W5500 8 GB Video Card (100-506095) - PCPartPicker
2024-08-29,38999.0,AMD 100-506095 Radeon Pro W5500 8 GB Video Card (100-506095) - PCPartPicker
2024-08-30,38999.0,AMD 100-506095 Radeon Pro W5500 8 GB Video Card (100-506095) - PCPartPicker
2024-08-31,38999.0,AMD 100-506095 Radeon Pro W5500 8 GB Video Card (100-506095) - PCPartPicker
2024-09-01,38999.0,AMD 100-506095 Radeon Pro W5500 8 GB Video Card (100-506095) - PCPartPicker
2024-09-02,38999.0,AMD 100-506095 Radeon Pro W5500 8 GB Video Card (100-506095) - PCPartPicker
2024-09-03,38999.0,AMD 100-506095 Radeon Pro W5500 8 GB Video Card (100-506095) - PCPartPicker
2024-09-04,38999.0,AMD 100-506095 Radeon Pro W5500 8 GB Video Card (100-506095) - PCPartPicker
2024-09-05,38999.0,AMD 100-506095 Radeon Pro W5500 8 GB Video Card (100-506095) - PCPartPicker
2024-09-06,38999.0,AMD 100-506095 Radeon Pro W5500 8 GB Video Card (100-506095) - PCPartPicker
2024-09-07,38999.0,AMD 100-506095 Radeon Pro W5500 8 GB Video Card (100-506095) - PCPartPicker
2024-09-08,38999.0,AMD 100-506095 Radeon Pro W5500 8 GB Video Card (100-506095) - PCPartPicker
2024-09-09,38999.0,AMD 100-506095 Radeon Pro W5500 8 GB Video Card (100-506095) - PCPartPicker
2024-09-10,38999.0,AMD 100-506095 Radeon Pro W5500 8 GB Video Card (100-506095) - PCPartPicker
2024-09-11,38999.0,AMD 100-506095 Radeon Pro W5500 8 GB Video Card (100-506095) - PCPartPicker
2024-09-12,38999.0,AMD 100-506095 Radeon Pro W5500 8 GB Video Card (100-506095) - PCPartPicker
2024-09-13,38999.0,AMD 100-506095 Radeon Pro W5500 8 GB Video Card (100-506095) - PCPartPicker
2024-09-14,38999.0,AMD 100-506095 Radeon Pro W5500 8 GB Video Card (100-506095) - PCPartPicker
2024-09-15,38999.0,AMD 100-506095 Radeon Pro W5500 8 GB Video Card (100-506095) - PCPartPicker
2024-09-16,38999.0,AMD 100-506095 Radeon Pro W5500 8 GB Video Card (100-506095) - PCPartPicker
2024-09-17,38999.0,AMD 100-506095 Radeon Pro W5500 8 GB Video Card (100-506095) - PCPartPicker
2024-09-18,38999.0,AMD 100-506095 Radeon Pro W5500 8 GB Video Card (100-506095) - PCPartPicker
2024-09-19,38999.0,AMD 100-506095 Radeon Pro W5500 8 GB Video Card (100-506095) - PCPartPicker
2024-09-20,38999.0,AMD 100-506095 Radeon Pro W5500 8 GB Video Card (100-506095) - PCPartPicker
2024-09-21,38999.0,AMD 100-506095 Radeon Pro W5500 8 GB Video Card (100-506095) - PCPartPicker
2024-09-22,38999.0,AMD 100-506095 Radeon Pro W5500 8 GB Video Card (100-506095) - PCPartPicker
2024-09-23,38999.0,AMD 100-506095 Radeon Pro W5500 8 GB Video Card (100-506095) - PCPartPicker
2024-09-24,38999.0,AMD 100-506095 Radeon Pro W5500 8 GB Video Card (100-506095) - PCPartPicker
2024-09-25,38999.0,AMD 100-506095 Radeon Pro W5500 8 GB Video Card (100-506095) - PCPartPicker
2024-09-26,38999.0,AMD 100-506095 Radeon Pro W5500 8 GB Video Card (100-506095) - PCPartPicker
2024-09-27,38999.0,AMD 100-506095 Radeon Pro W5500 8 GB Video Card (100-506095) - PCPartPicker
2024-09-28,38999.0,AMD 100-506095 Radeon Pro W5500 8 GB Video Card (100-506095) - PCPartPicker
2024-09-29,38999.0,AMD 100-506095 Radeon Pro W5500 8 GB Video Card (100-506095) - PCPartPicker
2024-09-30,38999.0,AMD 100-506095 Radeon Pro W5500 8 GB Video Card (100-506095) - PCPartPicker
2024-10-01,38999.0,AMD 100-506095 Radeon Pro W5500 8 GB Video Card (100-506095) - PCPartPicker
2024-10-02,38999.0,AMD 100-506095 Radeon Pro W5500 8 GB Video Card (100-506095) - PCPartPicker
2024-10-03,38999.0,AMD 100-506095 Radeon Pro W5500 8 GB Video Card (100-506095) - PCPartPicker
2024-10-04,38999.0,AMD 100-506095 Radeon Pro W5500 8 GB Video Card (100-506095) - PCPartPicker
2024-10-05,38999.0,AMD 100-506095 Radeon Pro W5500 8 GB Video Card (100-506095) - PCPartPicker
2024-10-06,38999.0,AMD 100-506095 Radeon Pro W5500 8 GB Video Card (100-506095) - PCPartPicker
2024-10-07,38999.0,AMD 100-506095 Radeon Pro W5500 8 GB Video Card (100-506095) - PCPartPicker
2024-10-08,38999.0,AMD 100-506095 Radeon Pro W5500 8 GB Video Card (100-506095) - PCPartPicker
2024-10-09,38999.0,AMD 100-506095 Radeon Pro W5500 8 GB Video Card (100-506095) - PCPartPicker
2024-10-10,38999.0,AMD 100-506095 Radeon Pro W5500 8 GB Video Card (100-506095) - PCPartPicker
2024-10-11,38999.0,AMD 100-506095 Radeon Pro W5500 8 GB Video Card (100-506095) - PCPartPicker
2024-10-12,38999.0,AMD 100-506095 Radeon Pro W5500 8 GB Video Card (100-506095) - PCPartPicker
2024-10-13,38999.0,AMD 100-506095 Radeon Pro W5500 8 GB Video Card (100-506095) - PCPartPicker
2024-10-14,38999.0,AMD 100-506095 Radeon Pro W5500 8 GB Video Card (100-506095) - PCPartPicker
2024-10-15,38999.0,AMD 100-506095 Radeon Pro W5500 8 GB Video Card (100-506095) - PCPartPicker
2024-10-16,38999.0,AMD 100-506095 Radeon Pro W5500 8 GB Video Card (100-506095) - PCPartPicker
2024-10-17,38999.0,AMD 100-506095 Radeon Pro W5500 8 GB Video Card (100-506095) - PCPartPicker
2024-10-18,38999.0,AMD 100-506095 Radeon Pro W5500 8 GB Video Card (100-506095) - PCPartPicker
2024-10-19,38999.0,AMD 100-506095 Radeon Pro W5500 8 GB Video Card (100-506095) - PCPartPicker
2024-10-20,38999.0,AMD 100-506095 Radeon Pro W5500 8 GB Video Card (100-506095) - PCPartPicker
2024-10-21,38999.0,AMD 100-506095 Radeon Pro W5500 8 GB Video Card (100-506095) - PCPartPicker
2024-10-22,38999.0,AMD 100-506095 Radeon Pro W5500 8 GB Video Card (100-506095) - PCPartPicker
2024-10-23,38999.0,AMD 100-506095 Radeon Pro W5500 8 GB Video Card (100-506095) - PCPartPicker
2024-10-24,38999.0,AMD 100-506095 Radeon Pro W5500 8 GB Video Card (100-506095) - PCPartPicker
2024-10-25,38999.0,AMD 100-506095 Radeon Pro W5500 8 GB Video Card (100-506095) - PCPartPicker
2024-10-26,38999.0,AMD 100-506095 Radeon Pro W5500 8 GB Video Card (100-506095) - PCPartPicker
2024-10-27,38999.0,AMD 100-506095 Radeon Pro W5500 8 GB Video Card (100-506095) - PCPartPicker
2024-10-28,38999.0,AMD 100-506095 Radeon Pro W5500 8 GB Video Card (100-506095) - PCPartPicker
2024-10-29,38999.0,AMD 100-506095 Radeon Pro W5500 8 GB Video Card (100-506095) - PCPartPicker
2024-10-30,38999.0,AMD 100-506095 Radeon Pro W5500 8 GB Video Card (100-506095) - PCPartPicker
2024-10-31,38999.0,AMD 100-506095 Radeon Pro W5500 8 GB Video Card (100-506095) - PCPartPicker
2024-11-01,38999.0,AMD 100-506095 Radeon Pro W5500 8 GB Video Card (100-506095) - PCPartPicker
2024-11-02,38999.0,AMD 100-506095 Radeon Pro W5500 8 GB Video Card (100-506095) - PCPartPicker
2024-11-03,38999.0,AMD 100-506095 Radeon Pro W5500 8 GB Video Card (100-506095) - PCPartPicker
2024-11-04,38999.0,AMD 100-506095 Radeon Pro W5500 8 GB Video Card (100-506095) - PCPartPicker
2024-11-05,38999.0,AMD 100-506095 Radeon Pro W5500 8 GB Video Card (100-506095) - PCPartPicker
2024-11-06,38999.0,AMD 100-506095 Radeon Pro W5500 8 GB Video Card (100-506095) - PCPartPicker
2024-11-07,38999.0,AMD 100-506095 Radeon Pro W5500 8 GB Video Card (100-506095) - PCPartPicker
2024-11-08,38999.0,AMD 100-506095 Radeon Pro W5500 8 GB Video Card (100-506095) - PCPartPicker
2024-11-09,38999.0,AMD 100-506095 Radeon Pro W5500 8 GB Video Card (100-506095) - PCPartPicker
2024-11-10,38999.0,AMD 100-506095 Radeon Pro W5500 8 GB Video Card (100-506095) - PCPartPicker
2024-11-11,38999.0,AMD 100-506095 Radeon Pro W5500 8 GB Video Card (100-506095) - PCPartPicker
2024-11-12,38999.0,AMD 100-506095 Radeon Pro W5500 8 GB Video Card (100-506095) - PCPartPicker
2024-11-13,38999.0,AMD 100-506095 Radeon Pro W5500 8 GB Video Card (100-506095) - PCPartPicker
2024-11-14,38999.0,AMD 100-506095 Radeon Pro W5500 8 GB Video Card (100-506095) - PCPartPicker
2024-11-15,38999.0,AMD 100-506095 Radeon Pro W5500 8 GB Video Card (100-506095) - PCPartPicker
2024-11-16,38999.0,AMD 100-506095 Radeon Pro W5500 8 GB Video Card (100-506095) - PCPartPicker
2024-11-17,38999.0,AMD 100-506095 Radeon Pro W5500 8 GB Video Card (100-506095) - PCPartPicker
2024-11-18,38999.0,AMD 100-506095 Radeon Pro W5500 8 GB Video Card (100-506095) - PCPartPicker
2024-11-19,38999.0,AMD 100-506095 Radeon Pro W5500 8 GB Video Card (100-506095) - PCPartPicker
2024-11-20,38999.0,AMD 100-506095 Radeon Pro W5500 8 GB Video Card (100-506095) - PCPartPicker
2024-11-21,38999.0,AMD 100-506095 Radeon Pro W5500 8 GB Video Card (100-506095) - PCPartPicker
2024-11-22,38999.0,AMD 100-506095 Radeon Pro W5500 8 GB Video Card (100-506095) - PCPartPicker
2024-11-23,38999.0,AMD 100-506095 Radeon Pro W5500 8 GB Video Card (100-506095) - PCPartPicker
2024-11-24,38999.0,AMD 100-506095 Radeon Pro W5500 8 GB Video Card (100-506095) - PCPartPicker
2024-11-25,38999.0,AMD 100-506095 Radeon Pro W5500 8 GB Video Card (100-506095) - PCPartPicker
2024-11-26,38999.0,AMD 100-506095 Radeon Pro W5500 8 GB Video Card (100-506095) - PCPartPicker
2024-11-27,38999.0,AMD 100-506095 Radeon Pro W5500 8 GB Video Card (100-506095) - PCPartPicker
2024-11-28,38999.0,AMD 100-506095 Radeon Pro W5500 8 GB Video Card (100-506095) - PCPartPicker
2024-11-29,38999.0,AMD 100-506095 Radeon Pro W5500 8 GB Video Card (100-506095) - PCPartPicker
2024-11-30,38999.0,AMD 100-506095 Radeon Pro W5500 8 GB Video Card (100-506095) - PCPartPicker
2024-12-01,38999.0,AMD 100-506095 Radeon Pro W5500 8 GB Video Card (100-506095) - PCPartPicker
2024-12-02,38999.0,AMD 100-506095 Radeon Pro W5500 8 GB Video Card (100-506095) - PCPartPicker
2024-12-03,38999.0,AMD 100-506095 Radeon Pro W5500 8 GB Video Card (100-506095) - PCPartPicker
2024-12-04,38999.0,AMD 100-506095 Radeon Pro W5500 8 GB Video Card (100-506095) - PCPartPicker
2024-12-05,38999.0,AMD 100-506095 Radeon Pro W5500 8 GB Video Card (100-506095) - PCPartPicker
2024-12-06,38999.0,AMD 100-506095 Radeon Pro W5500 8 GB Video Card (100-506095) - PCPartPicker
2024-12-07,38999.0,AMD 100-506095 Radeon Pro W5500 8 GB Video Card (100-506095) - PCPartPicker
2024-12-08,38999.0,AMD 100-506095 Radeon Pro W5500 8 GB Video Card (100-506095) - PCPartPicker
2024-12-09,38999.0,AMD 100-506095 Radeon Pro W5500 8 GB Video Card (100-506095) - PCPartPicker
2024-12-10,38999.0,AMD 100-506095 Radeon Pro W5500 8 GB Video Card (100-506095) - PCPartPicker
2024-12-11,38999.0,AMD 100-506095 Radeon Pro W5500 8 GB Video Card (100-506095) - PCPartPicker
2024-12-12,38999.0,AMD 100-506095 Radeon Pro W5500 8 GB Video Card (100-506095) - PCPartPicker
2024-12-13,38999.0,AMD 100-506095 Radeon Pro W5500 8 GB Video Card (100-506095) - PCPartPicker
2024-12-14,38999.0,AMD 100-506095 Radeon Pro W5500 8 GB Video Card (100-506095) - PCPartPicker
2024-12-15,38999.0,AMD 100-506095 Radeon Pro W5500 8 GB Video Card (100-506095) - PCPartPicker
2024-12-16,38999.0,AMD 100-506095 Radeon Pro W5500 8 GB Video Card (100-506095) - PCPartPicker
2024-12-17,38999.0,AMD 100-506095 Radeon Pro W5500 8 GB Video Card (100-506095) - PCPartPicker
2024-12-18,38999.0,AMD 100-506095 Radeon Pro W5500 8 GB Video Card (100-506095) - PCPartPicker
2024-12-19,38999.0,AMD 100-506095 Radeon Pro W5500 8 GB Video Card (100-506095) - PCPartPicker
2024-12-20,38999.0,AMD 100-506095 Radeon Pro W5500 8 GB Video Card (100-506095) - PCPartPicker
2024-12-21,38999.0,AMD 100-506095 Radeon Pro W5500 8 GB Video Card (100-506095) - PCPartPicker
2024-12-22,38999.0,AMD 100-506095 Radeon Pro W5500 8 GB Video Card (100-506095) - PCPartPicker
2024-12-23,38999.0,AMD 100-506095 Radeon Pro W5500 8 GB Video Card (100-506095) - PCPartPicker
2024-12-24,38999.0,AMD 100-506095 Radeon Pro W5500 8 GB Video Card (100-506095) - PCPartPicker
2024-12-25,38999.0,AMD 100-506095 Radeon Pro W5500 8 GB Video Card (100-506095) - PCPartPicker
2024-12-26,38999.0,AMD 100-506095 Radeon Pro W5500 8 GB Video Card (100-506095) - PCPartPicker
2024-12-27,38999.0,AMD 100-506095 Radeon Pro W5500 8 GB Video Card (100-506095) - PCPartPicker
2024-12-28,38999.0,AMD 100-506095 Radeon Pro W5500 8 GB Video Card (100-506095) - PCPartPicker
2024-12-29,38999.0,AMD 100-506095 Radeon Pro W5500 8 GB Video Card (100-506095) - PCPartPicker
2024-12-30,38999.0,AMD 100-506095 Radeon Pro W5500 8 GB Video Card (100-506095) - PCPartPicker
2024-12-31,38999.0,AMD 100-506095 Radeon Pro W5500 8 GB Video Card (100-506095) - PCPartPicker
2025-01-01,38999.0,AMD 100-506095 Radeon Pro W5500 8 GB Video Card (100-506095) - PCPartPicker
2025-01-02,38999.0,AMD 100-506095 Radeon Pro W5500 8 GB Video Card (100-506095) - PCPartPicker
2025-01-03,38999.0,AMD 100-506095 Radeon Pro W5500 8 GB Video Card (100-506095) - PCPartPicker
2025-01-04,38999.0,AMD 100-506095 Radeon Pro W5500 8 GB Video Card (100-506095) - PCPartPicker
2025-01-05,38999.0,AMD 100-506095 Radeon Pro W5500 8 GB Video Card (100-506095) - PCPartPicker
2025-01-06,38999.0,AMD 100-506095 Radeon Pro W5500 8 GB Video Card (100-506095) - PCPartPicker
2025-01-07,38999.0,AMD 100-506095 Radeon Pro W5500 8 GB Video Card (100-506095) - PCPartPicker
2025-01-08,38999.0,AMD 100-506095 Radeon Pro W5500 8 GB Video Card (100-506095) - PCPartPicker
2025-01-09,38999.0,AMD 100-506095 Radeon Pro W5500 8 GB Video Card (100-506095) - PCPartPicker
2025-01-10,38999.0,AMD 100-506095 Radeon Pro W5500 8 GB Video Card (100-506095) - PCPartPicker
2025-01-11,38999.0,AMD 100-506095 Radeon Pro W5500 8 GB Video Card (100-506095) - PCPartPicker
2025-01-12,38999.0,AMD 100-506095 Radeon Pro W5500 8 GB Video Card (100-506095) - PCPartPicker
2025-01-13,38999.0,AMD 100-506095 Radeon Pro W5500 8 GB Video Card (100-506095) - PCPartPicker
2025-01-14,38999.0,AMD 100-506095 Radeon Pro W5500 8 GB Video Card (100-506095) - PCPartPicker
2025-01-15,38999.0,AMD 100-506095 Radeon Pro W5500 8 GB Video Card (100-506095) - PCPartPicker
2025-01-16,38999.0,AMD 100-506095 Radeon Pro W5500 8 GB Video Card (100-506095) - PCPartPicker
2025-01-17,38999.0,AMD 100-506095 Radeon Pro W5500 8 GB Video Card (100-506095) - PCPartPicker
2025-01-18,38999.0,AMD 100-506095 Radeon Pro W5500 8 GB Video Card (100-506095) - PCPartPicker
2025-01-19,38999.0,AMD 100-506095 Radeon Pro W5500 8 GB Video Card (100-506095) - PCPartPicker
2025-01-20,38999.0,AMD 100-506095 Radeon Pro W5500 8 GB Video Card (100-506095) - PCPartPicker
2025-01-21,38999.0,AMD 100-506095 Radeon Pro W5500 8 GB Video Card (100-506095) - PCPartPicker
2025-01-22,38999.0,AMD 100-506095 Radeon Pro W5500 8 GB Video Card (100-506095) - PCPartPicker
2025-01-23,38999.0,AMD 100-506095 Radeon Pro W5500 8 GB Video Card (100-506095) - PCPartPicker
2025-01-24,38999.0,AMD 100-506095 Radeon Pro W5500 8 GB Video Card (100-506095) - PCPartPicker
2025-01-25,38999.0,AMD 100-506095 Radeon Pro W5500 8 GB Video Card (100-506095) - PCPartPicker
2025-01-26,38999.0,AMD 100-506095 Radeon Pro W5500 8 GB Video Card (100-506095) - PCPartPicker
2025-01-27,38999.0,AMD 100-506095 Radeon Pro W5500 8 GB Video Card (100-506095) - PCPartPicker
2025-01-28,38999.0,AMD 100-506095 Radeon Pro W5500 8 GB Video Card (100-506095) - PCPartPicker
2025-01-29,38999.0,AMD 100-506095 Radeon Pro W5500 8 GB Video Card (100-506095) - PCPartPicker
2025-01-30,38999.0,AMD 100-506095 Radeon Pro W5500 8 GB Video Card (100-506095) - PCPartPicker
2025-01-31,38999.0,AMD 100-506095 Radeon Pro W5500 8 GB Video Card (100-506095) - PCPartPicker
2025-02-01,38999.0,AMD 100-506095 Radeon Pro W5500 8 GB Video Card (100-506095) - PCPartPicker
2025-02-02,38999.0,AMD 100-506095 Radeon Pro W5500 8 GB Video Card (100-506095) - PCPartPicker
2025-02-03,38999.0,AMD 100-506095 Radeon Pro W5500 8 GB Video Card (100-506095) - PCPartPicker
2025-02-04,38999.0,AMD 100-506095 Radeon Pro W5500 8 GB Video Card (100-506095) - PCPartPicker
2025-02-05,38999.0,AMD 100-506095 Radeon Pro W5500 8 GB Video Card (100-506095) - PCPartPicker
2025-02-06,38999.0,AMD 100-506095 Radeon Pro W5500 8 GB Video Card (100-506095) - PCPartPicker
2025-02-07,38999.0,AMD 100-506095 Radeon Pro W5500 8 GB Video Card (100-506095) - PCPartPicker
2025-02-08,38999.0,AMD 100-506095 Radeon Pro W5500 8 GB Video Card (100-506095) - PCPartPicker
2025-02-09,38999.0,AMD 100-506095 Radeon Pro W5500 8 GB Video Card (100-506095) - PCPartPicker
2025-02-10,38999.0,AMD 100-506095 Radeon Pro W5500 8 GB Video Card (100-506095) - PCPartPicker
2025-02-11,38999.0,AMD 100-506095 Radeon Pro W5500 8 GB Video Card (100-506095) - PCPartPicker
2025-02-12,38999.0,AMD 100-506095 Radeon Pro W5500 8 GB Video Card (100-506095) - PCPartPicker
2025-02-13,38999.0,AMD 100-506095 Radeon Pro W5500 8 GB Video Card (100-506095) - PCPartPicker
2025-02-14,38999.0,AMD 100-506095 Radeon Pro W5500 8 GB Video Card (100-506095) - PCPartPicker
2025-02-15,38999.0,AMD 100-506095 Radeon Pro W5500 8 GB Video Card (100-506095) - PCPartPicker
2025-02-16,38999.0,AMD 100-506095 Radeon Pro W5500 8 GB Video Card (100-506095) - PCPartPicker
2025-02-17,38999.0,AMD 100-506095 Radeon Pro W5500 8 GB Video Card (100-506095) - PCPartPicker
2025-02-18,38999.0,AMD 100-506095 Radeon Pro W5500 8 GB Video Card (100-506095) - PCPartPicker
2025-02-19,38999.0,AMD 100-506095 Radeon Pro W5500 8 GB Video Card (100-506095) - PCPartPicker
2025-02-20,38999.0,AMD 100-506095 Radeon Pro W5500 8 GB Video Card (100-506095) - PCPartPicker
2025-02-21,38999.0,AMD 100-506095 Radeon Pro W5500 8 GB Video Card (100-506095) - PCPartPicker
2025-02-22,38999.0,AMD 100-506095 Radeon Pro W5500 8 GB Video Card (100-506095) - PCPartPicker
2025-02-23,38999.0,AMD 100-506095 Radeon Pro W5500 8 GB Video Card (100-506095) - PCPartPicker
2025-02-24,38999.0,AMD 100-506095 Radeon Pro W5500 8 GB Video Card (100-506095) - PCPartPicker
2025-02-25,38999.0,AMD 100-506095 Radeon Pro W5500 8 GB Video Card (100-506095) - PCPartPicker
2025-02-26,38999.0,AMD 100-506095 Radeon Pro W5500 8 GB Video Card (100-506095) - PCPartPicker
2025-02-27,38999.0,AMD 100-506095 Radeon Pro W5500 8 GB Video Card (100-506095) - PCPartPicker
2025-02-28,38999.0,AMD 100-506095 Radeon Pro W5500 8 GB Video Card (100-506095) - PCPartPicker
2025-03-01,38999.0,AMD 100-506095 Radeon Pro W5500 8 GB Video Card (100-506095) - PCPartPicker
2025-03-02,38999.0,AMD 100-506095 Radeon Pro W5500 8 GB Video Card (100-506095) - PCPartPicker
2025-03-03,38999.0,AMD 100-506095 Radeon Pro W5500 8 GB Video Card (100-506095) - PCPartPicker
2025-03-04,38999.0,AMD 100-506095 Radeon Pro W5500 8 GB Video Card (100-506095) - PCPartPicker
2025-03-05,38999.0,AMD 100-506095 Radeon Pro W5500 8 GB Video Card (100-506095) - PCPartPicker
2025-03-06,38999.0,AMD 100-506095 Radeon Pro W5500 8 GB Video Card (100-506095) - PCPartPicker
2025-03-07,38999.0,AMD 100-506095 Radeon Pro W5500 8 GB Video Card (100-506095) - PCPartPicker
2025-03-08,38999.0,AMD 100-506095 Radeon Pro W5500 8 GB Video Card (100-506095) - PCPartPicker
2025-03-09,38999.0,AMD 100-506095 Radeon Pro W5500 8 GB Video Card (100-506095) - PCPartPicker
2025-03-10,38999.0,AMD 100-506095 Radeon Pro W5500 8 GB Video Card (100-506095) - PCPartPicker
2025-03-11,38999.0,AMD 100-506095 Radeon Pro W5500 8 GB Video Card (100-506095) - PCPartPicker
2025-03-12,38999.0,AMD 100-506095 Radeon Pro W5500 8 GB Video Card (100-506095) - PCPartPicker
2025-03-13,38999.0,AMD 100-506095 Radeon Pro W5500 8 GB Video Card (100-506095) - PCPartPicker
2025-03-14,38999.0,AMD 100-506095 Radeon Pro W5500 8 GB Video Card (100-506095) - PCPartPicker
2025-03-15,38999.0,AMD 100-506095 Radeon Pro W5500 8 GB Video Card (100-506095) - PCPartPicker
2025-03-16,38999.0,AMD 100-506095 Radeon Pro W5500 8 GB Video Card (100-506095) - PCPartPicker
2025-03-17,38999.0,AMD 100-506095 Radeon Pro W5500 8 GB Video Card (100-506095) - PCPartPicker
2025-03-18,38999.0,AMD 100-506095 Radeon Pro W5500 8 GB Video Card (100-506095) - PCPartPicker
2025-03-19,38999.0,AMD 100-506095 Radeon Pro W5500 8 GB Video Card (100-506095) - PCPartPicker
2025-03-20,38999.0,AMD 100-506095 Radeon Pro W5500 8 GB Video Card (100-506095) - PCPartPicker
2025-03-21,38999.0,AMD 100-506095 Radeon Pro W5500 8 GB Video Card (100-506095) - PCPartPicker
2025-03-22,38999.0,AMD 100-506095 Radeon Pro W5500 8 GB Video Card (100-506095) - PCPartPicker
2025-03-23,38999.0,AMD 100-506095 Radeon Pro W5500 8 GB Video Card (100-506095) - PCPartPicker
2025-03-24,38999.0,AMD 100-506095 Radeon Pro W5500 8 GB Video Card (100-506095) - PCPartPicker
2025-03-25,38999.0,AMD 100-506095 Radeon Pro W5500 8 GB Video Card (100-506095) - PCPartPicker
2025-03-26,38999.0,AMD 100-506095 Radeon Pro W5500 8 GB Video Card (100-506095) - PCPartPicker
2025-03-27,38999.0,AMD 100-506095 Radeon Pro W5500 8 GB Video Card (100-506095) - PCPartPicker
2025-03-28,38999.0,AMD 100-506095 Radeon Pro W5500 8 GB Video Card (100-506095) - PCPartPicker
2025-03-29,38999.0,AMD 100-506095 Radeon Pro W5500 8 GB Video Card (100-506095) - PCPartPicker
2025-03-30,38999.0,AMD 100-506095 Radeon Pro W5500 8 GB Video Card (100-506095) - PCPartPicker
2025-03-31,38999.0,AMD 100-506095 Radeon Pro W5500 8 GB Video Card (100-506095) - PCPartPicker
2025-04-01,38999.0,AMD 100-506095 Radeon Pro W5500 8 GB Video Card (100-506095) - PCPartPicker
2025-04-02,38999.0,AMD 100-506095 Radeon Pro W5500 8 GB Video Card (100-506095) - PCPartPicker
2025-04-03,38999.0,AMD 100-506095 Radeon Pro W5500 8 GB Video Card (100-506095) - PCPartPicker
2025-04-04,38999.0,AMD 100-506095 Radeon Pro W5500 8 GB Video Card (100-506095) - PCPartPicker
2025-04-05,38999.0,AMD 100-506095 Radeon Pro W5500 8 GB Video Card (100-506095) - PCPartPicker
2025-04-06,38999.0,AMD 100-506095 Radeon Pro W5500 8 GB Video Card (100-506095) - PCPartPicker
2025-04-07,38999.0,AMD 100-506095 Radeon Pro W5500 8 GB Video Card (100-506095) - PCPartPicker
2025-04-08,38999.0,AMD 100-506095 Radeon Pro W5500 8 GB Video Card (100-506095) - PCPartPicker
2025-04-09,38999.0,AMD 100-506095 Radeon Pro W5500 8 GB Video Card (100-506095) - PCPartPicker
2025-04-10,38999.0,AMD 100-506095 Radeon Pro W5500 8 GB Video Card (100-506095) - PCPartPicker
2025-04-11,38999.0,AMD 100-506095 Radeon Pro W5500 8 GB Video Card (100-506095) - PCPartPicker
2025-04-12,38999.0,AMD 100-506095 Radeon Pro W5500 8 GB Video Card (100-506095) - PCPartPicker
2025-04-13,38999.0,AMD 100-506095 Radeon Pro W5500 8 GB Video Card (100-506095) - PCPartPicker
2025-04-14,38999.0,AMD 100-506095 Radeon Pro W5500 8 GB Video Card (100-506095) - PCPartPicker
2025-04-15,38999.0,AMD 100-506095 Radeon Pro W5500 8 GB Video Card (100-506095) - PCPartPicker
2025-04-16,38999.0,AMD 100-506095 Radeon Pro W5500 8 GB Video Card (100-506095) - PCPartPicker
2025-04-17,38999.0,AMD 100-506095 Radeon Pro W5500 8 GB Video Card (100-506095) - PCPartPicker
2025-04-18,38999.0,AMD 100-506095 Radeon Pro W5500 8 GB Video Card (100-506095) - PCPartPicker
2025-04-19,38999.0,AMD 100-506095 Radeon Pro W5500 8 GB Video Card (100-506095) - PCPartPicker
2025-04-20,38999.0,AMD 100-506095 Radeon Pro W5500 8 GB Video Card (100-506095) - PCPartPicker
2025-04-21,38999.0,AMD 100-506095 Radeon Pro W5500 8 GB Video Card (100-506095) - PCPartPicker
2025-04-22,38999.0,AMD 100-506095 Radeon Pro W5500 8 GB Video Card (100-506095) - PCPartPicker
2025-04-23,38999.0,AMD 100-506095 Radeon Pro W5500 8 GB Video Card (100-506095) - PCPartPicker
2025-04-24,38999.0,AMD 100-506095 Radeon Pro W5500 8 GB Video Card (100-506095) - PCPartPicker
2025-04-25,38999.0,AMD 100-506095 Radeon Pro W5500 8 GB Video Card (100-506095) - PCPartPicker
2025-04-26,38999.0,AMD 100-506095 Radeon Pro W5500 8 GB Video Card (100-506095) - PCPartPicker
2025-04-27,38999.0,AMD 100-506095 Radeon Pro W5500 8 GB Video Card (100-506095) - PCPartPicker
2025-04-28,38999.0,AMD 100-506095 Radeon Pro W5500 8 GB Video Card (100-506095) - PCPartPicker
2025-04-29,38999.0,AMD 100-506095 Radeon Pro W5500 8 GB Video Card (100-506095) - PCPartPicker
2025-04-30,38999.0,AMD 100-506095 Radeon Pro W5500 8 GB Video Card (100-506095) - PCPartPicker
2025-05-01,38999.0,AMD 100-506095 Radeon Pro W5500 8 GB Video Card (100-506095) - PCPartPicker
2025-05-02,38999.0,AMD 100-506095 Radeon Pro W5500 8 GB Video Card (100-506095) - PCPartPicker
2025-05-03,38999.0,AMD 100-506095 Radeon Pro W5500 8 GB Video Card (100-506095) - PCPartPicker
2025-05-04,38999.0,AMD 100-506095 Radeon Pro W5500 8 GB Video Card (100-506095) - PCPartPicker
2025-05-05,38999.0,AMD 100-506095 Radeon Pro W5500 8 GB Video Card (100-506095) - PCPartPicker
2025-05-06,38999.0,AMD 100-506095 Radeon Pro W5500 8 GB Video Card (100-506095) - PCPartPicker
2025-05-07,38999.0,AMD 100-506095 Radeon Pro W5500 8 GB Video Card (100-506095) - PCPartPicker
2025-05-08,38999.0,AMD 100-506095 Radeon Pro W5500 8 GB Video Card (100-506095) - PCPartPicker
2025-05-09,38999.0,AMD 100-506095 Radeon Pro W5500 8 GB Video Card (100-506095) - PCPartPicker
2025-05-10,38999.0,AMD 100-506095 Radeon Pro W5500 8 GB Video Card (100-506095) - PCPartPicker
2025-05-11,38999.0,AMD 100-506095 Radeon Pro W5500 8 GB Video Card (100-506095) - PCPartPicker
2025-05-12,38999.0,AMD 100-506095 Radeon Pro W5500 8 GB Video Card (100-506095) - PCPartPicker
2025-05-13,38999.0,AMD 100-506095 Radeon Pro W5500 8 GB Video Card (100-506095) - PCPartPicker
2025-05-14,38999.0,AMD 100-506095 Radeon Pro W5500 8 GB Video Card (100-506095) - PCPartPicker
2025-05-15,38999.0,AMD 100-506095 Radeon Pro W5500 8 GB Video Card (100-506095) - PCPartPicker
2025-05-16,38999.0,AMD 100-506095 Radeon Pro W5500 8 GB Video Card (100-506095) - PCPartPicker
2025-05-17,38999.0,AMD 100-506095 Radeon Pro W5500 8 GB Video Card (100-506095) - PCPartPicker
2025-05-18,38999.0,AMD 100-506095 Radeon Pro W5500 8 GB Video Card (100-506095) - PCPartPicker
2025-05-19,38999.0,AMD 100-506095 Radeon Pro W5500 8 GB Video Card (100-506095) - PCPartPicker
2025-05-20,38999.0,AMD 100-506095 Radeon Pro W5500 8 GB Video Card (100-506095) - PCPartPicker
2025-05-21,38999.0,AMD 100-506095 Radeon Pro W5500 8 GB Video Card (100-506095) - PCPartPicker
2025-05-22,38999.0,AMD 100-506095 Radeon Pro W5500 8 GB Video Card (100-506095) - PCPartPicker
2025-05-23,38999.0,AMD 100-506095 Radeon Pro W5500 8 GB Video Card (100-506095) - PCPartPicker
2025-05-24,38999.0,AMD 100-506095 Radeon Pro W5500 8 GB Video Card (100-506095) - PCPartPicker
2025-05-25,38999.0,AMD 100-506095 Radeon Pro W5500 8 GB Video Card (100-506095) - PCPartPicker
2025-05-26,38999.0,AMD 100-506095 Radeon Pro W5500 8 GB Video Card (100-506095) - PCPartPicker
2025-05-27,38999.0,AMD 100-506095 Radeon Pro W5500 8 GB Video Card (100-506095) - PCPartPicker
2025-05-28,38999.0,AMD 100-506095 Radeon Pro W5500 8 GB Video Card (100-506095) - PCPartPicker
2025-05-29,38999.0,AMD 100-506095 Radeon Pro W5500 8 GB Video Card (100-506095) - PCPartPicker
2025-05-30,38999.0,AMD 100-506095 Radeon Pro W5500 8 GB Video Card (100-506095) - PCPartPicker
2025-05-31,38999.0,AMD 100-506095 Radeon Pro W5500 8 GB Video Card (100-506095) - PCPartPicker
2025-06-01,38999.0,AMD 100-506095 Radeon Pro W5500 8 GB Video Card (100-506095) - PCPartPicker
2025-06-02,38999.0,AMD 100-506095 Radeon Pro W5500 8 GB Video Card (100-506095) - PCPartPicker
2025-06-03,38999.0,AMD 100-506095 Radeon Pro W5500 8 GB Video Card (100-506095) - PCPartPicker
2025-06-04,38999.0,AMD 100-506095 Radeon Pro W5500 8 GB Video Card (100-506095) - PCPartPicker
2025-06-05,38999.0,AMD 100-506095 Radeon Pro W5500 8 GB Video Card (100-506095) - PCPartPicker
2025-06-06,38999.0,AMD 100-506095 Radeon Pro W5500 8 GB Video Card (100-506095) - PCPartPicker
2025-06-07,38999.0,AMD 100-506095 Radeon Pro W5500 8 GB Video Card (100-506095) - PCPartPicker
2025-06-08,38999.0,AMD 100-506095 Radeon Pro W5500 8 GB Video Card (100-506095) - PCPartPicker
2025-06-09,38999.0,AMD 100-506095 Radeon Pro W5500 8 GB Video Card (100-506095) - PCPartPicker
2025-06-10,38999.0,AMD 100-506095 Radeon Pro W5500 8 GB Video Card (100-506095) - PCPartPicker
2025-06-11,38999.0,AMD 100-506095 Radeon Pro W5500 8 GB Video Card (100-506095) - PCPartPicker
2025-06-12,38999.0,AMD 100-506095 Radeon Pro W5500 8 GB Video Card (100-506095) - PCPartPicker
2025-06-13,38999.0,AMD 100-506095 Radeon Pro W5500 8 GB Video Card (100-506095) - PCPartPicker
2025-06-14,38999.0,AMD 100-506095 Radeon Pro W5500 8 GB Video Card (100-506095) - PCPartPicker
2025-06-15,38999.0,AMD 100-506095 Radeon Pro W5500 8 GB Video Card (100-506095) - PCPartPicker
2025-06-16,38999.0,AMD 100-506095 Radeon Pro W5500 8 GB Video Card (100-506095) - PCPartPicker
2025-06-17,38999.0,AMD 100-506095 Radeon Pro W5500 8 GB Video Card (100-506095) - PCPartPicker
2025-06-18,38999.0,AMD 100-506095 Radeon Pro W5500 8 GB Video Card (100-506095) - PCPartPicker
2025-06-19,38999.0,AMD 100-506095 Radeon Pro W5500 8 GB Video Card (100-506095) - PCPartPicker
2025-06-20,38999.0,AMD 100-506095 Radeon Pro W5500 8 GB Video Card (100-506095) - PCPartPicker
2025-06-21,38999.0,AMD 100-506095 Radeon Pro W5500 8 GB Video Card (100-506095) - PCPartPicker
2025-06-22,38999.0,AMD 100-506095 Radeon Pro W5500 8 GB Video Card (100-506095) - PCPartPicker
2025-06-23,38999.0,AMD 100-506095 Radeon Pro W5500 8 GB Video Card (100-506095) - PCPartPicker
2025-06-24,38999.0,AMD 100-506095 Radeon Pro W5500 8 GB Video Card (100-506095) - PCPartPicker
2025-06-25,38999.0,AMD 100-506095 Radeon Pro W5500 8 GB Video Card (100-506095) - PCPartPicker
2025-06-26,38999.0,AMD 100-506095 Radeon Pro W5500 8 GB Video Card (100-506095) - PCPartPicker
2025-06-27,38999.0,AMD 100-506095 Radeon Pro W5500 8 GB Video Card (100-506095) - PCPartPicker
2025-06-28,38999.0,AMD 100-506095 Radeon Pro W5500 8 GB Video Card (100-506095) - PCPartPicker
2025-06-29,38999.0,AMD 100-506095 Radeon Pro W5500 8 GB Video Card (100-506095) - PCPartPicker
2025-06-30,38999.0,AMD 100-506095 Radeon Pro W5500 8 GB Video Card (100-506095) - PCPartPicker
2025-07-01,38999.0,AMD 100-506095 Radeon Pro W5500 8 GB Video Card (100-506095) - PCPartPicker
2025-07-02,38999.0,AMD 100-506095 Radeon Pro W5500 8 GB Video Card (100-506095) - PCPartPicker
2025-07-03,38999.0,AMD 100-506095 Radeon Pro W5500 8 GB Video Card (100-506095) - PCPartPicker
2025-07-04,38999.0,AMD 100-506095 Radeon Pro W5500 8 GB Video Card (100-506095) - PCPartPicker
2025-07-05,38999.0,AMD 100-506095 Radeon Pro W5500 8 GB Video Card (100-506095) - PCPartPicker
2025-07-06,38999.0,AMD 100-506095 Radeon Pro W5500 8 GB Video Card (100-506095) - PCPartPicker
2025-07-07,38999.0,AMD 100-506095 Radeon Pro W5500 8 GB Video Card (100-506095) - PCPartPicker
2025-07-08,38999.0,AMD 100-506095 Radeon Pro W5500 8 GB Video Card (100-506095) - PCPartPicker
2025-07-09,38999.0,AMD 100-506095 Radeon Pro W5500 8 GB Video Card (100-506095) - PCPartPicker
2025-07-10,38999.0,AMD 100-506095 Radeon Pro W5500 8 GB Video Card (100-506095) - PCPartPicker
2025-07-11,38999.0,AMD 100-506095 Radeon Pro W5500 8 GB Video Card (100-506095) - PCPartPicker
2025-07-12,38999.0,AMD 100-506095 Radeon Pro W5500 8 GB Video Card (100-506095) - PCPartPicker
2025-07-13,38999.0,AMD 100-506095 Radeon Pro W5500 8 GB Video Card (100-506095) - PCPartPicker
2025-07-14,38999.0,AMD 100-506095 Radeon Pro W5500 8 GB Video Card (100-506095) - PCPartPicker
2025-07-15,38999.0,AMD 100-506095 Radeon Pro W5500 8 GB Video Card (100-506095) - PCPartPicker
2025-07-16,38999.0,AMD 100-506095 Radeon Pro W5500 8 GB Video Card (100-506095) - PCPartPicker
2025-07-17,38999.0,AMD 100-506095 Radeon Pro W5500 8 GB Video Card (100-506095) - PCPartPicker
2025-07-18,38999.0,AMD 100-506095 Radeon Pro W5500 8 GB Video Card (100-506095) - PCPartPicker
2025-07-19,38999.0,AMD 100-506095 Radeon Pro W5500 8 GB Video Card (100-506095) - PCPartPicker
2025-07-20,38999.0,AMD 100-506095 Radeon Pro W5500 8 GB Video Card (100-506095) - PCPartPicker
2025-07-21,38999.0,AMD 100-506095 Radeon Pro W5500 8 GB Video Card (100-506095) - PCPartPicker
2025-07-22,38999.0,AMD 100-506095 Radeon Pro W5500 8 GB Video Card (100-506095) - PCPartPicker
2025-07-23,38999.0,AMD 100-506095 Radeon Pro W5500 8 GB Video Card (100-506095) - PCPartPicker
2025-07-24,38999.0,AMD 100-506095 Radeon Pro W5500 8 GB Video Card (100-506095) - PCPartPicker
2025-07-25,38999.0,AMD 100-506095 Radeon Pro W5500 8 GB Video Card (100-506095) - PCPartPicker
2025-07-26,38999.0,AMD 100-506095 Radeon Pro W5500 8 GB Video Card (100-506095) - PCPartPicker
2025-07-27,38999.0,AMD 100-506095 Radeon Pro W5500 8 GB Video Card (100-506095) - PCPartPicker
2025-07-28,38999.0,AMD 100-506095 Radeon Pro W5500 8 GB Video Card (100-506095) - PCPartPicker
2025-07-29,38999.0,AMD 100-506095 Radeon Pro W5500 8 GB Video Card (100-506095) - PCPartPicker
2025-07-30,38999.0,AMD 100-506095 Radeon Pro W5500 8 GB Video Card (100-506095) - PCPartPicker
2025-07-31,38999.0,AMD 100-506095 Radeon Pro W5500 8 GB Video Card (100-506095) - PCPartPicker
2025-08-01,38999.0,AMD 100-506095 Radeon Pro W5500 8 GB Video Card (100-506095) - PCPartPicker
2025-08-02,38999.0,AMD 100-506095 Radeon Pro W5500 8 GB Video Card (100-506095) - PCPartPicker
2025-08-03,38999.0,AMD 100-506095 Radeon Pro W5500 8 GB Video Card (100-506095) - PCPartPicker
2025-08-04,38999.0,AMD 100-506095 Radeon Pro W5500 8 GB Video Card (100-506095) - PCPartPicker
2025-08-05,38999.0,AMD 100-506095 Radeon Pro W5500 8 GB Video Card (100-506095) - PCPartPicker
2025-08-06,38999.0,AMD 100-506095 Radeon Pro W5500 8 GB Video Card (100-506095) - PCPartPicker
2025-08-07,38999.0,AMD 100-506095 Radeon Pro W5500 8 GB Video Card (100-506095) - PCPartPicker
2025-08-08,38999.0,AMD 100-506095 Radeon Pro W5500 8 GB Video Card (100-506095) - PCPartPicker
2025-08-09,38999.0,AMD 100-506095 Radeon Pro W5500 8 GB Video Card (100-506095) - PCPartPicker
2025-08-10,38999.0,AMD 100-506095 Radeon Pro W5500 8 GB Video Card (100-506095) - PCPartPicker
2025-08-11,38999.0,AMD 100-506095 Radeon Pro W5500 8 GB Video Card (100-506095) - PCPartPicker
2025-08-12,38999.0,AMD 100-506095 Radeon Pro W5500 8 GB Video Card (100-506095) - PCPartPicker
2025-08-13,38999.0,AMD 100-506095 Radeon Pro W5500 8 GB Video Card (100-506095) - PCPartPicker
2025-08-14,38999.0,AMD 100-506095 Radeon Pro W5500 8 GB Video Card (100-506095) - PCPartPicker
2025-08-15,38999.0,AMD 100-506095 Radeon Pro W5500 8 GB Video Card (100-506095) - PCPartPicker
2025-08-16,38999.0,AMD 100-506095 Radeon Pro W5500 8 GB Video Card (100-506095) - PCPartPicker
2025-08-17,38999.0,AMD 100-506095 Radeon Pro W5500 8 GB Video Card (100-506095) - PCPartPicker
2025-08-18,38999.0,AMD 100-506095 Radeon Pro W5500 8 GB Video Card (100-506095) - PCPartPicker
2025-08-19,38999.0,AMD 100-506095 Radeon Pro W5500 8 GB Video Card (100-506095) - PCPartPicker
2025-08-20,38999.0,AMD 100-506095 Radeon Pro W5500 8 GB Video Card (100-506095) - PCPartPicker
2025-08-21,38999.0,AMD 100-506095 Radeon Pro W5500 8 GB Video Card (100-506095) - PCPartPicker
2025-08-22,38999.0,AMD 100-506095 Radeon Pro W5500 8 GB Video Card (100-506095) - PCPartPicker
2025-08-23,38999.0,AMD 100-506095 Radeon Pro W5500 8 GB Video Card (100-506095) - PCPartPicker
2025-08-24,38999.0,AMD 100-506095 Radeon Pro W5500 8 GB Video Card (100-506095) - PCPartPicker
2025-08-25,38999.0,AMD 100-506095 Radeon Pro W5500 8 GB Video Card (100-506095) - PCPartPicker
2025-08-26,38999.0,AMD 100-506095 Radeon Pro W5500 8 GB Video Card (100-506095) - PCPartPicker
2025-08-27,38999.0,AMD 100-506095 Radeon Pro W5500 8 GB Video Card (100-506095) - PCPartPicker
2025-08-28,38999.0,AMD 100-506095 Radeon Pro W5500 8 GB Video Card (100-506095) - PCPartPicker
2025-08-29,38999.0,AMD 100-506095 Radeon Pro W5500 8 GB Video Card (100-506095) - PCPartPicker
2025-08-30,38999.0,AMD 100-506095 Radeon Pro W5500 8 GB Video Card (100-506095) - PCPartPicker
2025-08-31,38999.0,AMD 100-506095 Radeon Pro W5500 8 GB Video Card (100-506095) - PCPartPicker
2025-09-01,38999.0,AMD 100-506095 Radeon Pro W5500 8 GB Video Card (100-506095) - PCPartPicker
2025-09-02,38999.0,AMD 100-506095 Radeon Pro W5500 8 GB Video Card (100-506095) - PCPartPicker
2025-09-03,38999.0,AMD 100-506095 Radeon Pro W5500 8 GB Video Card (100-506095) - PCPartPicker
2025-09-04,38999.0,AMD 100-506095 Radeon Pro W5500 8 GB Video Card (100-506095) - PCPartPicker
2025-09-05,38999.0,AMD 100-506095 Radeon Pro W5500 8 GB Video Card (100-506095) - PCPartPicker
2025-09-06,38999.0,AMD 100-506095 Radeon Pro W5500 8 GB Video Card (100-506095) - PCPartPicker
2025-09-07,38999.0,AMD 100-506095 Radeon Pro W5500 8 GB Video Card (100-506095) - PCPartPicker
2025-09-08,38999.0,AMD 100-506095 Radeon Pro W5500 8 GB Video Card (100-506095) - PCPartPicker
2025-09-09,38999.0,AMD 100-506095 Radeon Pro W5500 8 GB Video Card (100-506095) - PCPartPicker
2025-09-10,38999.0,AMD 100-506095 Radeon Pro W5500 8 GB Video Card (100-506095) - PCPartPicker
2025-09-11,38999.0,AMD 100-506095 Radeon Pro W5500 8 GB Video Card (100-506095) - PCPartPicker
2025-09-12,38999.0,AMD 100-506095 Radeon Pro W5500 8 GB Video Card (100-506095) - PCPartPicker
2025-09-13,38999.0,AMD 100-506095 Radeon Pro W5500 8 GB Video Card (100-506095) - PCPartPicker
2025-09-14,38999.0,AMD 100-506095 Radeon Pro W5500 8 GB Video Card (100-506095) - PCPartPicker
2025-09-15,38999.0,AMD 100-506095 Radeon Pro W5500 8 GB Video Card (100-506095) - PCPartPicker
2025-09-16,38999.0,AMD 100-506095 Radeon Pro W5500 8 GB Video Card (100-506095) - PCPartPicker
2025-09-17,38999.0,AMD 100-506095 Radeon Pro W5500 8 GB Video Card (100-506095) - PCPartPicker
2025-09-18,38999.0,AMD 100-506095 Radeon Pro W5500 8 GB Video Card (100-506095) - PCPartPicker
2025-09-19,38999.0,AMD 100-506095 Radeon Pro W5500 8 GB Video Card (100-506095) - PCPartPicker
2025-09-20,38999.0,AMD 100-506095 Radeon Pro W5500 8 GB Video Card (100-506095) - PCPartPicker
2025-09-21,38999.0,AMD 100-506095 Radeon Pro W5500 8 GB Video Card (100-506095) - PCPartPicker
2025-09-22,38999.0,AMD 100-506095 Radeon Pro W5500 8 GB Video Card (100-506095) - PCPartPicker
2025-09-23,38999.0,AMD 100-506095 Radeon Pro W5500 8 GB Video Card (100-506095) - PCPartPicker
2025-09-24,38999.0,AMD 100-506095 Radeon Pro W5500 8 GB Video Card (100-506095) - PCPartPicker
2025-09-25,38999.0,AMD 100-506095 Radeon Pro W5500 8 GB Video Card (100-506095) - PCPartPicker
2025-09-26,38999.0,AMD 100-506095 Radeon Pro W5500 8 GB Video Card (100-506095) - PCPartPicker
2025-09-27,38999.0,AMD 100-506095 Radeon Pro W5500 8 GB Video Card (100-506095) - PCPartPicker
2025-09-28,38999.0,AMD 100-506095 Radeon Pro W5500 8 GB Video Card (100-506095) - PCPartPicker
2025-09-29,38999.0,AMD 100-506095 Radeon Pro W5500 8 GB Video Card (100-506095) - PCPartPicker
2025-09-30,38999.0,AMD 100-506095 Radeon Pro W5500 8 GB Video Card (100-506095) - PCPartPicker
2025-10-01,38999.0,AMD 100-506095 Radeon Pro W5500 8 GB Video Card (100-506095) - PCPartPicker
2025-10-02,38999.0,AMD 100-506095 Radeon Pro W5500 8 GB Video Card (100-506095) - PCPartPicker
2025-10-03,38999.0,AMD 100-506095 Radeon Pro W5500 8 GB Video Card (100-506095) - PCPartPicker
2025-10-04,38999.0,AMD 100-506095 Radeon Pro W5500 8 GB Video Card (100-506095) - PCPartPicker
2025-10-05,38999.0,AMD 100-506095 Radeon Pro W5500 8 GB Video Card (100-506095) - PCPartPicker
2025-10-06,38999.0,AMD 100-506095 Radeon Pro W5500 8 GB Video Card (100-506095) - PCPartPicker
2025-10-07,38999.0,AMD 100-506095 Radeon Pro W5500 8 GB Video Card (100-506095) - PCPartPicker
2025-10-08,38999.0,AMD 100-506095 Radeon Pro W5500 8 GB Video Card (100-506095) - PCPartPicker
2025-10-09,38999.0,AMD 100-506095 Radeon Pro W5500 8 GB Video Card (100-506095) - PCPartPicker
2025-10-10,38999.0,AMD 100-506095 Radeon Pro W5500 8 GB Video Card (100-506095) - PCPartPicker
2025-10-11,38999.0,AMD 100-506095 Radeon Pro W5500 8 GB Video Card (100-506095) - PCPartPicker
2025-10-12,38999.0,AMD 100-506095 Radeon Pro W5500 8 GB Video Card (100-506095) - PCPartPicker
2025-10-13,38999.0,AMD 100-506095 Radeon Pro W5500 8 GB Video Card (100-506095) - PCPartPicker
2025-10-14,38999.0,AMD 100-506095 Radeon Pro W5500 8 GB Video Card (100-506095) - PCPartPicker
2025-10-15,38999.0,AMD 100-506095 Radeon Pro W5500 8 GB Video Card (100-506095) - PCPartPicker
2025-10-16,38999.0,AMD 100-506095 Radeon Pro W5500 8 GB Video Card (100-506095) - PCPartPicker
2025-10-17,38999.0,AMD 100-506095 Radeon Pro W5500 8 GB Video Card (100-506095) - PCPartPicker
2025-10-18,38999.0,AMD 100-506095 Radeon Pro W5500 8 GB Video Card (100-506095) - PCPartPicker
2025-10-19,38999.0,AMD 100-506095 Radeon Pro W5500 8 GB Video Card (100-506095) - PCPartPicker
2025-10-20,38999.0,AMD 100-506095 Radeon Pro W5500 8 GB Video Card (100-506095) - PCPartPicker
2025-10-21,38999.0,AMD 100-506095 Radeon Pro W5500 8 GB Video Card (100-506095) - PCPartPicker
