2023-10-21,,Asus TUF GAMING OC GeForce RTX 4070 Ti SUPER 16 GB Video Card (tuf-rtx4070tis-o16g-gaming) - PCPartPicker
2023-10-22,,Asus TUF GAMING OC GeForce RTX 4070 Ti SUPER 16 GB Video Card (tuf-rtx4070tis-o16g-gaming) - PCPartPicker
2023-10-23,,Asus TUF GAMING OC GeForce RTX 4070 Ti SUPER 16 GB Video Card (tuf-rtx4070tis-o16g-gaming) - PCPartPicker
2023-10-24,,Asus TUF GAMING OC GeForce RTX 4070 Ti SUPER 16 GB Video Card (tuf-rtx4070tis-o16g-gaming) - PCPartPicker
2023-10-25,,Asus TUF GAMING OC GeForce RTX 4070 Ti SUPER 16 GB Video Card (tuf-rtx4070tis-o16g-gaming) - PCPartPicker
2023-10-26,,Asus TUF GAMING OC GeForce RTX 4070 Ti SUPER 16 GB Video Card (tuf-rtx4070tis-o16g-gaming) - PCPartPicker
2023-10-27,,Asus TUF GAMING OC GeForce RTX 4070 Ti SUPER 16 GB Video Card (tuf-rtx4070tis-o16g-gaming) - PCPartPicker
2023-10-28,,Asus TUF GAMING OC GeForce RTX 4070 Ti SUPER 16 GB Video Card (tuf-rtx4070tis-o16g-gaming) - PCPartPicker
2023-10-29,,Asus TUF GAMING OC GeForce RTX 4070 Ti SUPER 16 GB Video Card (tuf-rtx4070tis-o16g-gaming) - PCPartPicker
2023-10-30,,Asus TUF GAMING OC GeForce RTX 4070 Ti SUPER 16 GB Video Card (tuf-rtx4070tis-o16g-gaming) - PCPartPicker
2023-10-31,,Asus TUF GAMING OC GeForce RTX 4070 Ti SUPER 16 GB Video Card (tuf-rtx4070tis-o16g-gaming) - PCPartPicker
2023-11-01,,Asus TUF GAMING OC GeForce RTX 4070 Ti SUPER 16 GB Video Card (tuf-rtx4070tis-o16g-gaming) - PCPartPicker
2023-11-02,,Asus TUF GAMING OC GeForce RTX 4070 Ti SUPER 16 GB Video Card (tuf-rtx4070tis-o16g-gaming) - PCPartPicker
2023-11-03,,Asus TUF GAMING OC GeForce RTX 4070 Ti SUPER 16 GB Video Card (tuf-rtx4070tis-o16g-gaming) - PCPartPicker
2023-11-04,,Asus TUF GAMING OC GeForce RTX 4070 Ti SUPER 16 GB Video Card (tuf-rtx4070tis-o16g-gaming) - PCPartPicker
2023-11-05,,Asus TUF GAMING OC GeForce RTX 4070 Ti SUPER 16 GB Video Card (tuf-rtx4070tis-o16g-gaming) - PCPartPicker
2023-11-06,,Asus TUF GAMING OC GeForce RTX 4070 Ti SUPER 16 GB Video Card (tuf-rtx4070tis-o16g-gaming) - PCPartPicker
2023-11-07,,Asus TUF GAMING OC GeForce RTX 4070 Ti SUPER 16 GB Video Card (tuf-rtx4070tis-o16g-gaming) - PCPartPicker
2023-11-08,,Asus TUF GAMING OC GeForce RTX 4070 Ti SUPER 16 GB Video Card (tuf-rtx4070tis-o16g-gaming) - PCPartPicker
2023-11-09,,Asus TUF GAMING OC GeForce RTX 4070 Ti SUPER 16 GB Video Card (tuf-rtx4070tis-o16g-gaming) - PCPartPicker
2023-11-10,,Asus TUF GAMING OC GeForce RTX 4070 Ti SUPER 16 GB Video Card (tuf-rtx4070tis-o16g-gaming) - PCPartPicker
2023-11-11,,Asus TUF GAMING OC GeForce RTX 4070 Ti SUPER 16 GB Video Card (tuf-rtx4070tis-o16g-gaming) - PCPartPicker
2023-11-12,,Asus TUF GAMING OC GeForce RTX 4070 Ti SUPER 16 GB Video Card (tuf-rtx4070tis-o16g-gaming) - PCPartPicker
2023-11-13,,Asus TUF GAMING OC GeForce RTX 4070 Ti SUPER 16 GB Video Card (tuf-rtx4070tis-o16g-gaming) - PCPartPicker
2023-11-14,,Asus TUF GAMING OC GeForce RTX 4070 Ti SUPER 16 GB Video Card (tuf-rtx4070tis-o16g-gaming) - PCPartPicker
2023-11-15,,Asus TUF GAMING OC GeForce RTX 4070 Ti SUPER 16 GB Video Card (tuf-rtx4070tis-o16g-gaming) - PCPartPicker
2023-11-16,,Asus TUF GAMING OC GeForce RTX 4070 Ti SUPER 16 GB Video Card (tuf-rtx4070tis-o16g-gaming) - PCPartPicker
2023-11-17,,Asus TUF GAMING OC GeForce RTX 4070 Ti SUPER 16 GB Video Card (tuf-rtx4070tis-o16g-gaming) - PCPartPicker
2023-11-18,,Asus TUF GAMING OC GeForce RTX 4070 Ti SUPER 16 GB Video Card (tuf-rtx4070tis-o16g-gaming) - PCPartPicker
2023-11-19,,Asus TUF GAMING OC GeForce RTX 4070 Ti SUPER 16 GB Video Card (tuf-rtx4070tis-o16g-gaming) - PCPartPicker
2023-11-20,,Asus TUF GAMING OC GeForce RTX 4070 Ti SUPER 16 GB Video Card (tuf-rtx4070tis-o16g-gaming) - PCPartPicker
2023-11-21,,Asus TUF GAMING OC GeForce RTX 4070 Ti SUPER 16 GB Video Card (tuf-rtx4070tis-o16g-gaming) - PCPartPicker
2023-11-22,,Asus TUF GAMING OC GeForce RTX 4070 Ti SUPER 16 GB Video Card (tuf-rtx4070tis-o16g-gaming) - PCPartPicker
2023-11-23,,Asus TUF GAMING OC GeForce RTX 4070 Ti SUPER 16 GB Video Card (tuf-rtx4070tis-o16g-gaming) - PCPartPicker
2023-11-24,,Asus TUF GAMING OC GeForce RTX 4070 Ti SUPER 16 GB Video Card (tuf-rtx4070tis-o16g-gaming) - PCPartPicker
2023-11-25,,Asus TUF GAMING OC GeForce RTX 4070 Ti SUPER 16 GB Video Card (tuf-rtx4070tis-o16g-gaming) - PCPartPicker
2023-11-26,,Asus TUF GAMING OC GeForce RTX 4070 Ti SUPER 16 GB Video Card (tuf-rtx4070tis-o16g-gaming) - PCPartPicker
2023-11-27,,Asus TUF GAMING OC GeForce RTX 4070 Ti SUPER 16 GB Video Card (tuf-rtx4070tis-o16g-gaming) - PCPartPicker
2023-11-28,,Asus TUF GAMING OC GeForce RTX 4070 Ti SUPER 16 GB Video Card (tuf-rtx4070tis-o16g-gaming) - PCPartPicker
2023-11-29,,Asus TUF GAMING OC GeForce RTX 4070 Ti SUPER 16 GB Video Card (tuf-rtx4070tis-o16g-gaming) - PCPartPicker
2023-11-30,,Asus TUF GAMING OC GeForce RTX 4070 Ti SUPER 16 GB Video Card (tuf-rtx4070tis-o16g-gaming) - PCPartPicker
2023-12-01,,Asus TUF GAMING OC GeForce RTX 4070 Ti SUPER 16 GB Video Card (tuf-rtx4070tis-o16g-gaming) - PCPartPicker
2023-12-02,,Asus TUF GAMING OC GeForce RTX 4070 Ti SUPER 16 GB Video Card (tuf-rtx4070tis-o16g-gaming) - PCPartPicker
2023-12-03,,Asus TUF GAMING OC GeForce RTX 4070 Ti SUPER 16 GB Video Card (tuf-rtx4070tis-o16g-gaming) - PCPartPicker
2023-12-04,,Asus TUF GAMING OC GeForce RTX 4070 Ti SUPER 16 GB Video Card (tuf-rtx4070tis-o16g-gaming) - PCPartPicker
2023-12-05,,Asus TUF GAMING OC GeForce RTX 4070 Ti SUPER 16 GB Video Card (tuf-rtx4070tis-o16g-gaming) - PCPartPicker
2023-12-06,,Asus TUF GAMING OC GeForce RTX 4070 Ti SUPER 16 GB Video Card (tuf-rtx4070tis-o16g-gaming) - PCPartPicker
2023-12-07,,Asus TUF GAMING OC GeForce RTX 4070 Ti SUPER 16 GB Video Card (tuf-rtx4070tis-o16g-gaming) - PCPartPicker
2023-12-08,,Asus TUF GAMING OC GeForce RTX 4070 Ti SUPER 16 GB Video Card (tuf-rtx4070tis-o16g-gaming) - PCPartPicker
2023-12-09,,Asus TUF GAMING OC GeForce RTX 4070 Ti SUPER 16 GB Video Card (tuf-rtx4070tis-o16g-gaming) - PCPartPicker
2023-12-10,,Asus TUF GAMING OC GeForce RTX 4070 Ti SUPER 16 GB Video Card (tuf-rtx4070tis-o16g-gaming) - PCPartPicker
2023-12-11,,Asus TUF GAMING OC GeForce RTX 4070 Ti SUPER 16 GB Video Card (tuf-rtx4070tis-o16g-gaming) - PCPartPicker
2023-12-12,,Asus TUF GAMING OC GeForce RTX 4070 Ti SUPER 16 GB Video Card (tuf-rtx4070tis-o16g-gaming) - PCPartPicker
2023-12-13,,Asus TUF GAMING OC GeForce RTX 4070 Ti SUPER 16 GB Video Card (tuf-rtx4070tis-o16g-gaming) - PCPartPicker
2023-12-14,,Asus TUF GAMING OC GeForce RTX 4070 Ti SUPER 16 GB Video Card (tuf-rtx4070tis-o16g-gaming) - PCPartPicker
2023-12-15,,Asus TUF GAMING OC GeForce RTX 4070 Ti SUPER 16 GB Video Card (tuf-rtx4070tis-o16g-gaming) - PCPartPicker
2023-12-16,,Asus TUF GAMING OC GeForce RTX 4070 Ti SUPER 16 GB Video Card (tuf-rtx4070tis-o16g-gaming) - PCPartPicker
2023-12-17,,Asus TUF GAMING OC GeForce RTX 4070 Ti SUPER 16 GB Video Card (tuf-rtx4070tis-o16g-gaming) - PCPartPicker
2023-12-18,,Asus TUF GAMING OC GeForce RTX 4070 Ti SUPER 16 GB Video Card (tuf-rtx4070tis-o16g-gaming) - PCPartPicker
2023-12-19,,Asus TUF GAMING OC GeForce RTX 4070 Ti SUPER 16 GB Video Card (tuf-rtx4070tis-o16g-gaming) - PCPartPicker
2023-12-20,,Asus TUF GAMING OC GeForce RTX 4070 Ti SUPER 16 GB Video Card (tuf-rtx4070tis-o16g-gaming) - PCPartPicker
2023-12-21,,Asus TUF GAMING OC GeForce RTX 4070 Ti SUPER 16 GB Video Card (tuf-rtx4070tis-o16g-gaming) - PCPartPicker
2023-12-22,,Asus TUF GAMING OC GeForce RTX 4070 Ti SUPER 16 GB Video Card (tuf-rtx4070tis-o16g-gaming) - PCPartPicker
2023-12-23,,Asus TUF GAMING OC GeForce RTX 4070 Ti SUPER 16 GB Video Card (tuf-rtx4070tis-o16g-gaming) - PCPartPicker
2023-12-24,,Asus TUF GAMING OC GeForce RTX 4070 Ti SUPER 16 GB Video Card (tuf-rtx4070tis-o16g-gaming) - PCPartPicker
2023-12-25,,Asus TUF GAMING OC GeForce RTX 4070 Ti SUPER 16 GB Video Card (tuf-rtx4070tis-o16g-gaming) - PCPartPicker
2023-12-26,,Asus TUF GAMING OC GeForce RTX 4070 Ti SUPER 16 GB Video Card (tuf-rtx4070tis-o16g-gaming) - PCPartPicker
2023-12-27,,Asus TUF GAMING OC GeForce RTX 4070 Ti SUPER 16 GB Video Card (tuf-rtx4070tis-o16g-gaming) - PCPartPicker
2023-12-28,,Asus TUF GAMING OC GeForce RTX 4070 Ti SUPER 16 GB Video Card (tuf-rtx4070tis-o16g-gaming) - PCPartPicker
2023-12-29,,Asus TUF GAMING OC GeForce RTX 4070 Ti SUPER 16 GB Video Card (tuf-rtx4070tis-o16g-gaming) - PCPartPicker
2023-12-30,,Asus TUF GAMING OC GeForce RTX 4070 Ti SUPER 16 GB Video Card (tuf-rtx4070tis-o16g-gaming) - PCPartPicker
2023-12-31,,Asus TUF GAMING OC GeForce RTX 4070 Ti SUPER 16 GB Video Card (tuf-rtx4070tis-o16g-gaming) - PCPartPicker
2024-01-01,,Asus TUF GAMING OC GeForce RTX 4070 Ti SUPER 16 GB Video Card (tuf-rtx4070tis-o16g-gaming) - PCPartPicker
2024-01-02,,Asus TUF GAMING OC GeForce RTX 4070 Ti SUPER 16 GB Video Card (tuf-rtx4070tis-o16g-gaming) - PCPartPicker
2024-01-03,,Asus TUF GAMING OC GeForce RTX 4070 Ti SUPER 16 GB Video Card (tuf-rtx4070tis-o16g-gaming) - PCPartPicker
2024-01-04,,Asus TUF GAMING OC GeForce RTX 4070 Ti SUPER 16 GB Video Card (tuf-rtx4070tis-o16g-gaming) - PCPartPicker
2024-01-05,,Asus TUF GAMING OC GeForce RTX 4070 Ti SUPER 16 GB Video Card (tuf-rtx4070tis-o16g-gaming) - PCPartPicker
2024-01-06,,Asus TUF GAMING OC GeForce RTX 4070 Ti SUPER 16 GB Video Card (tuf-rtx4070tis-o16g-gaming) - PCPartPicker
2024-01-07,,Asus TUF GAMING OC GeForce RTX 4070 Ti SUPER 16 GB Video Card (tuf-rtx4070tis-o16g-gaming) - PCPartPicker
2024-01-08,,Asus TUF GAMING OC GeForce RTX 4070 Ti SUPER 16 GB Video Card (tuf-rtx4070tis-o16g-gaming) - PCPartPicker
2024-01-09,87999.0,Asus TUF GAMING OC GeForce RTX 4070 Ti SUPER 16 GB Video Card (tuf-rtx4070tis-o16g-gaming) - PCPartPicker
2024-01-10,87999.0,Asus TUF GAMING OC GeForce RTX 4070 Ti SUPER 16 GB Video Card (tuf-rtx4070tis-o16g-gaming) - PCPartPicker
2024-01-11,87999.0,Asus TUF GAMING OC GeForce RTX 4070 Ti SUPER 16 GB Video Card (tuf-rtx4070tis-o16g-gaming) - PCPartPicker
2024-01-12,84999.0,Asus TUF GAMING OC GeForce RTX 4070 Ti SUPER 16 GB Video Card (tuf-rtx4070tis-o16g-gaming) - PCPartPicker
2024-01-13,84999.0,Asus TUF GAMING OC GeForce RTX 4070 Ti SUPER 16 GB Video Card (tuf-rtx4070tis-o16g-gaming) - PCPartPicker
2024-01-14,84999.0,Asus TUF GAMING OC GeForce RTX 4070 Ti SUPER 16 GB Video Card (tuf-rtx4070tis-o16g-gaming) - PCPartPicker
2024-01-15,84999.0,Asus TUF GAMING OC GeForce RTX 4070 Ti SUPER 16 GB Video Card (tuf-rtx4070tis-o16g-gaming) - PCPartPicker
2024-01-16,84999.0,Asus TUF GAMING OC GeForce RTX 4070 Ti SUPER 16 GB Video Card (tuf-rtx4070tis-o16g-gaming) - PCPartPicker
2024-01-17,86499.0,Asus TUF GAMING OC GeForce RTX 4070 Ti SUPER 16 GB Video Card (tuf-rtx4070tis-o16g-gaming) - PCPartPicker
2024-01-18,84999.0,Asus TUF GAMING OC GeForce RTX 4070 Ti SUPER 16 GB Video Card (tuf-rtx4070tis-o16g-gaming) - PCPartPicker
2024-01-19,84999.0,Asus TUF GAMING OC GeForce RTX 4070 Ti SUPER 16 GB Video Card (tuf-rtx4070tis-o16g-gaming) - PCPartPicker
2024-01-20,84999.0,Asus TUF GAMING OC GeForce RTX 4070 Ti SUPER 16 GB Video Card (tuf-rtx4070tis-o16g-gaming) - PCPartPicker
2024-01-21,84999.0,Asus TUF GAMING OC GeForce RTX 4070 Ti SUPER 16 GB Video Card (tuf-rtx4070tis-o16g-gaming) - PCPartPicker
2024-01-22,84999.0,Asus TUF GAMING OC GeForce RTX 4070 Ti SUPER 16 GB Video Card (tuf-rtx4070tis-o16g-gaming) - PCPartPicker
2024-01-23,84999.0,Asus TUF GAMING OC GeForce RTX 4070 Ti SUPER 16 GB Video Card (tuf-rtx4070tis-o16g-gaming) - PCPartPicker
2024-01-24,84999.0,Asus TUF GAMING OC GeForce RTX 4070 Ti SUPER 16 GB Video Card (tuf-rtx4070tis-o16g-gaming) - PCPartPicker
2024-01-25,84999.0,Asus TUF GAMING OC GeForce RTX 4070 Ti SUPER 16 GB Video Card (tuf-rtx4070tis-o16g-gaming) - PCPartPicker
2024-01-26,84999.0,Asus TUF GAMING OC GeForce RTX 4070 Ti SUPER 16 GB Video Card (tuf-rtx4070tis-o16g-gaming) - PCPartPicker
2024-01-27,84999.0,Asus TUF GAMING OC GeForce RTX 4070 Ti SUPER 16 GB Video Card (tuf-rtx4070tis-o16g-gaming) - PCPartPicker
2024-01-28,84999.0,Asus TUF GAMING OC GeForce RTX 4070 Ti SUPER 16 GB Video Card (tuf-rtx4070tis-o16g-gaming) - PCPartPicker
2024-01-29,84999.0,Asus TUF GAMING OC GeForce RTX 4070 Ti SUPER 16 GB Video Card (tuf-rtx4070tis-o16g-gaming) - PCPartPicker
2024-01-30,84999.0,Asus TUF GAMING OC GeForce RTX 4070 Ti SUPER 16 GB Video Card (tuf-rtx4070tis-o16g-gaming) - PCPartPicker
2024-01-31,84999.0,Asus TUF GAMING OC GeForce RTX 4070 Ti SUPER 16 GB Video Card (tuf-rtx4070tis-o16g-gaming) - PCPartPicker
2024-02-01,84999.0,Asus TUF GAMING OC GeForce RTX 4070 Ti SUPER 16 GB Video Card (tuf-rtx4070tis-o16g-gaming) - PCPartPicker
2024-02-02,84999.0,Asus TUF GAMING OC GeForce RTX 4070 Ti SUPER 16 GB Video Card (tuf-rtx4070tis-o16g-gaming) - PCPartPicker
2024-02-03,84999.0,Asus TUF GAMING OC GeForce RTX 4070 Ti SUPER 16 GB Video Card (tuf-rtx4070tis-o16g-gaming) - PCPartPicker
2024-02-04,84999.0,Asus TUF GAMING OC GeForce RTX 4070 Ti SUPER 16 GB Video Card (tuf-rtx4070tis-o16g-gaming) - PCPartPicker
2024-02-05,84999.0,Asus TUF GAMING OC GeForce RTX 4070 Ti SUPER 16 GB Video Card (tuf-rtx4070tis-o16g-gaming) - PCPartPicker
2024-02-06,84999.0,Asus TUF GAMING OC GeForce RTX 4070 Ti SUPER 16 GB Video Card (tuf-rtx4070tis-o16g-gaming) - PCPartPicker
2024-02-07,84999.0,Asus TUF GAMING OC GeForce RTX 4070 Ti SUPER 16 GB Video Card (tuf-rtx4070tis-o16g-gaming) - PCPartPicker
2024-02-08,84999.0,Asus TUF GAMING OC GeForce RTX 4070 Ti SUPER 16 GB Video Card (tuf-rtx4070tis-o16g-gaming) - PCPartPicker
2024-02-09,84999.0,Asus TUF GAMING OC GeForce RTX 4070 Ti SUPER 16 GB Video Card (tuf-rtx4070tis-o16g-gaming) - PCPartPicker
2024-02-10,84999.0,Asus TUF GAMING OC GeForce RTX 4070 Ti SUPER 16 GB Video Card (tuf-rtx4070tis-o16g-gaming) - PCPartPicker
2024-02-11,84999.0,Asus TUF GAMING OC GeForce RTX 4070 Ti SUPER 16 GB Video Card (tuf-rtx4070tis-o16g-gaming) - PCPartPicker
2024-02-12,84999.0,Asus TUF GAMING OC GeForce RTX 4070 Ti SUPER 16 GB Video Card (tuf-rtx4070tis-o16g-gaming) - PCPartPicker
2024-02-13,84999.0,Asus TUF GAMING OC GeForce RTX 4070 Ti SUPER 16 GB Video Card (tuf-rtx4070tis-o16g-gaming) - PCPartPicker
2024-02-14,84999.0,Asus TUF GAMING OC GeForce RTX 4070 Ti SUPER 16 GB Video Card (tuf-rtx4070tis-o16g-gaming) - PCPartPicker
2024-02-15,84999.0,Asus TUF GAMING OC GeForce RTX 4070 Ti SUPER 16 GB Video Card (tuf-rtx4070tis-o16g-gaming) - PCPartPicker
2024-02-16,84999.0,Asus TUF GAMING OC GeForce RTX 4070 Ti SUPER 16 GB Video Card (tuf-rtx4070tis-o16g-gaming) - PCPartPicker
2024-02-17,84999.0,Asus TUF GAMING OC GeForce RTX 4070 Ti SUPER 16 GB Video Card (tuf-rtx4070tis-o16g-gaming) - PCPartPicker
2024-02-18,84999.0,Asus TUF GAMING OC GeForce RTX 4070 Ti SUPER 16 GB Video Card (tuf-rtx4070tis-o16g-gaming) - PCPartPicker
2024-02-19,84999.0,Asus TUF GAMING OC GeForce RTX 4070 Ti SUPER 16 GB Video Card (tuf-rtx4070tis-o16g-gaming) - PCPartPicker
2024-02-20,84999.0,Asus TUF GAMING OC GeForce RTX 4070 Ti SUPER 16 GB Video Card (tuf-rtx4070tis-o16g-gaming) - PCPartPicker
2024-02-21,84999.0,Asus TUF GAMING OC GeForce RTX 4070 Ti SUPER 16 GB Video Card (tuf-rtx4070tis-o16g-gaming) - PCPartPicker
2024-02-22,84999.0,Asus TUF GAMING OC GeForce RTX 4070 Ti SUPER 16 GB Video Card (tuf-rtx4070tis-o16g-gaming) - PCPartPicker
2024-02-23,84999.0,Asus TUF GAMING OC GeForce RTX 4070 Ti SUPER 16 GB Video Card (tuf-rtx4070tis-o16g-gaming) - PCPartPicker
2024-02-24,84999.0,Asus TUF GAMING OC GeForce RTX 4070 Ti SUPER 16 GB Video Card (tuf-rtx4070tis-o16g-gaming) - PCPartPicker
2024-02-25,84999.0,Asus TUF GAMING OC GeForce RTX 4070 Ti SUPER 16 GB Video Card (tuf-rtx4070tis-o16g-gaming) - PCPartPicker
2024-02-26,84999.0,Asus TUF GAMING OC GeForce RTX 4070 Ti SUPER 16 GB Video Card (tuf-rtx4070tis-o16g-gaming) - PCPartPicker
2024-02-27,84999.0,Asus TUF GAMING OC GeForce RTX 4070 Ti SUPER 16 GB Video Card (tuf-rtx4070tis-o16g-gaming) - PCPartPicker
2024-02-28,84999.0,Asus TUF GAMING OC GeForce RTX 4070 Ti SUPER 16 GB Video Card (tuf-rtx4070tis-o16g-gaming) - PCPartPicker
2024-02-29,84999.0,Asus TUF GAMING OC GeForce RTX 4070 Ti SUPER 16 GB Video Card (tuf-rtx4070tis-o16g-gaming) - PCPartPicker
2024-03-01,84999.0,Asus TUF GAMING OC GeForce RTX 4070 Ti SUPER 16 GB Video Card (tuf-rtx4070tis-o16g-gaming) - PCPartPicker
2024-03-02,84999.0,Asus TUF GAMING OC GeForce RTX 4070 Ti SUPER 16 GB Video Card (tuf-rtx4070tis-o16g-gaming) - PCPartPicker
2024-03-03,84999.0,Asus TUF GAMING OC GeForce RTX 4070 Ti SUPER 16 GB Video Card (tuf-rtx4070tis-o16g-gaming) - PCPartPicker
2024-03-04,84999.0,Asus TUF GAMING OC GeForce RTX 4070 Ti SUPER 16 GB Video Card (tuf-rtx4070tis-o16g-gaming) - PCPartPicker
2024-03-05,84999.0,Asus TUF GAMING OC GeForce RTX 4070 Ti SUPER 16 GB Video Card (tuf-rtx4070tis-o16g-gaming) - PCPartPicker
2024-03-06,84999.0,Asus TUF GAMING OC GeForce RTX 4070 Ti SUPER 16 GB Video Card (tuf-rtx4070tis-o16g-gaming) - PCPartPicker
2024-03-07,84999.0,Asus TUF GAMING OC GeForce RTX 4070 Ti SUPER 16 GB Video Card (tuf-rtx4070tis-o16g-gaming) - PCPartPicker
2024-03-08,84999.0,Asus TUF GAMING OC GeForce RTX 4070 Ti SUPER 16 GB Video Card (tuf-rtx4070tis-o16g-gaming) - PCPartPicker
2024-03-09,84999.0,Asus TUF GAMING OC GeForce RTX 4070 Ti SUPER 16 GB Video Card (tuf-rtx4070tis-o16g-gaming) - PCPartPicker
2024-03-10,84999.0,Asus TUF GAMING OC GeForce RTX 4070 Ti SUPER 16 GB Video Card (tuf-rtx4070tis-o16g-gaming) - PCPartPicker
2024-03-11,84999.0,Asus TUF GAMING OC GeForce RTX 4070 Ti SUPER 16 GB Video Card (tuf-rtx4070tis-o16g-gaming) - PCPartPicker
2024-03-12,84999.0,Asus TUF GAMING OC GeForce RTX 4070 Ti SUPER 16 GB Video Card (tuf-rtx4070tis-o16g-gaming) - PCPartPicker
2024-03-13,84999.0,Asus TUF GAMING OC GeForce RTX 4070 Ti SUPER 16 GB Video Card (tuf-rtx4070tis-o16g-gaming) - PCPartPicker
2024-03-14,84999.0,Asus TUF GAMING OC GeForce RTX 4070 Ti SUPER 16 GB Video Card (tuf-rtx4070tis-o16g-gaming) - PCPartPicker
2024-03-15,84999.0,Asus TUF GAMING OC GeForce RTX 4070 Ti SUPER 16 GB Video Card (tuf-rtx4070tis-o16g-gaming) - PCPartPicker
2024-03-16,84999.0,Asus TUF GAMING OC GeForce RTX 4070 Ti SUPER 16 GB Video Card (tuf-rtx4070tis-o16g-gaming) - PCPartPicker
2024-03-17,84999.0,Asus TUF GAMING OC GeForce RTX 4070 Ti SUPER 16 GB Video Card (tuf-rtx4070tis-o16g-gaming) - PCPartPicker
2024-03-18,84999.0,Asus TUF GAMING OC GeForce RTX 4070 Ti SUPER 16 GB Video Card (tuf-rtx4070tis-o16g-gaming) - PCPartPicker
2024-03-19,84999.0,Asus TUF GAMING OC GeForce RTX 4070 Ti SUPER 16 GB Video Card (tuf-rtx4070tis-o16g-gaming) - PCPartPicker
2024-03-20,84999.0,Asus TUF GAMING OC GeForce RTX 4070 Ti SUPER 16 GB Video Card (tuf-rtx4070tis-o16g-gaming) - PCPartPicker
2024-03-21,84999.0,Asus TUF GAMING OC GeForce RTX 4070 Ti SUPER 16 GB Video Card (tuf-rtx4070tis-o16g-gaming) - PCPartPicker
2024-03-22,84999.0,Asus TUF GAMING OC GeForce RTX 4070 Ti SUPER 16 GB Video Card (tuf-rtx4070tis-o16g-gaming) - PCPartPicker
2024-03-23,84999.0,Asus TUF GAMING OC GeForce RTX 4070 Ti SUPER 16 GB Video Card (tuf-rtx4070tis-o16g-gaming) - PCPartPicker
2024-03-24,84999.0,Asus TUF GAMING OC GeForce RTX 4070 Ti SUPER 16 GB Video Card (tuf-rtx4070tis-o16g-gaming) - PCPartPicker
2024-03-25,84999.0,Asus TUF GAMING OC GeForce RTX 4070 Ti SUPER 16 GB Video Card (tuf-rtx4070tis-o16g-gaming) - PCPartPicker
2024-03-26,84999.0,Asus TUF GAMING OC GeForce RTX 4070 Ti SUPER 16 GB Video Card (tuf-rtx4070tis-o16g-gaming) - PCPartPicker
2024-03-27,84999.0,Asus TUF GAMING OC GeForce RTX 4070 Ti SUPER 16 GB Video Card (tuf-rtx4070tis-o16g-gaming) - PCPartPicker
2024-03-28,84999.0,Asus TUF GAMING OC GeForce RTX 4070 Ti SUPER 16 GB Video Card (tuf-rtx4070tis-o16g-gaming) - PCPartPicker
2024-03-29,84999.0,Asus TUF GAMING OC GeForce RTX 4070 Ti SUPER 16 GB Video Card (tuf-rtx4070tis-o16g-gaming) - PCPartPicker
2024-03-30,84999.0,Asus TUF GAMING OC GeForce RTX 4070 Ti SUPER 16 GB Video Card (tuf-rtx4070tis-o16g-gaming) - PCPartPicker
2024-03-31,84999.0,Asus TUF GAMING OC GeForce RTX 4070 Ti SUPER 16 GB Video Card (tuf-rtx4070tis-o16g-gaming) - PCPartPicker
2024-04-01,84999.0,Asus TUF GAMING OC GeForce RTX 4070 Ti SUPER 16 GB Video Card (tuf-rtx4070tis-o16g-gaming) - PCPartPicker
2024-04-02,84999.0,Asus TUF GAMING OC GeForce RTX 4070 Ti SUPER 16 GB Video Card (tuf-rtx4070tis-o16g-gaming) - PCPartPicker
2024-04-03,84999.0,Asus TUF GAMING OC GeForce RTX 4070 Ti SUPER 16 GB Video Card (tuf-rtx4070tis-o16g-gaming) - PCPartPicker
2024-04-04,84999.0,Asus TUF GAMING OC GeForce RTX 4070 Ti SUPER 16 GB Video Card (tuf-rtx4070tis-o16g-gaming) - PCPartPicker
2024-04-05,84999.0,Asus TUF GAMING OC GeForce RTX 4070 Ti SUPER 16 GB Video Card (tuf-rtx4070tis-o16g-gaming) - PCPartPicker
2024-04-06,84999.0,Asus TUF GAMING OC GeForce RTX 4070 Ti SUPER 16 GB Video Card (tuf-rtx4070tis-o16g-gaming) - PCPartPicker
2024-04-07,84999.0,Asus TUF GAMING OC GeForce RTX 4070 Ti SUPER 16 GB Video Card (tuf-rtx4070tis-o16g-gaming) - PCPartPicker
2024-04-08,84999.0,Asus TUF GAMING OC GeForce RTX 4070 Ti SUPER 16 GB Video Card (tuf-rtx4070tis-o16g-gaming) - PCPartPicker
2024-04-09,84999.0,Asus TUF GAMING OC GeForce RTX 4070 Ti SUPER 16 GB Video Card (tuf-rtx4070tis-o16g-gaming) - PCPartPicker
2024-04-10,84999.0,Asus TUF GAMING OC GeForce RTX 4070 Ti SUPER 16 GB Video Card (tuf-rtx4070tis-o16g-gaming) - PCPartPicker
2024-04-11,84999.0,Asus TUF GAMING OC GeForce RTX 4070 Ti SUPER 16 GB Video Card (tuf-rtx4070tis-o16g-gaming) - PCPartPicker
2024-04-12,84999.0,Asus TUF GAMING OC GeForce RTX 4070 Ti SUPER 16 GB Video Card (tuf-rtx4070tis-o16g-gaming) - PCPartPicker
2024-04-13,84999.0,Asus TUF GAMING OC GeForce RTX 4070 Ti SUPER 16 GB Video Card (tuf-rtx4070tis-o16g-gaming) - PCPartPicker
2024-04-14,84999.0,Asus TUF GAMING OC GeForce RTX 4070 Ti SUPER 16 GB Video Card (tuf-rtx4070tis-o16g-gaming) - PCPartPicker
2024-04-15,84999.0,Asus TUF GAMING OC GeForce RTX 4070 Ti SUPER 16 GB Video Card (tuf-rtx4070tis-o16g-gaming) - PCPartPicker
2024-04-16,84999.0,Asus TUF GAMING OC GeForce RTX 4070 Ti SUPER 16 GB Video Card (tuf-rtx4070tis-o16g-gaming) - PCPartPicker
2024-04-17,84999.0,Asus TUF GAMING OC GeForce RTX 4070 Ti SUPER 16 GB Video Card (tuf-rtx4070tis-o16g-gaming) - PCPartPicker
2024-04-18,84999.0,Asus TUF GAMING OC GeForce RTX 4070 Ti SUPER 16 GB Video Card (tuf-rtx4070tis-o16g-gaming) - PCPartPicker
2024-04-19,84999.0,Asus TUF GAMING OC GeForce RTX 4070 Ti SUPER 16 GB Video Card (tuf-rtx4070tis-o16g-gaming) - PCPartPicker
2024-04-20,84999.0,Asus TUF GAMING OC GeForce RTX 4070 Ti SUPER 16 GB Video Card (tuf-rtx4070tis-o16g-gaming) - PCPartPicker
2024-04-21,84999.0,Asus TUF GAMING OC GeForce RTX 4070 Ti SUPER 16 GB Video Card (tuf-rtx4070tis-o16g-gaming) - PCPartPicker
2024-04-22,84999.0,Asus TUF GAMING OC GeForce RTX 4070 Ti SUPER 16 GB Video Card (tuf-rtx4070tis-o16g-gaming) - PCPartPicker
2024-04-23,84999.0,Asus TUF GAMING OC GeForce RTX 4070 Ti SUPER 16 GB Video Card (tuf-rtx4070tis-o16g-gaming) - PCPartPicker
2024-04-24,84999.0,Asus TUF GAMING OC GeForce RTX 4070 Ti SUPER 16 GB Video Card (tuf-rtx4070tis-o16g-gaming) - PCPartPicker
2024-04-25,84999.0,Asus TUF GAMING OC GeForce RTX 4070 Ti SUPER 16 GB Video Card (tuf-rtx4070tis-o16g-gaming) - PCPartPicker
2024-04-26,84999.0,Asus TUF GAMING OC GeForce RTX 4070 Ti SUPER 16 GB Video Card (tuf-rtx4070tis-o16g-gaming) - PCPartPicker
2024-04-27,84999.0,Asus TUF GAMING OC GeForce RTX 4070 Ti SUPER 16 GB Video Card (tuf-rtx4070tis-o16g-gaming) - PCPartPicker
2024-04-28,84999.0,Asus TUF GAMING OC GeForce RTX 4070 Ti SUPER 16 GB Video Card (tuf-rtx4070tis-o16g-gaming) - PCPartPicker
2024-04-29,84999.0,Asus TUF GAMING OC GeForce RTX 4070 Ti SUPER 16 GB Video Card (tuf-rtx4070tis-o16g-gaming) - PCPartPicker
2024-04-30,84999.0,Asus TUF GAMING OC GeForce RTX 4070 Ti SUPER 16 GB Video Card (tuf-rtx4070tis-o16g-gaming) - PCPartPicker
2024-05-01,84999.0,Asus TUF GAMING OC GeForce RTX 4070 Ti SUPER 16 GB Video Card (tuf-rtx4070tis-o16g-gaming) - PCPartPicker
2024-05-02,84999.0,Asus TUF GAMING OC GeForce RTX 4070 Ti SUPER 16 GB Video Card (tuf-rtx4070tis-o16g-gaming) - PCPartPicker
2024-05-03,84999.0,Asus TUF GAMING OC GeForce RTX 4070 Ti SUPER 16 GB Video Card (tuf-rtx4070tis-o16g-gaming) - PCPartPicker
2024-05-04,84999.0,Asus TUF GAMING OC GeForce RTX 4070 Ti SUPER 16 GB Video Card (tuf-rtx4070tis-o16g-gaming) - PCPartPicker
2024-05-05,84999.0,Asus TUF GAMING OC GeForce RTX 4070 Ti SUPER 16 GB Video Card (tuf-rtx4070tis-o16g-gaming) - PCPartPicker
2024-05-06,84999.0,Asus TUF GAMING OC GeForce RTX 4070 Ti SUPER 16 GB Video Card (tuf-rtx4070tis-o16g-gaming) - PCPartPicker
2024-05-07,84999.0,Asus TUF GAMING OC GeForce RTX 4070 Ti SUPER 16 GB Video Card (tuf-rtx4070tis-o16g-gaming) - PCPartPicker
2024-05-08,84999.0,Asus TUF GAMING OC GeForce RTX 4070 Ti SUPER 16 GB Video Card (tuf-rtx4070tis-o16g-gaming) - PCPartPicker
2024-05-09,84999.0,Asus TUF GAMING OC GeForce RTX 4070 Ti SUPER 16 GB Video Card (tuf-rtx4070tis-o16g-gaming) - PCPartPicker
2024-05-10,84999.0,Asus TUF GAMING OC GeForce RTX 4070 Ti SUPER 16 GB Video Card (tuf-rtx4070tis-o16g-gaming) - PCPartPicker
2024-05-11,84999.0,Asus TUF GAMING OC GeForce RTX 4070 Ti SUPER 16 GB Video Card (tuf-rtx4070tis-o16g-gaming) - PCPartPicker
2024-05-12,84999.0,Asus TUF GAMING OC GeForce RTX 4070 Ti SUPER 16 GB Video Card (tuf-rtx4070tis-o16g-gaming) - PCPartPicker
2024-05-13,84999.0,Asus TUF GAMING OC GeForce RTX 4070 Ti SUPER 16 GB Video Card (tuf-rtx4070tis-o16g-gaming) - PCPartPicker
2024-05-14,84999.0,Asus TUF GAMING OC GeForce RTX 4070 Ti SUPER 16 GB Video Card (tuf-rtx4070tis-o16g-gaming) - PCPartPicker
2024-05-15,84999.0,Asus TUF GAMING OC GeForce RTX 4070 Ti SUPER 16 GB Video Card (tuf-rtx4070tis-o16g-gaming) - PCPartPicker
2024-05-16,84999.0,Asus TUF GAMING OC GeForce RTX 4070 Ti SUPER 16 GB Video Card (tuf-rtx4070tis-o16g-gaming) - PCPartPicker
2024-05-17,84999.0,Asus TUF GAMING OC GeForce RTX 4070 Ti SUPER 16 GB Video Card (tuf-rtx4070tis-o16g-gaming) - PCPartPicker
2024-05-18,84999.0,Asus TUF GAMING OC GeForce RTX 4070 Ti SUPER 16 GB Video Card (tuf-rtx4070tis-o16g-gaming) - PCPartPicker
2024-05-19,84999.0,Asus TUF GAMING OC GeForce RTX 4070 Ti SUPER 16 GB Video Card (tuf-rtx4070tis-o16g-gaming) - PCPartPicker
2024-05-20,84999.0,Asus TUF GAMING OC GeForce RTX 4070 Ti SUPER 16 GB Video Card (tuf-rtx4070tis-o16g-gaming) - PCPartPicker
2024-05-21,84999.0,Asus TUF GAMING OC GeForce RTX 4070 Ti SUPER 16 GB Video Card (tuf-rtx4070tis-o16g-gaming) - PCPartPicker
2024-05-22,84999.0,Asus TUF GAMING OC GeForce RTX 4070 Ti SUPER 16 GB Video Card (tuf-rtx4070tis-o16g-gaming) - PCPartPicker
2024-05-23,84999.0,Asus TUF GAMING OC GeForce RTX 4070 Ti SUPER 16 GB Video Card (tuf-rtx4070tis-o16g-gaming) - PCPartPicker
2024-05-24,84999.0,Asus TUF GAMING OC GeForce RTX 4070 Ti SUPER 16 GB Video Card (tuf-rtx4070tis-o16g-gaming) - PCPartPicker
2024-05-25,84999.0,Asus TUF GAMING OC GeForce RTX 4070 Ti SUPER 16 GB Video Card (tuf-rtx4070tis-o16g-gaming) - PCPartPicker
2024-05-26,84999.0,Asus TUF GAMING OC GeForce RTX 4070 Ti SUPER 16 GB Video Card (tuf-rtx4070tis-o16g-gaming) - PCPartPicker
2024-05-27,84999.0,Asus TUF GAMING OC GeForce RTX 4070 Ti SUPER 16 GB Video Card (tuf-rtx4070tis-o16g-gaming) - PCPartPicker
2024-05-28,84999.0,Asus TUF GAMING OC GeForce RTX 4070 Ti SUPER 16 GB Video Card (tuf-rtx4070tis-o16g-gaming) - PCPartPicker
2024-05-29,84999.0,Asus TUF GAMING OC GeForce RTX 4070 Ti SUPER 16 GB Video Card (tuf-rtx4070tis-o16g-gaming) - PCPartPicker
2024-05-30,84999.0,Asus TUF GAMING OC GeForce RTX 4070 Ti SUPER 16 GB Video Card (tuf-rtx4070tis-o16g-gaming) - PCPartPicker
2024-05-31,84999.0,Asus TUF GAMING OC GeForce RTX 4070 Ti SUPER 16 GB Video Card (tuf-rtx4070tis-o16g-gaming) - PCPartPicker
2024-06-01,84999.0,Asus TUF GAMING OC GeForce RTX 4070 Ti SUPER 16 GB Video Card (tuf-rtx4070tis-o16g-gaming) - PCPartPicker
2024-06-02,84999.0,Asus TUF GAMING OC GeForce RTX 4070 Ti SUPER 16 GB Video Card (tuf-rtx4070tis-o16g-gaming) - PCPartPicker
2024-06-03,84999.0,Asus TUF GAMING OC GeForce RTX 4070 Ti SUPER 16 GB Video Card (tuf-rtx4070tis-o16g-gaming) - PCPartPicker
2024-06-04,83999.0,Asus TUF GAMING OC GeForce RTX 4070 Ti SUPER 16 GB Video Card (tuf-rtx4070tis-o16g-gaming) - PCPartPicker
2024-06-05,83999.0,Asus TUF GAMING OC GeForce RTX 4070 Ti SUPER 16 GB Video Card (tuf-rtx4070tis-o16g-gaming) - PCPartPicker
2024-06-06,83999.0,Asus TUF GAMING OC GeForce RTX 4070 Ti SUPER 16 GB Video Card (tuf-rtx4070tis-o16g-gaming) - PCPartPicker
2024-06-07,83999.0,Asus TUF GAMING OC GeForce RTX 4070 Ti SUPER 16 GB Video Card (tuf-rtx4070tis-o16g-gaming) - PCPartPicker
2024-06-08,83999.0,Asus TUF GAMING OC GeForce RTX 4070 Ti SUPER 16 GB Video Card (tuf-rtx4070tis-o16g-gaming) - PCPartPicker
2024-06-09,83999.0,Asus TUF GAMING OC GeForce RTX 4070 Ti SUPER 16 GB Video Card (tuf-rtx4070tis-o16g-gaming) - PCPartPicker
2024-06-10,83999.0,Asus TUF GAMING OC GeForce RTX 4070 Ti SUPER 16 GB Video Card (tuf-rtx4070tis-o16g-gaming) - PCPartPicker
2024-06-11,83999.0,Asus TUF GAMING OC GeForce RTX 4070 Ti SUPER 16 GB Video Card (tuf-rtx4070tis-o16g-gaming) - PCPartPicker
2024-06-12,83999.0,Asus TUF GAMING OC GeForce RTX 4070 Ti SUPER 16 GB Video Card (tuf-rtx4070tis-o16g-gaming) - PCPartPicker
2024-06-13,83999.0,Asus TUF GAMING OC GeForce RTX 4070 Ti SUPER 16 GB Video Card (tuf-rtx4070tis-o16g-gaming) - PCPartPicker
2024-06-14,83999.0,Asus TUF GAMING OC GeForce RTX 4070 Ti SUPER 16 GB Video Card (tuf-rtx4070tis-o16g-gaming) - PCPartPicker
2024-06-15,83999.0,Asus TUF GAMING OC GeForce RTX 4070 Ti SUPER 16 GB Video Card (tuf-rtx4070tis-o16g-gaming) - PCPartPicker
2024-06-16,83999.0,Asus TUF GAMING OC GeForce RTX 4070 Ti SUPER 16 GB Video Card (tuf-rtx4070tis-o16g-gaming) - PCPartPicker
2024-06-17,83999.0,Asus TUF GAMING OC GeForce RTX 4070 Ti SUPER 16 GB Video Card (tuf-rtx4070tis-o16g-gaming) - PCPartPicker
2024-06-18,84999.0,Asus TUF GAMING OC GeForce RTX 4070 Ti SUPER 16 GB Video Card (tuf-rtx4070tis-o16g-gaming) - PCPartPicker
2024-06-19,84999.0,Asus TUF GAMING OC GeForce RTX 4070 Ti SUPER 16 GB Video Card (tuf-rtx4070tis-o16g-gaming) - PCPartPicker
2024-06-20,84999.0,Asus TUF GAMING OC GeForce RTX 4070 Ti SUPER 16 GB Video Card (tuf-rtx4070tis-o16g-gaming) - PCPartPicker
2024-06-21,84999.0,Asus TUF GAMING OC GeForce RTX 4070 Ti SUPER 16 GB Video Card (tuf-rtx4070tis-o16g-gaming) - PCPartPicker
2024-06-22,84999.0,Asus TUF GAMING OC GeForce RTX 4070 Ti SUPER 16 GB Video Card (tuf-rtx4070tis-o16g-gaming) - PCPartPicker
2024-06-23,84999.0,Asus TUF GAMING OC GeForce RTX 4070 Ti SUPER 16 GB Video Card (tuf-rtx4070tis-o16g-gaming) - PCPartPicker
2024-06-24,84999.0,Asus TUF GAMING OC GeForce RTX 4070 Ti SUPER 16 GB Video Card (tuf-rtx4070tis-o16g-gaming) - PCPartPicker
2024-06-25,84999.0,Asus TUF GAMING OC GeForce RTX 4070 Ti SUPER 16 GB Video Card (tuf-rtx4070tis-o16g-gaming) - PCPartPicker
2024-06-26,84999.0,Asus TUF GAMING OC GeForce RTX 4070 Ti SUPER 16 GB Video Card (tuf-rtx4070tis-o16g-gaming) - PCPartPicker
2024-06-27,84999.0,Asus TUF GAMING OC GeForce RTX 4070 Ti SUPER 16 GB Video Card (tuf-rtx4070tis-o16g-gaming) - PCPartPicker
2024-06-28,84999.0,Asus TUF GAMING OC GeForce RTX 4070 Ti SUPER 16 GB Video Card (tuf-rtx4070tis-o16g-gaming) - PCPartPicker
2024-06-29,84999.0,Asus TUF GAMING OC GeForce RTX 4070 Ti SUPER 16 GB Video Card (tuf-rtx4070tis-o16g-gaming) - PCPartPicker
2024-06-30,84999.0,Asus TUF GAMING OC GeForce RTX 4070 Ti SUPER 16 GB Video Card (tuf-rtx4070tis-o16g-gaming) - PCPartPicker
2024-07-01,84999.0,Asus TUF GAMING OC GeForce RTX 4070 Ti SUPER 16 GB Video Card (tuf-rtx4070tis-o16g-gaming) - PCPartPicker
2024-07-02,84999.0,Asus TUF GAMING OC GeForce RTX 4070 Ti SUPER 16 GB Video Card (tuf-rtx4070tis-o16g-gaming) - PCPartPicker
2024-07-03,84999.0,Asus TUF GAMING OC GeForce RTX 4070 Ti SUPER 16 GB Video Card (tuf-rtx4070tis-o16g-gaming) - PCPartPicker
2024-07-04,84999.0,Asus TUF GAMING OC GeForce RTX 4070 Ti SUPER 16 GB Video Card (tuf-rtx4070tis-o16g-gaming) - PCPartPicker
2024-07-05,84999.0,Asus TUF GAMING OC GeForce RTX 4070 Ti SUPER 16 GB Video Card (tuf-rtx4070tis-o16g-gaming) - PCPartPicker
2024-07-06,84999.0,Asus TUF GAMING OC GeForce RTX 4070 Ti SUPER 16 GB Video Card (tuf-rtx4070tis-o16g-gaming) - PCPartPicker
2024-07-07,84999.0,Asus TUF GAMING OC GeForce RTX 4070 Ti SUPER 16 GB Video Card (tuf-rtx4070tis-o16g-gaming) - PCPartPicker
2024-07-08,84999.0,Asus TUF GAMING OC GeForce RTX 4070 Ti SUPER 16 GB Video Card (tuf-rtx4070tis-o16g-gaming) - PCPartPicker
2024-07-09,84999.0,Asus TUF GAMING OC GeForce RTX 4070 Ti SUPER 16 GB Video Card (tuf-rtx4070tis-o16g-gaming) - PCPartPicker
2024-07-10,84999.0,Asus TUF GAMING OC GeForce RTX 4070 Ti SUPER 16 GB Video Card (tuf-rtx4070tis-o16g-gaming) - PCPartPicker
2024-07-11,84999.0,Asus TUF GAMING OC GeForce RTX 4070 Ti SUPER 16 GB Video Card (tuf-rtx4070tis-o16g-gaming) - PCPartPicker
2024-07-12,84999.0,Asus TUF GAMING OC GeForce RTX 4070 Ti SUPER 16 GB Video Card (tuf-rtx4070tis-o16g-gaming) - PCPartPicker
2024-07-13,84999.0,Asus TUF GAMING OC GeForce RTX 4070 Ti SUPER 16 GB Video Card (tuf-rtx4070tis-o16g-gaming) - PCPartPicker
2024-07-14,84999.0,Asus TUF GAMING OC GeForce RTX 4070 Ti SUPER 16 GB Video Card (tuf-rtx4070tis-o16g-gaming) - PCPartPicker
2024-07-15,82599.0,Asus TUF GAMING OC GeForce RTX 4070 Ti SUPER 16 GB Video Card (tuf-rtx4070tis-o16g-gaming) - PCPartPicker
2024-07-16,81999.0,Asus TUF GAMING OC GeForce RTX 4070 Ti SUPER 16 GB Video Card (tuf-rtx4070tis-o16g-gaming) - PCPartPicker
2024-07-17,81999.0,Asus TUF GAMING OC GeForce RTX 4070 Ti SUPER 16 GB Video Card (tuf-rtx4070tis-o16g-gaming) - PCPartPicker
2024-07-18,81999.0,Asus TUF GAMING OC GeForce RTX 4070 Ti SUPER 16 GB Video Card (tuf-rtx4070tis-o16g-gaming) - PCPartPicker
2024-07-19,81999.0,Asus TUF GAMING OC GeForce RTX 4070 Ti SUPER 16 GB Video Card (tuf-rtx4070tis-o16g-gaming) - PCPartPicker
2024-07-20,82499.0,Asus TUF GAMING OC GeForce RTX 4070 Ti SUPER 16 GB Video Card (tuf-rtx4070tis-o16g-gaming) - PCPartPicker
2024-07-21,82499.0,Asus TUF GAMING OC GeForce RTX 4070 Ti SUPER 16 GB Video Card (tuf-rtx4070tis-o16g-gaming) - PCPartPicker
2024-07-22,82249.0,Asus TUF GAMING OC GeForce RTX 4070 Ti SUPER 16 GB Video Card (tuf-rtx4070tis-o16g-gaming) - PCPartPicker
2024-07-23,82499.0,Asus TUF GAMING OC GeForce RTX 4070 Ti SUPER 16 GB Video Card (tuf-rtx4070tis-o16g-gaming) - PCPartPicker
2024-07-24,82499.0,Asus TUF GAMING OC GeForce RTX 4070 Ti SUPER 16 GB Video Card (tuf-rtx4070tis-o16g-gaming) - PCPartPicker
2024-07-25,82499.0,Asus TUF GAMING OC GeForce RTX 4070 Ti SUPER 16 GB Video Card (tuf-rtx4070tis-o16g-gaming) - PCPartPicker
2024-07-26,82499.0,Asus TUF GAMING OC GeForce RTX 4070 Ti SUPER 16 GB Video Card (tuf-rtx4070tis-o16g-gaming) - PCPartPicker
2024-07-27,82499.0,Asus TUF GAMING OC GeForce RTX 4070 Ti SUPER 16 GB Video Card (tuf-rtx4070tis-o16g-gaming) - PCPartPicker
2024-07-28,82499.0,Asus TUF GAMING OC GeForce RTX 4070 Ti SUPER 16 GB Video Card (tuf-rtx4070tis-o16g-gaming) - PCPartPicker
2024-07-29,82499.0,Asus TUF GAMING OC GeForce RTX 4070 Ti SUPER 16 GB Video Card (tuf-rtx4070tis-o16g-gaming) - PCPartPicker
2024-07-30,81999.0,Asus TUF GAMING OC GeForce RTX 4070 Ti SUPER 16 GB Video Card (tuf-rtx4070tis-o16g-gaming) - PCPartPicker
2024-07-31,81999.0,Asus TUF GAMING OC GeForce RTX 4070 Ti SUPER 16 GB Video Card (tuf-rtx4070tis-o16g-gaming) - PCPartPicker
2024-08-01,81999.0,Asus TUF GAMING OC GeForce RTX 4070 Ti SUPER 16 GB Video Card (tuf-rtx4070tis-o16g-gaming) - PCPartPicker
2024-08-02,81999.0,Asus TUF GAMING OC GeForce RTX 4070 Ti SUPER 16 GB Video Card (tuf-rtx4070tis-o16g-gaming) - PCPartPicker
2024-08-03,81999.0,Asus TUF GAMING OC GeForce RTX 4070 Ti SUPER 16 GB Video Card (tuf-rtx4070tis-o16g-gaming) - PCPartPicker
2024-08-04,81999.0,Asus TUF GAMING OC GeForce RTX 4070 Ti SUPER 16 GB Video Card (tuf-rtx4070tis-o16g-gaming) - PCPartPicker
2024-08-05,81999.0,Asus TUF GAMING OC GeForce RTX 4070 Ti SUPER 16 GB Video Card (tuf-rtx4070tis-o16g-gaming) - PCPartPicker
2024-08-06,82499.0,Asus TUF GAMING OC GeForce RTX 4070 Ti SUPER 16 GB Video Card (tuf-rtx4070tis-o16g-gaming) - PCPartPicker
2024-08-07,82999.0,Asus TUF GAMING OC GeForce RTX 4070 Ti SUPER 16 GB Video Card (tuf-rtx4070tis-o16g-gaming) - PCPartPicker
2024-08-08,82999.0,Asus TUF GAMING OC GeForce RTX 4070 Ti SUPER 16 GB Video Card (tuf-rtx4070tis-o16g-gaming) - PCPartPicker
2024-08-09,83999.0,Asus TUF GAMING OC GeForce RTX 4070 Ti SUPER 16 GB Video Card (tuf-rtx4070tis-o16g-gaming) - PCPartPicker
2024-08-10,84999.0,Asus TUF GAMING OC GeForce RTX 4070 Ti SUPER 16 GB Video Card (tuf-rtx4070tis-o16g-gaming) - PCPartPicker
2024-08-11,84999.0,Asus TUF GAMING OC GeForce RTX 4070 Ti SUPER 16 GB Video Card (tuf-rtx4070tis-o16g-gaming) - PCPartPicker
2024-08-12,84999.0,Asus TUF GAMING OC GeForce RTX 4070 Ti SUPER 16 GB Video Card (tuf-rtx4070tis-o16g-gaming) - PCPartPicker
2024-08-13,84999.0,Asus TUF GAMING OC GeForce RTX 4070 Ti SUPER 16 GB Video Card (tuf-rtx4070tis-o16g-gaming) - PCPartPicker
2024-08-14,84999.0,Asus TUF GAMING OC GeForce RTX 4070 Ti SUPER 16 GB Video Card (tuf-rtx4070tis-o16g-gaming) - PCPartPicker
2024-08-15,84999.0,Asus TUF GAMING OC GeForce RTX 4070 Ti SUPER 16 GB Video Card (tuf-rtx4070tis-o16g-gaming) - PCPartPicker
2024-08-16,84999.0,Asus TUF GAMING OC GeForce RTX 4070 Ti SUPER 16 GB Video Card (tuf-rtx4070tis-o16g-gaming) - PCPartPicker
2024-08-17,84999.0,Asus TUF GAMING OC GeForce RTX 4070 Ti SUPER 16 GB Video Card (tuf-rtx4070tis-o16g-gaming) - PCPartPicker
2024-08-18,84999.0,Asus TUF GAMING OC GeForce RTX 4070 Ti SUPER 16 GB Video Card (tuf-rtx4070tis-o16g-gaming) - PCPartPicker
2024-08-19,84999.0,Asus TUF GAMING OC GeForce RTX 4070 Ti SUPER 16 GB Video Card (tuf-rtx4070tis-o16g-gaming) - PCPartPicker
2024-08-20,84999.0,Asus TUF GAMING OC GeForce RTX 4070 Ti SUPER 16 GB Video Card (tuf-rtx4070tis-o16g-gaming) - PCPartPicker
2024-08-21,84999.0,Asus TUF GAMING OC GeForce RTX 4070 Ti SUPER 16 GB Video Card (tuf-rtx4070tis-o16g-gaming) - PCPartPicker
2024-08-22,84999.0,Asus TUF GAMING OC GeForce RTX 4070 Ti SUPER 16 GB Video Card (tuf-rtx4070tis-o16g-gaming) - PCPartPicker
2024-08-23,84999.0,Asus TUF GAMING OC GeForce RTX 4070 Ti SUPER 16 GB Video Card (tuf-rtx4070tis-o16g-gaming) - PCPartPicker
2024-08-24,84999.0,Asus TUF GAMING OC GeForce RTX 4070 Ti SUPER 16 GB Video Card (tuf-rtx4070tis-o16g-gaming) - PCPartPicker
2024-08-25,84999.0,Asus TUF GAMING OC GeForce RTX 4070 Ti SUPER 16 GB Video Card (tuf-rtx4070tis-o16g-gaming) - PCPartPicker
2024-08-26,84999.0,Asus TUF GAMING OC GeForce RTX 4070 Ti SUPER 16 GB Video Card (tuf-rtx4070tis-o16g-gaming) - PCPartPicker
2024-08-27,84999.0,Asus TUF GAMING OC GeForce RTX 4070 Ti SUPER 16 GB Video Card (tuf-rtx4070tis-o16g-gaming) - PCPartPicker
2024-08-28,84999.0,Asus TUF GAMING OC GeForce RTX 4070 Ti SUPER 16 GB Video Card (tuf-rtx4070tis-o16g-gaming) - PCPartPicker
2024-08-29,84998.0,Asus TUF GAMING OC GeForce RTX 4070 Ti SUPER 16 GB Video Card (tuf-rtx4070tis-o16g-gaming) - PCPartPicker
2024-08-30,84999.0,Asus TUF GAMING OC GeForce RTX 4070 Ti SUPER 16 GB Video Card (tuf-rtx4070tis-o16g-gaming) - PCPartPicker
2024-08-31,84999.0,Asus TUF GAMING OC GeForce RTX 4070 Ti SUPER 16 GB Video Card (tuf-rtx4070tis-o16g-gaming) - PCPartPicker
2024-09-01,84999.0,Asus TUF GAMING OC GeForce RTX 4070 Ti SUPER 16 GB Video Card (tuf-rtx4070tis-o16g-gaming) - PCPartPicker
2024-09-02,84999.0,Asus TUF GAMING OC GeForce RTX 4070 Ti SUPER 16 GB Video Card (tuf-rtx4070tis-o16g-gaming) - PCPartPicker
2024-09-03,84998.0,Asus TUF GAMING OC GeForce RTX 4070 Ti SUPER 16 GB Video Card (tuf-rtx4070tis-o16g-gaming) - PCPartPicker
2024-09-04,84998.0,Asus TUF GAMING OC GeForce RTX 4070 Ti SUPER 16 GB Video Card (tuf-rtx4070tis-o16g-gaming) - PCPartPicker
2024-09-05,84999.0,Asus TUF GAMING OC GeForce RTX 4070 Ti SUPER 16 GB Video Card (tuf-rtx4070tis-o16g-gaming) - PCPartPicker
2024-09-06,84999.0,Asus TUF GAMING OC GeForce RTX 4070 Ti SUPER 16 GB Video Card (tuf-rtx4070tis-o16g-gaming) - PCPartPicker
2024-09-07,84998.0,Asus TUF GAMING OC GeForce RTX 4070 Ti SUPER 16 GB Video Card (tuf-rtx4070tis-o16g-gaming) - PCPartPicker
2024-09-08,84998.0,Asus TUF GAMING OC GeForce RTX 4070 Ti SUPER 16 GB Video Card (tuf-rtx4070tis-o16g-gaming) - PCPartPicker
2024-09-09,84998.0,Asus TUF GAMING OC GeForce RTX 4070 Ti SUPER 16 GB Video Card (tuf-rtx4070tis-o16g-gaming) - PCPartPicker
2024-09-10,84998.0,Asus TUF GAMING OC GeForce RTX 4070 Ti SUPER 16 GB Video Card (tuf-rtx4070tis-o16g-gaming) - PCPartPicker
2024-09-11,84998.0,Asus TUF GAMING OC GeForce RTX 4070 Ti SUPER 16 GB Video Card (tuf-rtx4070tis-o16g-gaming) - PCPartPicker
2024-09-12,84998.0,Asus TUF GAMING OC GeForce RTX 4070 Ti SUPER 16 GB Video Card (tuf-rtx4070tis-o16g-gaming) - PCPartPicker
2024-09-13,84998.0,Asus TUF GAMING OC GeForce RTX 4070 Ti SUPER 16 GB Video Card (tuf-rtx4070tis-o16g-gaming) - PCPartPicker
2024-09-14,84998.0,Asus TUF GAMING OC GeForce RTX 4070 Ti SUPER 16 GB Video Card (tuf-rtx4070tis-o16g-gaming) - PCPartPicker
2024-09-15,84998.0,Asus TUF GAMING OC GeForce RTX 4070 Ti SUPER 16 GB Video Card (tuf-rtx4070tis-o16g-gaming) - PCPartPicker
2024-09-16,84998.0,Asus TUF GAMING OC GeForce RTX 4070 Ti SUPER 16 GB Video Card (tuf-rtx4070tis-o16g-gaming) - PCPartPicker
2024-09-17,84998.0,Asus TUF GAMING OC GeForce RTX 4070 Ti SUPER 16 GB Video Card (tuf-rtx4070tis-o16g-gaming) - PCPartPicker
2024-09-18,84998.0,Asus TUF GAMING OC GeForce RTX 4070 Ti SUPER 16 GB Video Card (tuf-rtx4070tis-o16g-gaming) - PCPartPicker
2024-09-19,84998.0,Asus TUF GAMING OC GeForce RTX 4070 Ti SUPER 16 GB Video Card (tuf-rtx4070tis-o16g-gaming) - PCPartPicker
2024-09-20,84998.0,Asus TUF GAMING OC GeForce RTX 4070 Ti SUPER 16 GB Video Card (tuf-rtx4070tis-o16g-gaming) - PCPartPicker
2024-09-21,84998.0,Asus TUF GAMING OC GeForce RTX 4070 Ti SUPER 16 GB Video Card (tuf-rtx4070tis-o16g-gaming) - PCPartPicker
2024-09-22,84998.0,Asus TUF GAMING OC GeForce RTX 4070 Ti SUPER 16 GB Video Card (tuf-rtx4070tis-o16g-gaming) - PCPartPicker
2024-09-23,84998.0,Asus TUF GAMING OC GeForce RTX 4070 Ti SUPER 16 GB Video Card (tuf-rtx4070tis-o16g-gaming) - PCPartPicker
2024-09-24,84998.0,Asus TUF GAMING OC GeForce RTX 4070 Ti SUPER 16 GB Video Card (tuf-rtx4070tis-o16g-gaming) - PCPartPicker
2024-09-25,84998.0,Asus TUF GAMING OC GeForce RTX 4070 Ti SUPER 16 GB Video Card (tuf-rtx4070tis-o16g-gaming) - PCPartPicker
2024-09-26,84998.0,Asus TUF GAMING OC GeForce RTX 4070 Ti SUPER 16 GB Video Card (tuf-rtx4070tis-o16g-gaming) - PCPartPicker
2024-09-27,84998.0,Asus TUF GAMING OC GeForce RTX 4070 Ti SUPER 16 GB Video Card (tuf-rtx4070tis-o16g-gaming) - PCPartPicker
2024-09-28,84998.0,Asus TUF GAMING OC GeForce RTX 4070 Ti SUPER 16 GB Video Card (tuf-rtx4070tis-o16g-gaming) - PCPartPicker
2024-09-29,84998.0,Asus TUF GAMING OC GeForce RTX 4070 Ti SUPER 16 GB Video Card (tuf-rtx4070tis-o16g-gaming) - PCPartPicker
2024-09-30,84998.0,Asus TUF GAMING OC GeForce RTX 4070 Ti SUPER 16 GB Video Card (tuf-rtx4070tis-o16g-gaming) - PCPartPicker
2024-10-01,84998.0,Asus TUF GAMING OC GeForce RTX 4070 Ti SUPER 16 GB Video Card (tuf-rtx4070tis-o16g-gaming) - PCPartPicker
2024-10-02,84998.0,Asus TUF GAMING OC GeForce RTX 4070 Ti SUPER 16 GB Video Card (tuf-rtx4070tis-o16g-gaming) - PCPartPicker
2024-10-03,84998.0,Asus TUF GAMING OC GeForce RTX 4070 Ti SUPER 16 GB Video Card (tuf-rtx4070tis-o16g-gaming) - PCPartPicker
2024-10-04,84998.0,Asus TUF GAMING OC GeForce RTX 4070 Ti SUPER 16 GB Video Card (tuf-rtx4070tis-o16g-gaming) - PCPartPicker
2024-10-05,84998.0,Asus TUF GAMING OC GeForce RTX 4070 Ti SUPER 16 GB Video Card (tuf-rtx4070tis-o16g-gaming) - PCPartPicker
2024-10-06,84998.0,Asus TUF GAMING OC GeForce RTX 4070 Ti SUPER 16 GB Video Card (tuf-rtx4070tis-o16g-gaming) - PCPartPicker
2024-10-07,84998.0,Asus TUF GAMING OC GeForce RTX 4070 Ti SUPER 16 GB Video Card (tuf-rtx4070tis-o16g-gaming) - PCPartPicker
2024-10-08,84998.0,Asus TUF GAMING OC GeForce RTX 4070 Ti SUPER 16 GB Video Card (tuf-rtx4070tis-o16g-gaming) - PCPartPicker
2024-10-09,84998.0,Asus TUF GAMING OC GeForce RTX 4070 Ti SUPER 16 GB Video Card (tuf-rtx4070tis-o16g-gaming) - PCPartPicker
2024-10-10,84998.0,Asus TUF GAMING OC GeForce RTX 4070 Ti SUPER 16 GB Video Card (tuf-rtx4070tis-o16g-gaming) - PCPartPicker
2024-10-11,84998.0,Asus TUF GAMING OC GeForce RTX 4070 Ti SUPER 16 GB Video Card (tuf-rtx4070tis-o16g-gaming) - PCPartPicker
2024-10-12,84998.0,Asus TUF GAMING OC GeForce RTX 4070 Ti SUPER 16 GB Video Card (tuf-rtx4070tis-o16g-gaming) - PCPartPicker
2024-10-13,84998.0,Asus TUF GAMING OC GeForce RTX 4070 Ti SUPER 16 GB Video Card (tuf-rtx4070tis-o16g-gaming) - PCPartPicker
2024-10-14,84998.0,Asus TUF GAMING OC GeForce RTX 4070 Ti SUPER 16 GB Video Card (tuf-rtx4070tis-o16g-gaming) - PCPartPicker
2024-10-15,84998.0,Asus TUF GAMING OC GeForce RTX 4070 Ti SUPER 16 GB Video Card (tuf-rtx4070tis-o16g-gaming) - PCPartPicker
2024-10-16,84998.0,Asus TUF GAMING OC GeForce RTX 4070 Ti SUPER 16 GB Video Card (tuf-rtx4070tis-o16g-gaming) - PCPartPicker
2024-10-17,84998.0,Asus TUF GAMING OC GeForce RTX 4070 Ti SUPER 16 GB Video Card (tuf-rtx4070tis-o16g-gaming) - PCPartPicker
2024-10-18,84998.0,Asus TUF GAMING OC GeForce RTX 4070 Ti SUPER 16 GB Video Card (tuf-rtx4070tis-o16g-gaming) - PCPartPicker
2024-10-19,84998.0,Asus TUF GAMING OC GeForce RTX 4070 Ti SUPER 16 GB Video Card (tuf-rtx4070tis-o16g-gaming) - PCPartPicker
2024-10-20,84998.0,Asus TUF GAMING OC GeForce RTX 4070 Ti SUPER 16 GB Video Card (tuf-rtx4070tis-o16g-gaming) - PCPartPicker
2024-10-21,84998.0,Asus TUF GAMING OC GeForce RTX 4070 Ti SUPER 16 GB Video Card (tuf-rtx4070tis-o16g-gaming) - PCPartPicker
2024-10-22,84998.0,Asus TUF GAMING OC GeForce RTX 4070 Ti SUPER 16 GB Video Card (tuf-rtx4070tis-o16g-gaming) - PCPartPicker
2024-10-23,84998.0,Asus TUF GAMING OC GeForce RTX 4070 Ti SUPER 16 GB Video Card (tuf-rtx4070tis-o16g-gaming) - PCPartPicker
2024-10-24,84998.0,Asus TUF GAMING OC GeForce RTX 4070 Ti SUPER 16 GB Video Card (tuf-rtx4070tis-o16g-gaming) - PCPartPicker
2024-10-25,84998.0,Asus TUF GAMING OC GeForce RTX 4070 Ti SUPER 16 GB Video Card (tuf-rtx4070tis-o16g-gaming) - PCPartPicker
2024-10-26,84998.0,Asus TUF GAMING OC GeForce RTX 4070 Ti SUPER 16 GB Video Card (tuf-rtx4070tis-o16g-gaming) - PCPartPicker
2024-10-27,84998.0,Asus TUF GAMING OC GeForce RTX 4070 Ti SUPER 16 GB Video Card (tuf-rtx4070tis-o16g-gaming) - PCPartPicker
2024-10-28,84998.0,Asus TUF GAMING OC GeForce RTX 4070 Ti SUPER 16 GB Video Card (tuf-rtx4070tis-o16g-gaming) - PCPartPicker
2024-10-29,84998.0,Asus TUF GAMING OC GeForce RTX 4070 Ti SUPER 16 GB Video Card (tuf-rtx4070tis-o16g-gaming) - PCPartPicker
2024-10-30,84998.0,Asus TUF GAMING OC GeForce RTX 4070 Ti SUPER 16 GB Video Card (tuf-rtx4070tis-o16g-gaming) - PCPartPicker
2024-10-31,84998.0,Asus TUF GAMING OC GeForce RTX 4070 Ti SUPER 16 GB Video Card (tuf-rtx4070tis-o16g-gaming) - PCPartPicker
2024-11-01,84998.0,Asus TUF GAMING OC GeForce RTX 4070 Ti SUPER 16 GB Video Card (tuf-rtx4070tis-o16g-gaming) - PCPartPicker
2024-11-02,84998.0,Asus TUF GAMING OC GeForce RTX 4070 Ti SUPER 16 GB Video Card (tuf-rtx4070tis-o16g-gaming) - PCPartPicker
2024-11-03,84998.0,Asus TUF GAMING OC GeForce RTX 4070 Ti SUPER 16 GB Video Card (tuf-rtx4070tis-o16g-gaming) - PCPartPicker
2024-11-04,84998.0,Asus TUF GAMING OC GeForce RTX 4070 Ti SUPER 16 GB Video Card (tuf-rtx4070tis-o16g-gaming) - PCPartPicker
2024-11-05,84998.0,Asus TUF GAMING OC GeForce RTX 4070 Ti SUPER 16 GB Video Card (tuf-rtx4070tis-o16g-gaming) - PCPartPicker
2024-11-06,84998.0,Asus TUF GAMING OC GeForce RTX 4070 Ti SUPER 16 GB Video Card (tuf-rtx4070tis-o16g-gaming) - PCPartPicker
2024-11-07,84998.0,Asus TUF GAMING OC GeForce RTX 4070 Ti SUPER 16 GB Video Card (tuf-rtx4070tis-o16g-gaming) - PCPartPicker
2024-11-08,84998.0,Asus TUF GAMING OC GeForce RTX 4070 Ti SUPER 16 GB Video Card (tuf-rtx4070tis-o16g-gaming) - PCPartPicker
2024-11-09,84998.0,Asus TUF GAMING OC GeForce RTX 4070 Ti SUPER 16 GB Video Card (tuf-rtx4070tis-o16g-gaming) - PCPartPicker
2024-11-10,84998.0,Asus TUF GAMING OC GeForce RTX 4070 Ti SUPER 16 GB Video Card (tuf-rtx4070tis-o16g-gaming) - PCPartPicker
2024-11-11,84998.0,Asus TUF GAMING OC GeForce RTX 4070 Ti SUPER 16 GB Video Card (tuf-rtx4070tis-o16g-gaming) - PCPartPicker
2024-11-12,84998.0,Asus TUF GAMING OC GeForce RTX 4070 Ti SUPER 16 GB Video Card (tuf-rtx4070tis-o16g-gaming) - PCPartPicker
2024-11-13,84998.0,Asus TUF GAMING OC GeForce RTX 4070 Ti SUPER 16 GB Video Card (tuf-rtx4070tis-o16g-gaming) - PCPartPicker
2024-11-14,84998.0,Asus TUF GAMING OC GeForce RTX 4070 Ti SUPER 16 GB Video Card (tuf-rtx4070tis-o16g-gaming) - PCPartPicker
2024-11-15,84998.0,Asus TUF GAMING OC GeForce RTX 4070 Ti SUPER 16 GB Video Card (tuf-rtx4070tis-o16g-gaming) - PCPartPicker
2024-11-16,84998.0,Asus TUF GAMING OC GeForce RTX 4070 Ti SUPER 16 GB Video Card (tuf-rtx4070tis-o16g-gaming) - PCPartPicker
2024-11-17,84998.0,Asus TUF GAMING OC GeForce RTX 4070 Ti SUPER 16 GB Video Card (tuf-rtx4070tis-o16g-gaming) - PCPartPicker
2024-11-18,84998.0,Asus TUF GAMING OC GeForce RTX 4070 Ti SUPER 16 GB Video Card (tuf-rtx4070tis-o16g-gaming) - PCPartPicker
2024-11-19,84998.0,Asus TUF GAMING OC GeForce RTX 4070 Ti SUPER 16 GB Video Card (tuf-rtx4070tis-o16g-gaming) - PCPartPicker
2024-11-20,84998.0,Asus TUF GAMING OC GeForce RTX 4070 Ti SUPER 16 GB Video Card (tuf-rtx4070tis-o16g-gaming) - PCPartPicker
2024-11-21,84998.0,Asus TUF GAMING OC GeForce RTX 4070 Ti SUPER 16 GB Video Card (tuf-rtx4070tis-o16g-gaming) - PCPartPicker
2024-11-22,84998.0,Asus TUF GAMING OC GeForce RTX 4070 Ti SUPER 16 GB Video Card (tuf-rtx4070tis-o16g-gaming) - PCPartPicker
2024-11-23,84998.0,Asus TUF GAMING OC GeForce RTX 4070 Ti SUPER 16 GB Video Card (tuf-rtx4070tis-o16g-gaming) - PCPartPicker
2024-11-24,84998.0,Asus TUF GAMING OC GeForce RTX 4070 Ti SUPER 16 GB Video Card (tuf-rtx4070tis-o16g-gaming) - PCPartPicker
2024-11-25,84998.0,Asus TUF GAMING OC GeForce RTX 4070 Ti SUPER 16 GB Video Card (tuf-rtx4070tis-o16g-gaming) - PCPartPicker
2024-11-26,84998.0,Asus TUF GAMING OC GeForce RTX 4070 Ti SUPER 16 GB Video Card (tuf-rtx4070tis-o16g-gaming) - PCPartPicker
2024-11-27,84999.0,Asus TUF GAMING OC GeForce RTX 4070 Ti SUPER 16 GB Video Card (tuf-rtx4070tis-o16g-gaming) - PCPartPicker
2024-11-28,84999.0,Asus TUF GAMING OC GeForce RTX 4070 Ti SUPER 16 GB Video Card (tuf-rtx4070tis-o16g-gaming) - PCPartPicker
2024-11-29,84999.0,Asus TUF GAMING OC GeForce RTX 4070 Ti SUPER 16 GB Video Card (tuf-rtx4070tis-o16g-gaming) - PCPartPicker
2024-11-30,84999.0,Asus TUF GAMING OC GeForce RTX 4070 Ti SUPER 16 GB Video Card (tuf-rtx4070tis-o16g-gaming) - PCPartPicker
2024-12-01,84999.0,Asus TUF GAMING OC GeForce RTX 4070 Ti SUPER 16 GB Video Card (tuf-rtx4070tis-o16g-gaming) - PCPartPicker
2024-12-02,84999.0,Asus TUF GAMING OC GeForce RTX 4070 Ti SUPER 16 GB Video Card (tuf-rtx4070tis-o16g-gaming) - PCPartPicker
2024-12-03,84999.0,Asus TUF GAMING OC GeForce RTX 4070 Ti SUPER 16 GB Video Card (tuf-rtx4070tis-o16g-gaming) - PCPartPicker
2024-12-04,84998.0,Asus TUF GAMING OC GeForce RTX 4070 Ti SUPER 16 GB Video Card (tuf-rtx4070tis-o16g-gaming) - PCPartPicker
2024-12-05,84998.0,Asus TUF GAMING OC GeForce RTX 4070 Ti SUPER 16 GB Video Card (tuf-rtx4070tis-o16g-gaming) - PCPartPicker
2024-12-06,84998.0,Asus TUF GAMING OC GeForce RTX 4070 Ti SUPER 16 GB Video Card (tuf-rtx4070tis-o16g-gaming) - PCPartPicker
2024-12-07,84998.0,Asus TUF GAMING OC GeForce RTX 4070 Ti SUPER 16 GB Video Card (tuf-rtx4070tis-o16g-gaming) - PCPartPicker
2024-12-08,84998.0,Asus TUF GAMING OC GeForce RTX 4070 Ti SUPER 16 GB Video Card (tuf-rtx4070tis-o16g-gaming) - PCPartPicker
2024-12-09,84998.0,Asus TUF GAMING OC GeForce RTX 4070 Ti SUPER 16 GB Video Card (tuf-rtx4070tis-o16g-gaming) - PCPartPicker
2024-12-10,84999.0,Asus TUF GAMING OC GeForce RTX 4070 Ti SUPER 16 GB Video Card (tuf-rtx4070tis-o16g-gaming) - PCPartPicker
2024-12-11,84999.0,Asus TUF GAMING OC GeForce RTX 4070 Ti SUPER 16 GB Video Card (tuf-rtx4070tis-o16g-gaming) - PCPartPicker
2024-12-12,84999.0,Asus TUF GAMING OC GeForce RTX 4070 Ti SUPER 16 GB Video Card (tuf-rtx4070tis-o16g-gaming) - PCPartPicker
2024-12-13,84999.0,Asus TUF GAMING OC GeForce RTX 4070 Ti SUPER 16 GB Video Card (tuf-rtx4070tis-o16g-gaming) - PCPartPicker
2024-12-14,84999.0,Asus TUF GAMING OC GeForce RTX 4070 Ti SUPER 16 GB Video Card (tuf-rtx4070tis-o16g-gaming) - PCPartPicker
2024-12-15,84999.0,Asus TUF GAMING OC GeForce RTX 4070 Ti SUPER 16 GB Video Card (tuf-rtx4070tis-o16g-gaming) - PCPartPicker
2024-12-16,84999.0,Asus TUF GAMING OC GeForce RTX 4070 Ti SUPER 16 GB Video Card (tuf-rtx4070tis-o16g-gaming) - PCPartPicker
2024-12-17,84999.0,Asus TUF GAMING OC GeForce RTX 4070 Ti SUPER 16 GB Video Card (tuf-rtx4070tis-o16g-gaming) - PCPartPicker
2024-12-18,84999.0,Asus TUF GAMING OC GeForce RTX 4070 Ti SUPER 16 GB Video Card (tuf-rtx4070tis-o16g-gaming) - PCPartPicker
2024-12-19,84999.0,Asus TUF GAMING OC GeForce RTX 4070 Ti SUPER 16 GB Video Card (tuf-rtx4070tis-o16g-gaming) - PCPartPicker
2024-12-20,84999.0,Asus TUF GAMING OC GeForce RTX 4070 Ti SUPER 16 GB Video Card (tuf-rtx4070tis-o16g-gaming) - PCPartPicker
2024-12-21,84999.0,Asus TUF GAMING OC GeForce RTX 4070 Ti SUPER 16 GB Video Card (tuf-rtx4070tis-o16g-gaming) - PCPartPicker
2024-12-22,84999.0,Asus TUF GAMING OC GeForce RTX 4070 Ti SUPER 16 GB Video Card (tuf-rtx4070tis-o16g-gaming) - PCPartPicker
2024-12-23,84999.0,Asus TUF GAMING OC GeForce RTX 4070 Ti SUPER 16 GB Video Card (tuf-rtx4070tis-o16g-gaming) - PCPartPicker
2024-12-24,84999.0,Asus TUF GAMING OC GeForce RTX 4070 Ti SUPER 16 GB Video Card (tuf-rtx4070tis-o16g-gaming) - PCPartPicker
2024-12-25,84999.0,Asus TUF GAMING OC GeForce RTX 4070 Ti SUPER 16 GB Video Card (tuf-rtx4070tis-o16g-gaming) - PCPartPicker
2024-12-26,84999.0,Asus TUF GAMING OC GeForce RTX 4070 Ti SUPER 16 GB Video Card (tuf-rtx4070tis-o16g-gaming) - PCPartPicker
2024-12-27,84999.0,Asus TUF GAMING OC GeForce RTX 4070 Ti SUPER 16 GB Video Card (tuf-rtx4070tis-o16g-gaming) - PCPartPicker
2024-12-28,84999.0,Asus TUF GAMING OC GeForce RTX 4070 Ti SUPER 16 GB Video Card (tuf-rtx4070tis-o16g-gaming) - PCPartPicker
2024-12-29,84999.0,Asus TUF GAMING OC GeForce RTX 4070 Ti SUPER 16 GB Video Card (tuf-rtx4070tis-o16g-gaming) - PCPartPicker
2024-12-30,84999.0,Asus TUF GAMING OC GeForce RTX 4070 Ti SUPER 16 GB Video Card (tuf-rtx4070tis-o16g-gaming) - PCPartPicker
2024-12-31,84999.0,Asus TUF GAMING OC GeForce RTX 4070 Ti SUPER 16 GB Video Card (tuf-rtx4070tis-o16g-gaming) - PCPartPicker
2025-01-01,84999.0,Asus TUF GAMING OC GeForce RTX 4070 Ti SUPER 16 GB Video Card (tuf-rtx4070tis-o16g-gaming) - PCPartPicker
2025-01-02,84999.0,Asus TUF GAMING OC GeForce RTX 4070 Ti SUPER 16 GB Video Card (tuf-rtx4070tis-o16g-gaming) - PCPartPicker
2025-01-03,84999.0,Asus TUF GAMING OC GeForce RTX 4070 Ti SUPER 16 GB Video Card (tuf-rtx4070tis-o16g-gaming) - PCPartPicker
2025-01-04,84999.0,Asus TUF GAMING OC GeForce RTX 4070 Ti SUPER 16 GB Video Card (tuf-rtx4070tis-o16g-gaming) - PCPartPicker
2025-01-05,84999.0,Asus TUF GAMING OC GeForce RTX 4070 Ti SUPER 16 GB Video Card (tuf-rtx4070tis-o16g-gaming) - PCPartPicker
2025-01-06,84999.0,Asus TUF GAMING OC GeForce RTX 4070 Ti SUPER 16 GB Video Card (tuf-rtx4070tis-o16g-gaming) - PCPartPicker
2025-01-07,84999.0,Asus TUF GAMING OC GeForce RTX 4070 Ti SUPER 16 GB Video Card (tuf-rtx4070tis-o16g-gaming) - PCPartPicker
2025-01-08,84999.0,Asus TUF GAMING OC GeForce RTX 4070 Ti SUPER 16 GB Video Card (tuf-rtx4070tis-o16g-gaming) - PCPartPicker
2025-01-09,84999.0,Asus TUF GAMING OC GeForce RTX 4070 Ti SUPER 16 GB Video Card (tuf-rtx4070tis-o16g-gaming) - PCPartPicker
2025-01-10,84999.0,Asus TUF GAMING OC GeForce RTX 4070 Ti SUPER 16 GB Video Card (tuf-rtx4070tis-o16g-gaming) - PCPartPicker
2025-01-11,84999.0,Asus TUF GAMING OC GeForce RTX 4070 Ti SUPER 16 GB Video Card (tuf-rtx4070tis-o16g-gaming) - PCPartPicker
2025-01-12,84999.0,Asus TUF GAMING OC GeForce RTX 4070 Ti SUPER 16 GB Video Card (tuf-rtx4070tis-o16g-gaming) - PCPartPicker
2025-01-13,84999.0,Asus TUF GAMING OC GeForce RTX 4070 Ti SUPER 16 GB Video Card (tuf-rtx4070tis-o16g-gaming) - PCPartPicker
2025-01-14,84999.0,Asus TUF GAMING OC GeForce RTX 4070 Ti SUPER 16 GB Video Card (tuf-rtx4070tis-o16g-gaming) - PCPartPicker
2025-01-15,84999.0,Asus TUF GAMING OC GeForce RTX 4070 Ti SUPER 16 GB Video Card (tuf-rtx4070tis-o16g-gaming) - PCPartPicker
2025-01-16,84999.0,Asus TUF GAMING OC GeForce RTX 4070 Ti SUPER 16 GB Video Card (tuf-rtx4070tis-o16g-gaming) - PCPartPicker
2025-01-17,84999.0,Asus TUF GAMING OC GeForce RTX 4070 Ti SUPER 16 GB Video Card (tuf-rtx4070tis-o16g-gaming) - PCPartPicker
2025-01-18,84999.0,Asus TUF GAMING OC GeForce RTX 4070 Ti SUPER 16 GB Video Card (tuf-rtx4070tis-o16g-gaming) - PCPartPicker
2025-01-19,84999.0,Asus TUF GAMING OC GeForce RTX 4070 Ti SUPER 16 GB Video Card (tuf-rtx4070tis-o16g-gaming) - PCPartPicker
2025-01-20,84999.0,Asus TUF GAMING OC GeForce RTX 4070 Ti SUPER 16 GB Video Card (tuf-rtx4070tis-o16g-gaming) - PCPartPicker
2025-01-21,84999.0,Asus TUF GAMING OC GeForce RTX 4070 Ti SUPER 16 GB Video Card (tuf-rtx4070tis-o16g-gaming) - PCPartPicker
2025-01-22,84999.0,Asus TUF GAMING OC GeForce RTX 4070 Ti SUPER 16 GB Video Card (tuf-rtx4070tis-o16g-gaming) - PCPartPicker
2025-01-23,84999.0,Asus TUF GAMING OC GeForce RTX 4070 Ti SUPER 16 GB Video Card (tuf-rtx4070tis-o16g-gaming) - PCPartPicker
2025-01-24,84999.0,Asus TUF GAMING OC GeForce RTX 4070 Ti SUPER 16 GB Video Card (tuf-rtx4070tis-o16g-gaming) - PCPartPicker
2025-01-25,84999.0,Asus TUF GAMING OC GeForce RTX 4070 Ti SUPER 16 GB Video Card (tuf-rtx4070tis-o16g-gaming) - PCPartPicker
2025-01-26,84999.0,Asus TUF GAMING OC GeForce RTX 4070 Ti SUPER 16 GB Video Card (tuf-rtx4070tis-o16g-gaming) - PCPartPicker
2025-01-27,84999.0,Asus TUF GAMING OC GeForce RTX 4070 Ti SUPER 16 GB Video Card (tuf-rtx4070tis-o16g-gaming) - PCPartPicker
2025-01-28,84999.0,Asus TUF GAMING OC GeForce RTX 4070 Ti SUPER 16 GB Video Card (tuf-rtx4070tis-o16g-gaming) - PCPartPicker
2025-01-29,84999.0,Asus TUF GAMING OC GeForce RTX 4070 Ti SUPER 16 GB Video Card (tuf-rtx4070tis-o16g-gaming) - PCPartPicker
2025-01-30,84999.0,Asus TUF GAMING OC GeForce RTX 4070 Ti SUPER 16 GB Video Card (tuf-rtx4070tis-o16g-gaming) - PCPartPicker
2025-01-31,84999.0,Asus TUF GAMING OC GeForce RTX 4070 Ti SUPER 16 GB Video Card (tuf-rtx4070tis-o16g-gaming) - PCPartPicker
2025-02-01,84999.0,Asus TUF GAMING OC GeForce RTX 4070 Ti SUPER 16 GB Video Card (tuf-rtx4070tis-o16g-gaming) - PCPartPicker
2025-02-02,84999.0,Asus TUF GAMING OC GeForce RTX 4070 Ti SUPER 16 GB Video Card (tuf-rtx4070tis-o16g-gaming) - PCPartPicker
2025-02-03,84999.0,Asus TUF GAMING OC GeForce RTX 4070 Ti SUPER 16 GB Video Card (tuf-rtx4070tis-o16g-gaming) - PCPartPicker
2025-02-04,84999.0,Asus TUF GAMING OC GeForce RTX 4070 Ti SUPER 16 GB Video Card (tuf-rtx4070tis-o16g-gaming) - PCPartPicker
2025-02-05,84999.0,Asus TUF GAMING OC GeForce RTX 4070 Ti SUPER 16 GB Video Card (tuf-rtx4070tis-o16g-gaming) - PCPartPicker
2025-02-06,84999.0,Asus TUF GAMING OC GeForce RTX 4070 Ti SUPER 16 GB Video Card (tuf-rtx4070tis-o16g-gaming) - PCPartPicker
2025-02-07,84999.0,Asus TUF GAMING OC GeForce RTX 4070 Ti SUPER 16 GB Video Card (tuf-rtx4070tis-o16g-gaming) - PCPartPicker
2025-02-08,84999.0,Asus TUF GAMING OC GeForce RTX 4070 Ti SUPER 16 GB Video Card (tuf-rtx4070tis-o16g-gaming) - PCPartPicker
2025-02-09,84999.0,Asus TUF GAMING OC GeForce RTX 4070 Ti SUPER 16 GB Video Card (tuf-rtx4070tis-o16g-gaming) - PCPartPicker
2025-02-10,84999.0,Asus TUF GAMING OC GeForce RTX 4070 Ti SUPER 16 GB Video Card (tuf-rtx4070tis-o16g-gaming) - PCPartPicker
2025-02-11,84999.0,Asus TUF GAMING OC GeForce RTX 4070 Ti SUPER 16 GB Video Card (tuf-rtx4070tis-o16g-gaming) - PCPartPicker
2025-02-12,84999.0,Asus TUF GAMING OC GeForce RTX 4070 Ti SUPER 16 GB Video Card (tuf-rtx4070tis-o16g-gaming) - PCPartPicker
2025-02-13,84999.0,Asus TUF GAMING OC GeForce RTX 4070 Ti SUPER 16 GB Video Card (tuf-rtx4070tis-o16g-gaming) - PCPartPicker
2025-02-14,84999.0,Asus TUF GAMING OC GeForce RTX 4070 Ti SUPER 16 GB Video Card (tuf-rtx4070tis-o16g-gaming) - PCPartPicker
2025-02-15,84999.0,Asus TUF GAMING OC GeForce RTX 4070 Ti SUPER 16 GB Video Card (tuf-rtx4070tis-o16g-gaming) - PCPartPicker
2025-02-16,84999.0,Asus TUF GAMING OC GeForce RTX 4070 Ti SUPER 16 GB Video Card (tuf-rtx4070tis-o16g-gaming) - PCPartPicker
2025-02-17,84999.0,Asus TUF GAMING OC GeForce RTX 4070 Ti SUPER 16 GB Video Card (tuf-rtx4070tis-o16g-gaming) - PCPartPicker
2025-02-18,84999.0,Asus TUF GAMING OC GeForce RTX 4070 Ti SUPER 16 GB Video Card (tuf-rtx4070tis-o16g-gaming) - PCPartPicker
2025-02-19,84999.0,Asus TUF GAMING OC GeForce RTX 4070 Ti SUPER 16 GB Video Card (tuf-rtx4070tis-o16g-gaming) - PCPartPicker
2025-02-20,84999.0,Asus TUF GAMING OC GeForce RTX 4070 Ti SUPER 16 GB Video Card (tuf-rtx4070tis-o16g-gaming) - PCPartPicker
2025-02-21,84999.0,Asus TUF GAMING OC GeForce RTX 4070 Ti SUPER 16 GB Video Card (tuf-rtx4070tis-o16g-gaming) - PCPartPicker
2025-02-22,84999.0,Asus TUF GAMING OC GeForce RTX 4070 Ti SUPER 16 GB Video Card (tuf-rtx4070tis-o16g-gaming) - PCPartPicker
2025-02-23,84999.0,Asus TUF GAMING OC GeForce RTX 4070 Ti SUPER 16 GB Video Card (tuf-rtx4070tis-o16g-gaming) - PCPartPicker
2025-02-24,84999.0,Asus TUF GAMING OC GeForce RTX 4070 Ti SUPER 16 GB Video Card (tuf-rtx4070tis-o16g-gaming) - PCPartPicker
2025-02-25,84999.0,Asus TUF GAMING OC GeForce RTX 4070 Ti SUPER 16 GB Video Card (tuf-rtx4070tis-o16g-gaming) - PCPartPicker
2025-02-26,84999.0,Asus TUF GAMING OC GeForce RTX 4070 Ti SUPER 16 GB Video Card (tuf-rtx4070tis-o16g-gaming) - PCPartPicker
2025-02-27,84999.0,Asus TUF GAMING OC GeForce RTX 4070 Ti SUPER 16 GB Video Card (tuf-rtx4070tis-o16g-gaming) - PCPartPicker
2025-02-28,84999.0,Asus TUF GAMING OC GeForce RTX 4070 Ti SUPER 16 GB Video Card (tuf-rtx4070tis-o16g-gaming) - PCPartPicker
2025-03-01,84999.0,Asus TUF GAMING OC GeForce RTX 4070 Ti SUPER 16 GB Video Card (tuf-rtx4070tis-o16g-gaming) - PCPartPicker
2025-03-02,84999.0,Asus TUF GAMING OC GeForce RTX 4070 Ti SUPER 16 GB Video Card (tuf-rtx4070tis-o16g-gaming) - PCPartPicker
2025-03-03,84999.0,Asus TUF GAMING OC GeForce RTX 4070 Ti SUPER 16 GB Video Card (tuf-rtx4070tis-o16g-gaming) - PCPartPicker
2025-03-04,84999.0,Asus TUF GAMING OC GeForce RTX 4070 Ti SUPER 16 GB Video Card (tuf-rtx4070tis-o16g-gaming) - PCPartPicker
2025-03-05,84999.0,Asus TUF GAMING OC GeForce RTX 4070 Ti SUPER 16 GB Video Card (tuf-rtx4070tis-o16g-gaming) - PCPartPicker
2025-03-06,84999.0,Asus TUF GAMING OC GeForce RTX 4070 Ti SUPER 16 GB Video Card (tuf-rtx4070tis-o16g-gaming) - PCPartPicker
2025-03-07,84999.0,Asus TUF GAMING OC GeForce RTX 4070 Ti SUPER 16 GB Video Card (tuf-rtx4070tis-o16g-gaming) - PCPartPicker
2025-03-08,84999.0,Asus TUF GAMING OC GeForce RTX 4070 Ti SUPER 16 GB Video Card (tuf-rtx4070tis-o16g-gaming) - PCPartPicker
2025-03-09,84999.0,Asus TUF GAMING OC GeForce RTX 4070 Ti SUPER 16 GB Video Card (tuf-rtx4070tis-o16g-gaming) - PCPartPicker
2025-03-10,84999.0,Asus TUF GAMING OC GeForce RTX 4070 Ti SUPER 16 GB Video Card (tuf-rtx4070tis-o16g-gaming) - PCPartPicker
2025-03-11,84999.0,Asus TUF GAMING OC GeForce RTX 4070 Ti SUPER 16 GB Video Card (tuf-rtx4070tis-o16g-gaming) - PCPartPicker
2025-03-12,84999.0,Asus TUF GAMING OC GeForce RTX 4070 Ti SUPER 16 GB Video Card (tuf-rtx4070tis-o16g-gaming) - PCPartPicker
2025-03-13,84999.0,Asus TUF GAMING OC GeForce RTX 4070 Ti SUPER 16 GB Video Card (tuf-rtx4070tis-o16g-gaming) - PCPartPicker
2025-03-14,84999.0,Asus TUF GAMING OC GeForce RTX 4070 Ti SUPER 16 GB Video Card (tuf-rtx4070tis-o16g-gaming) - PCPartPicker
2025-03-15,84999.0,Asus TUF GAMING OC GeForce RTX 4070 Ti SUPER 16 GB Video Card (tuf-rtx4070tis-o16g-gaming) - PCPartPicker
2025-03-16,84999.0,Asus TUF GAMING OC GeForce RTX 4070 Ti SUPER 16 GB Video Card (tuf-rtx4070tis-o16g-gaming) - PCPartPicker
2025-03-17,84999.0,Asus TUF GAMING OC GeForce RTX 4070 Ti SUPER 16 GB Video Card (tuf-rtx4070tis-o16g-gaming) - PCPartPicker
2025-03-18,84999.0,Asus TUF GAMING OC GeForce RTX 4070 Ti SUPER 16 GB Video Card (tuf-rtx4070tis-o16g-gaming) - PCPartPicker
2025-03-19,84999.0,Asus TUF GAMING OC GeForce RTX 4070 Ti SUPER 16 GB Video Card (tuf-rtx4070tis-o16g-gaming) - PCPartPicker
2025-03-20,84999.0,Asus TUF GAMING OC GeForce RTX 4070 Ti SUPER 16 GB Video Card (tuf-rtx4070tis-o16g-gaming) - PCPartPicker
2025-03-21,84999.0,Asus TUF GAMING OC GeForce RTX 4070 Ti SUPER 16 GB Video Card (tuf-rtx4070tis-o16g-gaming) - PCPartPicker
2025-03-22,84999.0,Asus TUF GAMING OC GeForce RTX 4070 Ti SUPER 16 GB Video Card (tuf-rtx4070tis-o16g-gaming) - PCPartPicker
2025-03-23,84999.0,Asus TUF GAMING OC GeForce RTX 4070 Ti SUPER 16 GB Video Card (tuf-rtx4070tis-o16g-gaming) - PCPartPicker
2025-03-24,84999.0,Asus TUF GAMING OC GeForce RTX 4070 Ti SUPER 16 GB Video Card (tuf-rtx4070tis-o16g-gaming) - PCPartPicker
2025-03-25,84999.0,Asus TUF GAMING OC GeForce RTX 4070 Ti SUPER 16 GB Video Card (tuf-rtx4070tis-o16g-gaming) - PCPartPicker
2025-03-26,84999.0,Asus TUF GAMING OC GeForce RTX 4070 Ti SUPER 16 GB Video Card (tuf-rtx4070tis-o16g-gaming) - PCPartPicker
2025-03-27,84999.0,Asus TUF GAMING OC GeForce RTX 4070 Ti SUPER 16 GB Video Card (tuf-rtx4070tis-o16g-gaming) - PCPartPicker
2025-03-28,84999.0,Asus TUF GAMING OC GeForce RTX 4070 Ti SUPER 16 GB Video Card (tuf-rtx4070tis-o16g-gaming) - PCPartPicker
2025-03-29,84999.0,Asus TUF GAMING OC GeForce RTX 4070 Ti SUPER 16 GB Video Card (tuf-rtx4070tis-o16g-gaming) - PCPartPicker
2025-03-30,84999.0,Asus TUF GAMING OC GeForce RTX 4070 Ti SUPER 16 GB Video Card (tuf-rtx4070tis-o16g-gaming) - PCPartPicker
2025-03-31,84999.0,Asus TUF GAMING OC GeForce RTX 4070 Ti SUPER 16 GB Video Card (tuf-rtx4070tis-o16g-gaming) - PCPartPicker
2025-04-01,84999.0,Asus TUF GAMING OC GeForce RTX 4070 Ti SUPER 16 GB Video Card (tuf-rtx4070tis-o16g-gaming) - PCPartPicker
2025-04-02,84999.0,Asus TUF GAMING OC GeForce RTX 4070 Ti SUPER 16 GB Video Card (tuf-rtx4070tis-o16g-gaming) - PCPartPicker
2025-04-03,84999.0,Asus TUF GAMING OC GeForce RTX 4070 Ti SUPER 16 GB Video Card (tuf-rtx4070tis-o16g-gaming) - PCPartPicker
2025-04-04,84999.0,Asus TUF GAMING OC GeForce RTX 4070 Ti SUPER 16 GB Video Card (tuf-rtx4070tis-o16g-gaming) - PCPartPicker
2025-04-05,84999.0,Asus TUF GAMING OC GeForce RTX 4070 Ti SUPER 16 GB Video Card (tuf-rtx4070tis-o16g-gaming) - PCPartPicker
2025-04-06,84999.0,Asus TUF GAMING OC GeForce RTX 4070 Ti SUPER 16 GB Video Card (tuf-rtx4070tis-o16g-gaming) - PCPartPicker
2025-04-07,84999.0,Asus TUF GAMING OC GeForce RTX 4070 Ti SUPER 16 GB Video Card (tuf-rtx4070tis-o16g-gaming) - PCPartPicker
2025-04-08,84999.0,Asus TUF GAMING OC GeForce RTX 4070 Ti SUPER 16 GB Video Card (tuf-rtx4070tis-o16g-gaming) - PCPartPicker
2025-04-09,84999.0,Asus TUF GAMING OC GeForce RTX 4070 Ti SUPER 16 GB Video Card (tuf-rtx4070tis-o16g-gaming) - PCPartPicker
2025-04-10,84999.0,Asus TUF GAMING OC GeForce RTX 4070 Ti SUPER 16 GB Video Card (tuf-rtx4070tis-o16g-gaming) - PCPartPicker
2025-04-11,84999.0,Asus TUF GAMING OC GeForce RTX 4070 Ti SUPER 16 GB Video Card (tuf-rtx4070tis-o16g-gaming) - PCPartPicker
2025-04-12,84999.0,Asus TUF GAMING OC GeForce RTX 4070 Ti SUPER 16 GB Video Card (tuf-rtx4070tis-o16g-gaming) - PCPartPicker
2025-04-13,84999.0,Asus TUF GAMING OC GeForce RTX 4070 Ti SUPER 16 GB Video Card (tuf-rtx4070tis-o16g-gaming) - PCPartPicker
2025-04-14,84999.0,Asus TUF GAMING OC GeForce RTX 4070 Ti SUPER 16 GB Video Card (tuf-rtx4070tis-o16g-gaming) - PCPartPicker
2025-04-15,84999.0,Asus TUF GAMING OC GeForce RTX 4070 Ti SUPER 16 GB Video Card (tuf-rtx4070tis-o16g-gaming) - PCPartPicker
2025-04-16,84999.0,Asus TUF GAMING OC GeForce RTX 4070 Ti SUPER 16 GB Video Card (tuf-rtx4070tis-o16g-gaming) - PCPartPicker
2025-04-17,84999.0,Asus TUF GAMING OC GeForce RTX 4070 Ti SUPER 16 GB Video Card (tuf-rtx4070tis-o16g-gaming) - PCPartPicker
2025-04-18,84999.0,Asus TUF GAMING OC GeForce RTX 4070 Ti SUPER 16 GB Video Card (tuf-rtx4070tis-o16g-gaming) - PCPartPicker
2025-04-19,84999.0,Asus TUF GAMING OC GeForce RTX 4070 Ti SUPER 16 GB Video Card (tuf-rtx4070tis-o16g-gaming) - PCPartPicker
2025-04-20,84999.0,Asus TUF GAMING OC GeForce RTX 4070 Ti SUPER 16 GB Video Card (tuf-rtx4070tis-o16g-gaming) - PCPartPicker
2025-04-21,84999.0,Asus TUF GAMING OC GeForce RTX 4070 Ti SUPER 16 GB Video Card (tuf-rtx4070tis-o16g-gaming) - PCPartPicker
2025-04-22,84999.0,Asus TUF GAMING OC GeForce RTX 4070 Ti SUPER 16 GB Video Card (tuf-rtx4070tis-o16g-gaming) - PCPartPicker
2025-04-23,84999.0,Asus TUF GAMING OC GeForce RTX 4070 Ti SUPER 16 GB Video Card (tuf-rtx4070tis-o16g-gaming) - PCPartPicker
2025-04-24,84999.0,Asus TUF GAMING OC GeForce RTX 4070 Ti SUPER 16 GB Video Card (tuf-rtx4070tis-o16g-gaming) - PCPartPicker
2025-04-25,84999.0,Asus TUF GAMING OC GeForce RTX 4070 Ti SUPER 16 GB Video Card (tuf-rtx4070tis-o16g-gaming) - PCPartPicker
2025-04-26,84999.0,Asus TUF GAMING OC GeForce RTX 4070 Ti SUPER 16 GB Video Card (tuf-rtx4070tis-o16g-gaming) - PCPartPicker
2025-04-27,84999.0,Asus TUF GAMING OC GeForce RTX 4070 Ti SUPER 16 GB Video Card (tuf-rtx4070tis-o16g-gaming) - PCPartPicker
2025-04-28,84999.0,Asus TUF GAMING OC GeForce RTX 4070 Ti SUPER 16 GB Video Card (tuf-rtx4070tis-o16g-gaming) - PCPartPicker
2025-04-29,84999.0,Asus TUF GAMING OC GeForce RTX 4070 Ti SUPER 16 GB Video Card (tuf-rtx4070tis-o16g-gaming) - PCPartPicker
2025-04-30,84999.0,Asus TUF GAMING OC GeForce RTX 4070 Ti SUPER 16 GB Video Card (tuf-rtx4070tis-o16g-gaming) - PCPartPicker
2025-05-01,84999.0,Asus TUF GAMING OC GeForce RTX 4070 Ti SUPER 16 GB Video Card (tuf-rtx4070tis-o16g-gaming) - PCPartPicker
2025-05-02,84999.0,Asus TUF GAMING OC GeForce RTX 4070 Ti SUPER 16 GB Video Card (tuf-rtx4070tis-o16g-gaming) - PCPartPicker
2025-05-03,84999.0,Asus TUF GAMING OC GeForce RTX 4070 Ti SUPER 16 GB Video Card (tuf-rtx4070tis-o16g-gaming) - PCPartPicker
2025-05-04,84999.0,Asus TUF GAMING OC GeForce RTX 4070 Ti SUPER 16 GB Video Card (tuf-rtx4070tis-o16g-gaming) - PCPartPicker
2025-05-05,84999.0,Asus TUF GAMING OC GeForce RTX 4070 Ti SUPER 16 GB Video Card (tuf-rtx4070tis-o16g-gaming) - PCPartPicker
2025-05-06,84999.0,Asus TUF GAMING OC GeForce RTX 4070 Ti SUPER 16 GB Video Card (tuf-rtx4070tis-o16g-gaming) - PCPartPicker
2025-05-07,84999.0,Asus TUF GAMING OC GeForce RTX 4070 Ti SUPER 16 GB Video Card (tuf-rtx4070tis-o16g-gaming) - PCPartPicker
2025-05-08,84999.0,Asus TUF GAMING OC GeForce RTX 4070 Ti SUPER 16 GB Video Card (tuf-rtx4070tis-o16g-gaming) - PCPartPicker
2025-05-09,84999.0,Asus TUF GAMING OC GeForce RTX 4070 Ti SUPER 16 GB Video Card (tuf-rtx4070tis-o16g-gaming) - PCPartPicker
2025-05-10,84999.0,Asus TUF GAMING OC GeForce RTX 4070 Ti SUPER 16 GB Video Card (tuf-rtx4070tis-o16g-gaming) - PCPartPicker
2025-05-11,84999.0,Asus TUF GAMING OC GeForce RTX 4070 Ti SUPER 16 GB Video Card (tuf-rtx4070tis-o16g-gaming) - PCPartPicker
2025-05-12,84999.0,Asus TUF GAMING OC GeForce RTX 4070 Ti SUPER 16 GB Video Card (tuf-rtx4070tis-o16g-gaming) - PCPartPicker
2025-05-13,84999.0,Asus TUF GAMING OC GeForce RTX 4070 Ti SUPER 16 GB Video Card (tuf-rtx4070tis-o16g-gaming) - PCPartPicker
2025-05-14,84999.0,Asus TUF GAMING OC GeForce RTX 4070 Ti SUPER 16 GB Video Card (tuf-rtx4070tis-o16g-gaming) - PCPartPicker
2025-05-15,84999.0,Asus TUF GAMING OC GeForce RTX 4070 Ti SUPER 16 GB Video Card (tuf-rtx4070tis-o16g-gaming) - PCPartPicker
2025-05-16,84999.0,Asus TUF GAMING OC GeForce RTX 4070 Ti SUPER 16 GB Video Card (tuf-rtx4070tis-o16g-gaming) - PCPartPicker
2025-05-17,84999.0,Asus TUF GAMING OC GeForce RTX 4070 Ti SUPER 16 GB Video Card (tuf-rtx4070tis-o16g-gaming) - PCPartPicker
2025-05-18,84999.0,Asus TUF GAMING OC GeForce RTX 4070 Ti SUPER 16 GB Video Card (tuf-rtx4070tis-o16g-gaming) - PCPartPicker
2025-05-19,84999.0,Asus TUF GAMING OC GeForce RTX 4070 Ti SUPER 16 GB Video Card (tuf-rtx4070tis-o16g-gaming) - PCPartPicker
2025-05-20,84999.0,Asus TUF GAMING OC GeForce RTX 4070 Ti SUPER 16 GB Video Card (tuf-rtx4070tis-o16g-gaming) - PCPartPicker
2025-05-21,84999.0,Asus TUF GAMING OC GeForce RTX 4070 Ti SUPER 16 GB Video Card (tuf-rtx4070tis-o16g-gaming) - PCPartPicker
2025-05-22,84999.0,Asus TUF GAMING OC GeForce RTX 4070 Ti SUPER 16 GB Video Card (tuf-rtx4070tis-o16g-gaming) - PCPartPicker
2025-05-23,84999.0,Asus TUF GAMING OC GeForce RTX 4070 Ti SUPER 16 GB Video Card (tuf-rtx4070tis-o16g-gaming) - PCPartPicker
2025-05-24,84999.0,Asus TUF GAMING OC GeForce RTX 4070 Ti SUPER 16 GB Video Card (tuf-rtx4070tis-o16g-gaming) - PCPartPicker
2025-05-25,84999.0,Asus TUF GAMING OC GeForce RTX 4070 Ti SUPER 16 GB Video Card (tuf-rtx4070tis-o16g-gaming) - PCPartPicker
2025-05-26,84999.0,Asus TUF GAMING OC GeForce RTX 4070 Ti SUPER 16 GB Video Card (tuf-rtx4070tis-o16g-gaming) - PCPartPicker
2025-05-27,84999.0,Asus TUF GAMING OC GeForce RTX 4070 Ti SUPER 16 GB Video Card (tuf-rtx4070tis-o16g-gaming) - PCPartPicker
2025-05-28,84999.0,Asus TUF GAMING OC GeForce RTX 4070 Ti SUPER 16 GB Video Card (tuf-rtx4070tis-o16g-gaming) - PCPartPicker
2025-05-29,84999.0,Asus TUF GAMING OC GeForce RTX 4070 Ti SUPER 16 GB Video Card (tuf-rtx4070tis-o16g-gaming) - PCPartPicker
2025-05-30,84999.0,Asus TUF GAMING OC GeForce RTX 4070 Ti SUPER 16 GB Video Card (tuf-rtx4070tis-o16g-gaming) - PCPartPicker
2025-05-31,84999.0,Asus TUF GAMING OC GeForce RTX 4070 Ti SUPER 16 GB Video Card (tuf-rtx4070tis-o16g-gaming) - PCPartPicker
2025-06-01,84999.0,Asus TUF GAMING OC GeForce RTX 4070 Ti SUPER 16 GB Video Card (tuf-rtx4070tis-o16g-gaming) - PCPartPicker
2025-06-02,84999.0,Asus TUF GAMING OC GeForce RTX 4070 Ti SUPER 16 GB Video Card (tuf-rtx4070tis-o16g-gaming) - PCPartPicker
2025-06-03,84999.0,Asus TUF GAMING OC GeForce RTX 4070 Ti SUPER 16 GB Video Card (tuf-rtx4070tis-o16g-gaming) - PCPartPicker
2025-06-04,84999.0,Asus TUF GAMING OC GeForce RTX 4070 Ti SUPER 16 GB Video Card (tuf-rtx4070tis-o16g-gaming) - PCPartPicker
2025-06-05,84999.0,Asus TUF GAMING OC GeForce RTX 4070 Ti SUPER 16 GB Video Card (tuf-rtx4070tis-o16g-gaming) - PCPartPicker
2025-06-06,84999.0,Asus TUF GAMING OC GeForce RTX 4070 Ti SUPER 16 GB Video Card (tuf-rtx4070tis-o16g-gaming) - PCPartPicker
2025-06-07,84999.0,Asus TUF GAMING OC GeForce RTX 4070 Ti SUPER 16 GB Video Card (tuf-rtx4070tis-o16g-gaming) - PCPartPicker
2025-06-08,84999.0,Asus TUF GAMING OC GeForce RTX 4070 Ti SUPER 16 GB Video Card (tuf-rtx4070tis-o16g-gaming) - PCPartPicker
2025-06-09,84999.0,Asus TUF GAMING OC GeForce RTX 4070 Ti SUPER 16 GB Video Card (tuf-rtx4070tis-o16g-gaming) - PCPartPicker
2025-06-10,84999.0,Asus TUF GAMING OC GeForce RTX 4070 Ti SUPER 16 GB Video Card (tuf-rtx4070tis-o16g-gaming) - PCPartPicker
2025-06-11,84999.0,Asus TUF GAMING OC GeForce RTX 4070 Ti SUPER 16 GB Video Card (tuf-rtx4070tis-o16g-gaming) - PCPartPicker
2025-06-12,84999.0,Asus TUF GAMING OC GeForce RTX 4070 Ti SUPER 16 GB Video Card (tuf-rtx4070tis-o16g-gaming) - PCPartPicker
2025-06-13,84999.0,Asus TUF GAMING OC GeForce RTX 4070 Ti SUPER 16 GB Video Card (tuf-rtx4070tis-o16g-gaming) - PCPartPicker
2025-06-14,84999.0,Asus TUF GAMING OC GeForce RTX 4070 Ti SUPER 16 GB Video Card (tuf-rtx4070tis-o16g-gaming) - PCPartPicker
2025-06-15,84999.0,Asus TUF GAMING OC GeForce RTX 4070 Ti SUPER 16 GB Video Card (tuf-rtx4070tis-o16g-gaming) - PCPartPicker
2025-06-16,84999.0,Asus TUF GAMING OC GeForce RTX 4070 Ti SUPER 16 GB Video Card (tuf-rtx4070tis-o16g-gaming) - PCPartPicker
2025-06-17,84999.0,Asus TUF GAMING OC GeForce RTX 4070 Ti SUPER 16 GB Video Card (tuf-rtx4070tis-o16g-gaming) - PCPartPicker
2025-06-18,84999.0,Asus TUF GAMING OC GeForce RTX 4070 Ti SUPER 16 GB Video Card (tuf-rtx4070tis-o16g-gaming) - PCPartPicker
2025-06-19,84999.0,Asus TUF GAMING OC GeForce RTX 4070 Ti SUPER 16 GB Video Card (tuf-rtx4070tis-o16g-gaming) - PCPartPicker
2025-06-20,84999.0,Asus TUF GAMING OC GeForce RTX 4070 Ti SUPER 16 GB Video Card (tuf-rtx4070tis-o16g-gaming) - PCPartPicker
2025-06-21,84999.0,Asus TUF GAMING OC GeForce RTX 4070 Ti SUPER 16 GB Video Card (tuf-rtx4070tis-o16g-gaming) - PCPartPicker
2025-06-22,84999.0,Asus TUF GAMING OC GeForce RTX 4070 Ti SUPER 16 GB Video Card (tuf-rtx4070tis-o16g-gaming) - PCPartPicker
2025-06-23,84999.0,Asus TUF GAMING OC GeForce RTX 4070 Ti SUPER 16 GB Video Card (tuf-rtx4070tis-o16g-gaming) - PCPartPicker
2025-06-24,84999.0,Asus TUF GAMING OC GeForce RTX 4070 Ti SUPER 16 GB Video Card (tuf-rtx4070tis-o16g-gaming) - PCPartPicker
2025-06-25,84999.0,Asus TUF GAMING OC GeForce RTX 4070 Ti SUPER 16 GB Video Card (tuf-rtx4070tis-o16g-gaming) - PCPartPicker
2025-06-26,84999.0,Asus TUF GAMING OC GeForce RTX 4070 Ti SUPER 16 GB Video Card (tuf-rtx4070tis-o16g-gaming) - PCPartPicker
2025-06-27,84999.0,Asus TUF GAMING OC GeForce RTX 4070 Ti SUPER 16 GB Video Card (tuf-rtx4070tis-o16g-gaming) - PCPartPicker
2025-06-28,84999.0,Asus TUF GAMING OC GeForce RTX 4070 Ti SUPER 16 GB Video Card (tuf-rtx4070tis-o16g-gaming) - PCPartPicker
2025-06-29,84999.0,Asus TUF GAMING OC GeForce RTX 4070 Ti SUPER 16 GB Video Card (tuf-rtx4070tis-o16g-gaming) - PCPartPicker
2025-06-30,84999.0,Asus TUF GAMING OC GeForce RTX 4070 Ti SUPER 16 GB Video Card (tuf-rtx4070tis-o16g-gaming) - PCPartPicker
2025-07-01,84999.0,Asus TUF GAMING OC GeForce RTX 4070 Ti SUPER 16 GB Video Card (tuf-rtx4070tis-o16g-gaming) - PCPartPicker
2025-07-02,84999.0,Asus TUF GAMING OC GeForce RTX 4070 Ti SUPER 16 GB Video Card (tuf-rtx4070tis-o16g-gaming) - PCPartPicker
2025-07-03,84999.0,Asus TUF GAMING OC GeForce RTX 4070 Ti SUPER 16 GB Video Card (tuf-rtx4070tis-o16g-gaming) - PCPartPicker
2025-07-04,84999.0,Asus TUF GAMING OC GeForce RTX 4070 Ti SUPER 16 GB Video Card (tuf-rtx4070tis-o16g-gaming) - PCPartPicker
2025-07-05,84999.0,Asus TUF GAMING OC GeForce RTX 4070 Ti SUPER 16 GB Video Card (tuf-rtx4070tis-o16g-gaming) - PCPartPicker
2025-07-06,84999.0,Asus TUF GAMING OC GeForce RTX 4070 Ti SUPER 16 GB Video Card (tuf-rtx4070tis-o16g-gaming) - PCPartPicker
2025-07-07,84999.0,Asus TUF GAMING OC GeForce RTX 4070 Ti SUPER 16 GB Video Card (tuf-rtx4070tis-o16g-gaming) - PCPartPicker
2025-07-08,84999.0,Asus TUF GAMING OC GeForce RTX 4070 Ti SUPER 16 GB Video Card (tuf-rtx4070tis-o16g-gaming) - PCPartPicker
2025-07-09,84999.0,Asus TUF GAMING OC GeForce RTX 4070 Ti SUPER 16 GB Video Card (tuf-rtx4070tis-o16g-gaming) - PCPartPicker
2025-07-10,84999.0,Asus TUF GAMING OC GeForce RTX 4070 Ti SUPER 16 GB Video Card (tuf-rtx4070tis-o16g-gaming) - PCPartPicker
2025-07-11,84999.0,Asus TUF GAMING OC GeForce RTX 4070 Ti SUPER 16 GB Video Card (tuf-rtx4070tis-o16g-gaming) - PCPartPicker
2025-07-12,84999.0,Asus TUF GAMING OC GeForce RTX 4070 Ti SUPER 16 GB Video Card (tuf-rtx4070tis-o16g-gaming) - PCPartPicker
2025-07-13,84999.0,Asus TUF GAMING OC GeForce RTX 4070 Ti SUPER 16 GB Video Card (tuf-rtx4070tis-o16g-gaming) - PCPartPicker
2025-07-14,84999.0,Asus TUF GAMING OC GeForce RTX 4070 Ti SUPER 16 GB Video Card (tuf-rtx4070tis-o16g-gaming) - PCPartPicker
2025-07-15,84999.0,Asus TUF GAMING OC GeForce RTX 4070 Ti SUPER 16 GB Video Card (tuf-rtx4070tis-o16g-gaming) - PCPartPicker
2025-07-16,84999.0,Asus TUF GAMING OC GeForce RTX 4070 Ti SUPER 16 GB Video Card (tuf-rtx4070tis-o16g-gaming) - PCPartPicker
2025-07-17,84999.0,Asus TUF GAMING OC GeForce RTX 4070 Ti SUPER 16 GB Video Card (tuf-rtx4070tis-o16g-gaming) - PCPartPicker
2025-07-18,84999.0,Asus TUF GAMING OC GeForce RTX 4070 Ti SUPER 16 GB Video Card (tuf-rtx4070tis-o16g-gaming) - PCPartPicker
2025-07-19,84999.0,Asus TUF GAMING OC GeForce RTX 4070 Ti SUPER 16 GB Video Card (tuf-rtx4070tis-o16g-gaming) - PCPartPicker
2025-07-20,84999.0,Asus TUF GAMING OC GeForce RTX 4070 Ti SUPER 16 GB Video Card (tuf-rtx4070tis-o16g-gaming) - PCPartPicker
2025-07-21,84999.0,Asus TUF GAMING OC GeForce RTX 4070 Ti SUPER 16 GB Video Card (tuf-rtx4070tis-o16g-gaming) - PCPartPicker
2025-07-22,84999.0,Asus TUF GAMING OC GeForce RTX 4070 Ti SUPER 16 GB Video Card (tuf-rtx4070tis-o16g-gaming) - PCPartPicker
2025-07-23,84999.0,Asus TUF GAMING OC GeForce RTX 4070 Ti SUPER 16 GB Video Card (tuf-rtx4070tis-o16g-gaming) - PCPartPicker
2025-07-24,84999.0,Asus TUF GAMING OC GeForce RTX 4070 Ti SUPER 16 GB Video Card (tuf-rtx4070tis-o16g-gaming) - PCPartPicker
2025-07-25,84999.0,Asus TUF GAMING OC GeForce RTX 4070 Ti SUPER 16 GB Video Card (tuf-rtx4070tis-o16g-gaming) - PCPartPicker
2025-07-26,84999.0,Asus TUF GAMING OC GeForce RTX 4070 Ti SUPER 16 GB Video Card (tuf-rtx4070tis-o16g-gaming) - PCPartPicker
2025-07-27,84999.0,Asus TUF GAMING OC GeForce RTX 4070 Ti SUPER 16 GB Video Card (tuf-rtx4070tis-o16g-gaming) - PCPartPicker
2025-07-28,84999.0,Asus TUF GAMING OC GeForce RTX 4070 Ti SUPER 16 GB Video Card (tuf-rtx4070tis-o16g-gaming) - PCPartPicker
2025-07-29,84999.0,Asus TUF GAMING OC GeForce RTX 4070 Ti SUPER 16 GB Video Card (tuf-rtx4070tis-o16g-gaming) - PCPartPicker
2025-07-30,84999.0,Asus TUF GAMING OC GeForce RTX 4070 Ti SUPER 16 GB Video Card (tuf-rtx4070tis-o16g-gaming) - PCPartPicker
2025-07-31,84999.0,Asus TUF GAMING OC GeForce RTX 4070 Ti SUPER 16 GB Video Card (tuf-rtx4070tis-o16g-gaming) - PCPartPicker
2025-08-01,84999.0,Asus TUF GAMING OC GeForce RTX 4070 Ti SUPER 16 GB Video Card (tuf-rtx4070tis-o16g-gaming) - PCPartPicker
2025-08-02,84999.0,Asus TUF GAMING OC GeForce RTX 4070 Ti SUPER 16 GB Video Card (tuf-rtx4070tis-o16g-gaming) - PCPartPicker
2025-08-03,84999.0,Asus TUF GAMING OC GeForce RTX 4070 Ti SUPER 16 GB Video Card (tuf-rtx4070tis-o16g-gaming) - PCPartPicker
2025-08-04,84999.0,Asus TUF GAMING OC GeForce RTX 4070 Ti SUPER 16 GB Video Card (tuf-rtx4070tis-o16g-gaming) - PCPartPicker
2025-08-05,84999.0,Asus TUF GAMING OC GeForce RTX 4070 Ti SUPER 16 GB Video Card (tuf-rtx4070tis-o16g-gaming) - PCPartPicker
2025-08-06,84999.0,Asus TUF GAMING OC GeForce RTX 4070 Ti SUPER 16 GB Video Card (tuf-rtx4070tis-o16g-gaming) - PCPartPicker
2025-08-07,84999.0,Asus TUF GAMING OC GeForce RTX 4070 Ti SUPER 16 GB Video Card (tuf-rtx4070tis-o16g-gaming) - PCPartPicker
2025-08-08,84999.0,Asus TUF GAMING OC GeForce RTX 4070 Ti SUPER 16 GB Video Card (tuf-rtx4070tis-o16g-gaming) - PCPartPicker
2025-08-09,84999.0,Asus TUF GAMING OC GeForce RTX 4070 Ti SUPER 16 GB Video Card (tuf-rtx4070tis-o16g-gaming) - PCPartPicker
2025-08-10,84999.0,Asus TUF GAMING OC GeForce RTX 4070 Ti SUPER 16 GB Video Card (tuf-rtx4070tis-o16g-gaming) - PCPartPicker
2025-08-11,84999.0,Asus TUF GAMING OC GeForce RTX 4070 Ti SUPER 16 GB Video Card (tuf-rtx4070tis-o16g-gaming) - PCPartPicker
2025-08-12,84999.0,Asus TUF GAMING OC GeForce RTX 4070 Ti SUPER 16 GB Video Card (tuf-rtx4070tis-o16g-gaming) - PCPartPicker
2025-08-13,84999.0,Asus TUF GAMING OC GeForce RTX 4070 Ti SUPER 16 GB Video Card (tuf-rtx4070tis-o16g-gaming) - PCPartPicker
2025-08-14,84999.0,Asus TUF GAMING OC GeForce RTX 4070 Ti SUPER 16 GB Video Card (tuf-rtx4070tis-o16g-gaming) - PCPartPicker
2025-08-15,84999.0,Asus TUF GAMING OC GeForce RTX 4070 Ti SUPER 16 GB Video Card (tuf-rtx4070tis-o16g-gaming) - PCPartPicker
2025-08-16,84999.0,Asus TUF GAMING OC GeForce RTX 4070 Ti SUPER 16 GB Video Card (tuf-rtx4070tis-o16g-gaming) - PCPartPicker
2025-08-17,84999.0,Asus TUF GAMING OC GeForce RTX 4070 Ti SUPER 16 GB Video Card (tuf-rtx4070tis-o16g-gaming) - PCPartPicker
2025-08-18,84999.0,Asus TUF GAMING OC GeForce RTX 4070 Ti SUPER 16 GB Video Card (tuf-rtx4070tis-o16g-gaming) - PCPartPicker
2025-08-19,84999.0,Asus TUF GAMING OC GeForce RTX 4070 Ti SUPER 16 GB Video Card (tuf-rtx4070tis-o16g-gaming) - PCPartPicker
2025-08-20,84999.0,Asus TUF GAMING OC GeForce RTX 4070 Ti SUPER 16 GB Video Card (tuf-rtx4070tis-o16g-gaming) - PCPartPicker
2025-08-21,84999.0,Asus TUF GAMING OC GeForce RTX 4070 Ti SUPER 16 GB Video Card (tuf-rtx4070tis-o16g-gaming) - PCPartPicker
2025-08-22,84999.0,Asus TUF GAMING OC GeForce RTX 4070 Ti SUPER 16 GB Video Card (tuf-rtx4070tis-o16g-gaming) - PCPartPicker
2025-08-23,84999.0,Asus TUF GAMING OC GeForce RTX 4070 Ti SUPER 16 GB Video Card (tuf-rtx4070tis-o16g-gaming) - PCPartPicker
2025-08-24,84999.0,Asus TUF GAMING OC GeForce RTX 4070 Ti SUPER 16 GB Video Card (tuf-rtx4070tis-o16g-gaming) - PCPartPicker
2025-08-25,84999.0,Asus TUF GAMING OC GeForce RTX 4070 Ti SUPER 16 GB Video Card (tuf-rtx4070tis-o16g-gaming) - PCPartPicker
2025-08-26,84999.0,Asus TUF GAMING OC GeForce RTX 4070 Ti SUPER 16 GB Video Card (tuf-rtx4070tis-o16g-gaming) - PCPartPicker
2025-08-27,84999.0,Asus TUF GAMING OC GeForce RTX 4070 Ti SUPER 16 GB Video Card (tuf-rtx4070tis-o16g-gaming) - PCPartPicker
2025-08-28,84999.0,Asus TUF GAMING OC GeForce RTX 4070 Ti SUPER 16 GB Video Card (tuf-rtx4070tis-o16g-gaming) - PCPartPicker
2025-08-29,84999.0,Asus TUF GAMING OC GeForce RTX 4070 Ti SUPER 16 GB Video Card (tuf-rtx4070tis-o16g-gaming) - PCPartPicker
2025-08-30,84999.0,Asus TUF GAMING OC GeForce RTX 4070 Ti SUPER 16 GB Video Card (tuf-rtx4070tis-o16g-gaming) - PCPartPicker
2025-08-31,84999.0,Asus TUF GAMING OC GeForce RTX 4070 Ti SUPER 16 GB Video Card (tuf-rtx4070tis-o16g-gaming) - PCPartPicker
2025-09-01,84999.0,Asus TUF GAMING OC GeForce RTX 4070 Ti SUPER 16 GB Video Card (tuf-rtx4070tis-o16g-gaming) - PCPartPicker
2025-09-02,84999.0,Asus TUF GAMING OC GeForce RTX 4070 Ti SUPER 16 GB Video Card (tuf-rtx4070tis-o16g-gaming) - PCPartPicker
2025-09-03,84999.0,Asus TUF GAMING OC GeForce RTX 4070 Ti SUPER 16 GB Video Card (tuf-rtx4070tis-o16g-gaming) - PCPartPicker
2025-09-04,84999.0,Asus TUF GAMING OC GeForce RTX 4070 Ti SUPER 16 GB Video Card (tuf-rtx4070tis-o16g-gaming) - PCPartPicker
2025-09-05,84999.0,Asus TUF GAMING OC GeForce RTX 4070 Ti SUPER 16 GB Video Card (tuf-rtx4070tis-o16g-gaming) - PCPartPicker
2025-09-06,84999.0,Asus TUF GAMING OC GeForce RTX 4070 Ti SUPER 16 GB Video Card (tuf-rtx4070tis-o16g-gaming) - PCPartPicker
2025-09-07,84999.0,Asus TUF GAMING OC GeForce RTX 4070 Ti SUPER 16 GB Video Card (tuf-rtx4070tis-o16g-gaming) - PCPartPicker
2025-09-08,84999.0,Asus TUF GAMING OC GeForce RTX 4070 Ti SUPER 16 GB Video Card (tuf-rtx4070tis-o16g-gaming) - PCPartPicker
2025-09-09,84999.0,Asus TUF GAMING OC GeForce RTX 4070 Ti SUPER 16 GB Video Card (tuf-rtx4070tis-o16g-gaming) - PCPartPicker
2025-09-10,84999.0,Asus TUF GAMING OC GeForce RTX 4070 Ti SUPER 16 GB Video Card (tuf-rtx4070tis-o16g-gaming) - PCPartPicker
2025-09-11,84999.0,Asus TUF GAMING OC GeForce RTX 4070 Ti SUPER 16 GB Video Card (tuf-rtx4070tis-o16g-gaming) - PCPartPicker
2025-09-12,84999.0,Asus TUF GAMING OC GeForce RTX 4070 Ti SUPER 16 GB Video Card (tuf-rtx4070tis-o16g-gaming) - PCPartPicker
2025-09-13,84999.0,Asus TUF GAMING OC GeForce RTX 4070 Ti SUPER 16 GB Video Card (tuf-rtx4070tis-o16g-gaming) - PCPartPicker
2025-09-14,84999.0,Asus TUF GAMING OC GeForce RTX 4070 Ti SUPER 16 GB Video Card (tuf-rtx4070tis-o16g-gaming) - PCPartPicker
2025-09-15,84999.0,Asus TUF GAMING OC GeForce RTX 4070 Ti SUPER 16 GB Video Card (tuf-rtx4070tis-o16g-gaming) - PCPartPicker
2025-09-16,84999.0,Asus TUF GAMING OC GeForce RTX 4070 Ti SUPER 16 GB Video Card (tuf-rtx4070tis-o16g-gaming) - PCPartPicker
2025-09-17,84999.0,Asus TUF GAMING OC GeForce RTX 4070 Ti SUPER 16 GB Video Card (tuf-rtx4070tis-o16g-gaming) - PCPartPicker
2025-09-18,84999.0,Asus TUF GAMING OC GeForce RTX 4070 Ti SUPER 16 GB Video Card (tuf-rtx4070tis-o16g-gaming) - PCPartPicker
2025-09-19,84999.0,Asus TUF GAMING OC GeForce RTX 4070 Ti SUPER 16 GB Video Card (tuf-rtx4070tis-o16g-gaming) - PCPartPicker
2025-09-20,84999.0,Asus TUF GAMING OC GeForce RTX 4070 Ti SUPER 16 GB Video Card (tuf-rtx4070tis-o16g-gaming) - PCPartPicker
2025-09-21,84999.0,Asus TUF GAMING OC GeForce RTX 4070 Ti SUPER 16 GB Video Card (tuf-rtx4070tis-o16g-gaming) - PCPartPicker
2025-09-22,84999.0,Asus TUF GAMING OC GeForce RTX 4070 Ti SUPER 16 GB Video Card (tuf-rtx4070tis-o16g-gaming) - PCPartPicker
2025-09-23,84999.0,Asus TUF GAMING OC GeForce RTX 4070 Ti SUPER 16 GB Video Card (tuf-rtx4070tis-o16g-gaming) - PCPartPicker
2025-09-24,84999.0,Asus TUF GAMING OC GeForce RTX 4070 Ti SUPER 16 GB Video Card (tuf-rtx4070tis-o16g-gaming) - PCPartPicker
2025-09-25,84999.0,Asus TUF GAMING OC GeForce RTX 4070 Ti SUPER 16 GB Video Card (tuf-rtx4070tis-o16g-gaming) - PCPartPicker
2025-09-26,84999.0,Asus TUF GAMING OC GeForce RTX 4070 Ti SUPER 16 GB Video Card (tuf-rtx4070tis-o16g-gaming) - PCPartPicker
2025-09-27,84999.0,Asus TUF GAMING OC GeForce RTX 4070 Ti SUPER 16 GB Video Card (tuf-rtx4070tis-o16g-gaming) - PCPartPicker
2025-09-28,84999.0,Asus TUF GAMING OC GeForce RTX 4070 Ti SUPER 16 GB Video Card (tuf-rtx4070tis-o16g-gaming) - PCPartPicker
2025-09-29,84999.0,Asus TUF GAMING OC GeForce RTX 4070 Ti SUPER 16 GB Video Card (tuf-rtx4070tis-o16g-gaming) - PCPartPicker
2025-09-30,84999.0,Asus TUF GAMING OC GeForce RTX 4070 Ti SUPER 16 GB Video Card (tuf-rtx4070tis-o16g-gaming) - PCPartPicker
2025-10-01,84999.0,Asus TUF GAMING OC GeForce RTX 4070 Ti SUPER 16 GB Video Card (tuf-rtx4070tis-o16g-gaming) - PCPartPicker
2025-10-02,84999.0,Asus TUF GAMING OC GeForce RTX 4070 Ti SUPER 16 GB Video Card (tuf-rtx4070tis-o16g-gaming) - PCPartPicker
2025-10-03,87499.0,Asus TUF GAMING OC GeForce RTX 4070 Ti SUPER 16 GB Video Card (tuf-rtx4070tis-o16g-gaming) - PCPartPicker
2025-10-04,87499.0,Asus TUF GAMING OC GeForce RTX 4070 Ti SUPER 16 GB Video Card (tuf-rtx4070tis-o16g-gaming) - PCPartPicker
2025-10-05,87499.0,Asus TUF GAMING OC GeForce RTX 4070 Ti SUPER 16 GB Video Card (tuf-rtx4070tis-o16g-gaming) - PCPartPicker
2025-10-06,87499.0,Asus TUF GAMING OC GeForce RTX 4070 Ti SUPER 16 GB Video Card (tuf-rtx4070tis-o16g-gaming) - PCPartPicker
2025-10-07,87499.0,Asus TUF GAMING OC GeForce RTX 4070 Ti SUPER 16 GB Video Card (tuf-rtx4070tis-o16g-gaming) - PCPartPicker
2025-10-08,87499.0,Asus TUF GAMING OC GeForce RTX 4070 Ti SUPER 16 GB Video Card (tuf-rtx4070tis-o16g-gaming) - PCPartPicker
2025-10-09,87499.0,Asus TUF GAMING OC GeForce RTX 4070 Ti SUPER 16 GB Video Card (tuf-rtx4070tis-o16g-gaming) - PCPartPicker
2025-10-10,87499.0,Asus TUF GAMING OC GeForce RTX 4070 Ti SUPER 16 GB Video Card (tuf-rtx4070tis-o16g-gaming) - PCPartPicker
2025-10-11,87499.0,Asus TUF GAMING OC GeForce RTX 4070 Ti SUPER 16 GB Video Card (tuf-rtx4070tis-o16g-gaming) - PCPartPicker
2025-10-12,87499.0,Asus TUF GAMING OC GeForce RTX 4070 Ti SUPER 16 GB Video Card (tuf-rtx4070tis-o16g-gaming) - PCPartPicker
2025-10-13,87499.0,Asus TUF GAMING OC GeForce RTX 4070 Ti SUPER 16 GB Video Card (tuf-rtx4070tis-o16g-gaming) - PCPartPicker
2025-10-14,87499.0,Asus TUF GAMING OC GeForce RTX 4070 Ti SUPER 16 GB Video Card (tuf-rtx4070tis-o16g-gaming) - PCPartPicker
2025-10-15,87499.0,Asus TUF GAMING OC GeForce RTX 4070 Ti SUPER 16 GB Video Card (tuf-rtx4070tis-o16g-gaming) - PCPartPicker
2025-10-16,87499.0,Asus TUF GAMING OC GeForce RTX 4070 Ti SUPER 16 GB Video Card (tuf-rtx4070tis-o16g-gaming) - PCPartPicker
2025-10-17,87499.0,Asus TUF GAMING OC GeForce RTX 4070 Ti SUPER 16 GB Video Card (tuf-rtx4070tis-o16g-gaming) - PCPartPicker
2025-10-18,87499.0,Asus TUF GAMING OC GeForce RTX 4070 Ti SUPER 16 GB Video Card (tuf-rtx4070tis-o16g-gaming) - PCPartPicker
2025-10-19,87499.0,Asus TUF GAMING OC GeForce RTX 4070 Ti SUPER 16 GB Video Card (tuf-rtx4070tis-o16g-gaming) - PCPartPicker
2025-10-20,87499.0,Asus TUF GAMING OC GeForce RTX 4070 Ti SUPER 16 GB Video Card (tuf-rtx4070tis-o16g-gaming) - PCPartPicker
2025-10-21,87499.0,Asus TUF GAMING OC GeForce RTX 4070 Ti SUPER 16 GB Video Card (tuf-rtx4070tis-o16g-gaming) - PCPartPicker
