2023-10-21,,Asus TUF GAMING OC GeForce RTX 4080 SUPER 16 GB Video Card (tuf-rtx4080s-o16g-gaming) - PCPartPicker
2023-10-22,,Asus TUF GAMING OC GeForce RTX 4080 SUPER 16 GB Video Card (tuf-rtx4080s-o16g-gaming) - PCPartPicker
2023-10-23,,Asus TUF GAMING OC GeForce RTX 4080 SUPER 16 GB Video Card (tuf-rtx4080s-o16g-gaming) - PCPartPicker
2023-10-24,,Asus TUF GAMING OC GeForce RTX 4080 SUPER 16 GB Video Card (tuf-rtx4080s-o16g-gaming) - PCPartPicker
2023-10-25,,Asus TUF GAMING OC GeForce RTX 4080 SUPER 16 GB Video Card (tuf-rtx4080s-o16g-gaming) - PCPartPicker
2023-10-26,,Asus TUF GAMING OC GeForce RTX 4080 SUPER 16 GB Video Card (tuf-rtx4080s-o16g-gaming) - PCPartPicker
2023-10-27,,Asus TUF GAMING OC GeForce RTX 4080 SUPER 16 GB Video Card (tuf-rtx4080s-o16g-gaming) - PCPartPicker
2023-10-28,,Asus TUF GAMING OC GeForce RTX 4080 SUPER 16 GB Video Card (tuf-rtx4080s-o16g-gaming) - PCPartPicker
2023-10-29,,Asus TUF GAMING OC GeForce RTX 4080 SUPER 16 GB Video Card (tuf-rtx4080s-o16g-gaming) - PCPartPicker
2023-10-30,,Asus TUF GAMING OC GeForce RTX 4080 SUPER 16 GB Video Card (tuf-rtx4080s-o16g-gaming) - PCPartPicker
2023-10-31,,Asus TUF GAMING OC GeForce RTX 4080 SUPER 16 GB Video Card (tuf-rtx4080s-o16g-gaming) - PCPartPicker
2023-11-01,,Asus TUF GAMING OC GeForce RTX 4080 SUPER 16 GB Video Card (tuf-rtx4080s-o16g-gaming) - PCPartPicker
2023-11-02,,Asus TUF GAMING OC GeForce RTX 4080 SUPER 16 GB Video Card (tuf-rtx4080s-o16g-gaming) - PCPartPicker
2023-11-03,,Asus TUF GAMING OC GeForce RTX 4080 SUPER 16 GB Video Card (tuf-rtx4080s-o16g-gaming) - PCPartPicker
2023-11-04,,Asus TUF GAMING OC GeForce RTX 4080 SUPER 16 GB Video Card (tuf-rtx4080s-o16g-gaming) - PCPartPicker
2023-11-05,,Asus TUF GAMING OC GeForce RTX 4080 SUPER 16 GB Video Card (tuf-rtx4080s-o16g-gaming) - PCPartPicker
2023-11-06,,Asus TUF GAMING OC GeForce RTX 4080 SUPER 16 GB Video Card (tuf-rtx4080s-o16g-gaming) - PCPartPicker
2023-11-07,,Asus TUF GAMING OC GeForce RTX 4080 SUPER 16 GB Video Card (tuf-rtx4080s-o16g-gaming) - PCPartPicker
2023-11-08,,Asus TUF GAMING OC GeForce RTX 4080 SUPER 16 GB Video Card (tuf-rtx4080s-o16g-gaming) - PCPartPicker
2023-11-09,,Asus TUF GAMING OC GeForce RTX 4080 SUPER 16 GB Video Card (tuf-rtx4080s-o16g-gaming) - PCPartPicker
2023-11-10,,Asus TUF GAMING OC GeForce RTX 4080 SUPER 16 GB Video Card (tuf-rtx4080s-o16g-gaming) - PCPartPicker
2023-11-11,,Asus TUF GAMING OC GeForce RTX 4080 SUPER 16 GB Video Card (tuf-rtx4080s-o16g-gaming) - PCPartPicker
2023-11-12,,Asus TUF GAMING OC GeForce RTX 4080 SUPER 16 GB Video Card (tuf-rtx4080s-o16g-gaming) - PCPartPicker
2023-11-13,,Asus TUF GAMING OC GeForce RTX 4080 SUPER 16 GB Video Card (tuf-rtx4080s-o16g-gaming) - PCPartPicker
2023-11-14,,Asus TUF GAMING OC GeForce RTX 4080 SUPER 16 GB Video Card (tuf-rtx4080s-o16g-gaming) - PCPartPicker
2023-11-15,,Asus TUF GAMING OC GeForce RTX 4080 SUPER 16 GB Video Card (tuf-rtx4080s-o16g-gaming) - PCPartPicker
2023-11-16,,Asus TUF GAMING OC GeForce RTX 4080 SUPER 16 GB Video Card (tuf-rtx4080s-o16g-gaming) - PCPartPicker
2023-11-17,,Asus TUF GAMING OC GeForce RTX 4080 SUPER 16 GB Video Card (tuf-rtx4080s-o16g-gaming) - PCPartPicker
2023-11-18,,Asus TUF GAMING OC GeForce RTX 4080 SUPER 16 GB Video Card (tuf-rtx4080s-o16g-gaming) - PCPartPicker
2023-11-19,,Asus TUF GAMING OC GeForce RTX 4080 SUPER 16 GB Video Card (tuf-rtx4080s-o16g-gaming) - PCPartPicker
2023-11-20,,Asus TUF GAMING OC GeForce RTX 4080 SUPER 16 GB Video Card (tuf-rtx4080s-o16g-gaming) - PCPartPicker
2023-11-21,,Asus TUF GAMING OC GeForce RTX 4080 SUPER 16 GB Video Card (tuf-rtx4080s-o16g-gaming) - PCPartPicker
2023-11-22,,Asus TUF GAMING OC GeForce RTX 4080 SUPER 16 GB Video Card (tuf-rtx4080s-o16g-gaming) - PCPartPicker
2023-11-23,,Asus TUF GAMING OC GeForce RTX 4080 SUPER 16 GB Video Card (tuf-rtx4080s-o16g-gaming) - PCPartPicker
2023-11-24,,Asus TUF GAMING OC GeForce RTX 4080 SUPER 16 GB Video Card (tuf-rtx4080s-o16g-gaming) - PCPartPicker
2023-11-25,,Asus TUF GAMING OC GeForce RTX 4080 SUPER 16 GB Video Card (tuf-rtx4080s-o16g-gaming) - PCPartPicker
2023-11-26,,Asus TUF GAMING OC GeForce RTX 4080 SUPER 16 GB Video Card (tuf-rtx4080s-o16g-gaming) - PCPartPicker
2023-11-27,,Asus TUF GAMING OC GeForce RTX 4080 SUPER 16 GB Video Card (tuf-rtx4080s-o16g-gaming) - PCPartPicker
2023-11-28,,Asus TUF GAMING OC GeForce RTX 4080 SUPER 16 GB Video Card (tuf-rtx4080s-o16g-gaming) - PCPartPicker
2023-11-29,,Asus TUF GAMING OC GeForce RTX 4080 SUPER 16 GB Video Card (tuf-rtx4080s-o16g-gaming) - PCPartPicker
2023-11-30,,Asus TUF GAMING OC GeForce RTX 4080 SUPER 16 GB Video Card (tuf-rtx4080s-o16g-gaming) - PCPartPicker
2023-12-01,,Asus TUF GAMING OC GeForce RTX 4080 SUPER 16 GB Video Card (tuf-rtx4080s-o16g-gaming) - PCPartPicker
2023-12-02,,Asus TUF GAMING OC GeForce RTX 4080 SUPER 16 GB Video Card (tuf-rtx4080s-o16g-gaming) - PCPartPicker
2023-12-03,,Asus TUF GAMING OC GeForce RTX 4080 SUPER 16 GB Video Card (tuf-rtx4080s-o16g-gaming) - PCPartPicker
2023-12-04,,Asus TUF GAMING OC GeForce RTX 4080 SUPER 16 GB Video Card (tuf-rtx4080s-o16g-gaming) - PCPartPicker
2023-12-05,,Asus TUF GAMING OC GeForce RTX 4080 SUPER 16 GB Video Card (tuf-rtx4080s-o16g-gaming) - PCPartPicker
2023-12-06,,Asus TUF GAMING OC GeForce RTX 4080 SUPER 16 GB Video Card (tuf-rtx4080s-o16g-gaming) - PCPartPicker
2023-12-07,,Asus TUF GAMING OC GeForce RTX 4080 SUPER 16 GB Video Card (tuf-rtx4080s-o16g-gaming) - PCPartPicker
2023-12-08,,Asus TUF GAMING OC GeForce RTX 4080 SUPER 16 GB Video Card (tuf-rtx4080s-o16g-gaming) - PCPartPicker
2023-12-09,,Asus TUF GAMING OC GeForce RTX 4080 SUPER 16 GB Video Card (tuf-rtx4080s-o16g-gaming) - PCPartPicker
2023-12-10,,Asus TUF GAMING OC GeForce RTX 4080 SUPER 16 GB Video Card (tuf-rtx4080s-o16g-gaming) - PCPartPicker
2023-12-11,,Asus TUF GAMING OC GeForce RTX 4080 SUPER 16 GB Video Card (tuf-rtx4080s-o16g-gaming) - PCPartPicker
2023-12-12,,Asus TUF GAMING OC GeForce RTX 4080 SUPER 16 GB Video Card (tuf-rtx4080s-o16g-gaming) - PCPartPicker
2023-12-13,,Asus TUF GAMING OC GeForce RTX 4080 SUPER 16 GB Video Card (tuf-rtx4080s-o16g-gaming) - PCPartPicker
2023-12-14,,Asus TUF GAMING OC GeForce RTX 4080 SUPER 16 GB Video Card (tuf-rtx4080s-o16g-gaming) - PCPartPicker
2023-12-15,,Asus TUF GAMING OC GeForce RTX 4080 SUPER 16 GB Video Card (tuf-rtx4080s-o16g-gaming) - PCPartPicker
2023-12-16,,Asus TUF GAMING OC GeForce RTX 4080 SUPER 16 GB Video Card (tuf-rtx4080s-o16g-gaming) - PCPartPicker
2023-12-17,,Asus TUF GAMING OC GeForce RTX 4080 SUPER 16 GB Video Card (tuf-rtx4080s-o16g-gaming) - PCPartPicker
2023-12-18,,Asus TUF GAMING OC GeForce RTX 4080 SUPER 16 GB Video Card (tuf-rtx4080s-o16g-gaming) - PCPartPicker
2023-12-19,,Asus TUF GAMING OC GeForce RTX 4080 SUPER 16 GB Video Card (tuf-rtx4080s-o16g-gaming) - PCPartPicker
2023-12-20,,Asus TUF GAMING OC GeForce RTX 4080 SUPER 16 GB Video Card (tuf-rtx4080s-o16g-gaming) - PCPartPicker
2023-12-21,,Asus TUF GAMING OC GeForce RTX 4080 SUPER 16 GB Video Card (tuf-rtx4080s-o16g-gaming) - PCPartPicker
2023-12-22,,Asus TUF GAMING OC GeForce RTX 4080 SUPER 16 GB Video Card (tuf-rtx4080s-o16g-gaming) - PCPartPicker
2023-12-23,,Asus TUF GAMING OC GeForce RTX 4080 SUPER 16 GB Video Card (tuf-rtx4080s-o16g-gaming) - PCPartPicker
2023-12-24,,Asus TUF GAMING OC GeForce RTX 4080 SUPER 16 GB Video Card (tuf-rtx4080s-o16g-gaming) - PCPartPicker
2023-12-25,,Asus TUF GAMING OC GeForce RTX 4080 SUPER 16 GB Video Card (tuf-rtx4080s-o16g-gaming) - PCPartPicker
2023-12-26,,Asus TUF GAMING OC GeForce RTX 4080 SUPER 16 GB Video Card (tuf-rtx4080s-o16g-gaming) - PCPartPicker
2023-12-27,,Asus TUF GAMING OC GeForce RTX 4080 SUPER 16 GB Video Card (tuf-rtx4080s-o16g-gaming) - PCPartPicker
2023-12-28,,Asus TUF GAMING OC GeForce RTX 4080 SUPER 16 GB Video Card (tuf-rtx4080s-o16g-gaming) - PCPartPicker
2023-12-29,,Asus TUF GAMING OC GeForce RTX 4080 SUPER 16 GB Video Card (tuf-rtx4080s-o16g-gaming) - PCPartPicker
2023-12-30,,Asus TUF GAMING OC GeForce RTX 4080 SUPER 16 GB Video Card (tuf-rtx4080s-o16g-gaming) - PCPartPicker
2023-12-31,,Asus TUF GAMING OC GeForce RTX 4080 SUPER 16 GB Video Card (tuf-rtx4080s-o16g-gaming) - PCPartPicker
2024-01-01,,Asus TUF GAMING OC GeForce RTX 4080 SUPER 16 GB Video Card (tuf-rtx4080s-o16g-gaming) - PCPartPicker
2024-01-02,,Asus TUF GAMING OC GeForce RTX 4080 SUPER 16 GB Video Card (tuf-rtx4080s-o16g-gaming) - PCPartPicker
2024-01-03,,Asus TUF GAMING OC GeForce RTX 4080 SUPER 16 GB Video Card (tuf-rtx4080s-o16g-gaming) - PCPartPicker
2024-01-04,,Asus TUF GAMING OC GeForce RTX 4080 SUPER 16 GB Video Card (tuf-rtx4080s-o16g-gaming) - PCPartPicker
2024-01-05,,Asus TUF GAMING OC GeForce RTX 4080 SUPER 16 GB Video Card (tuf-rtx4080s-o16g-gaming) - PCPartPicker
2024-01-06,,Asus TUF GAMING OC GeForce RTX 4080 SUPER 16 GB Video Card (tuf-rtx4080s-o16g-gaming) - PCPartPicker
2024-01-07,,Asus TUF GAMING OC GeForce RTX 4080 SUPER 16 GB Video Card (tuf-rtx4080s-o16g-gaming) - PCPartPicker
2024-01-08,,Asus TUF GAMING OC GeForce RTX 4080 SUPER 16 GB Video Card (tuf-rtx4080s-o16g-gaming) - PCPartPicker
2024-01-09,139999.0,Asus TUF GAMING OC GeForce RTX 4080 SUPER 16 GB Video Card (tuf-rtx4080s-o16g-gaming) - PCPartPicker
2024-01-10,139999.0,Asus TUF GAMING OC GeForce RTX 4080 SUPER 16 GB Video Card (tuf-rtx4080s-o16g-gaming) - PCPartPicker
2024-01-11,139999.0,Asus TUF GAMING OC GeForce RTX 4080 SUPER 16 GB Video Card (tuf-rtx4080s-o16g-gaming) - PCPartPicker
2024-01-12,111126.0,Asus TUF GAMING OC GeForce RTX 4080 SUPER 16 GB Video Card (tuf-rtx4080s-o16g-gaming) - PCPartPicker
2024-01-13,111126.0,Asus TUF GAMING OC GeForce RTX 4080 SUPER 16 GB Video Card (tuf-rtx4080s-o16g-gaming) - PCPartPicker
2024-01-14,110648.0,Asus TUF GAMING OC GeForce RTX 4080 SUPER 16 GB Video Card (tuf-rtx4080s-o16g-gaming) - PCPartPicker
2024-01-15,109999.0,Asus TUF GAMING OC GeForce RTX 4080 SUPER 16 GB Video Card (tuf-rtx4080s-o16g-gaming) - PCPartPicker
2024-01-16,109999.0,Asus TUF GAMING OC GeForce RTX 4080 SUPER 16 GB Video Card (tuf-rtx4080s-o16g-gaming) - PCPartPicker
2024-01-17,109999.0,Asus TUF GAMING OC GeForce RTX 4080 SUPER 16 GB Video Card (tuf-rtx4080s-o16g-gaming) - PCPartPicker
2024-01-18,109999.0,Asus TUF GAMING OC GeForce RTX 4080 SUPER 16 GB Video Card (tuf-rtx4080s-o16g-gaming) - PCPartPicker
2024-01-19,109999.0,Asus TUF GAMING OC GeForce RTX 4080 SUPER 16 GB Video Card (tuf-rtx4080s-o16g-gaming) - PCPartPicker
2024-01-20,109999.0,Asus TUF GAMING OC GeForce RTX 4080 SUPER 16 GB Video Card (tuf-rtx4080s-o16g-gaming) - PCPartPicker
2024-01-21,109999.0,Asus TUF GAMING OC GeForce RTX 4080 SUPER 16 GB Video Card (tuf-rtx4080s-o16g-gaming) - PCPartPicker
2024-01-22,109999.0,Asus TUF GAMING OC GeForce RTX 4080 SUPER 16 GB Video Card (tuf-rtx4080s-o16g-gaming) - PCPartPicker
2024-01-23,109999.0,Asus TUF GAMING OC GeForce RTX 4080 SUPER 16 GB Video Card (tuf-rtx4080s-o16g-gaming) - PCPartPicker
2024-01-24,109999.0,Asus TUF GAMING OC GeForce RTX 4080 SUPER 16 GB Video Card (tuf-rtx4080s-o16g-gaming) - PCPartPicker
2024-01-25,109999.0,Asus TUF GAMING OC GeForce RTX 4080 SUPER 16 GB Video Card (tuf-rtx4080s-o16g-gaming) - PCPartPicker
2024-01-26,109999.0,Asus TUF GAMING OC GeForce RTX 4080 SUPER 16 GB Video Card (tuf-rtx4080s-o16g-gaming) - PCPartPicker
2024-01-27,109999.0,Asus TUF GAMING OC GeForce RTX 4080 SUPER 16 GB Video Card (tuf-rtx4080s-o16g-gaming) - PCPartPicker
2024-01-28,109999.0,Asus TUF GAMING OC GeForce RTX 4080 SUPER 16 GB Video Card (tuf-rtx4080s-o16g-gaming) - PCPartPicker
2024-01-29,109999.0,Asus TUF GAMING OC GeForce RTX 4080 SUPER 16 GB Video Card (tuf-rtx4080s-o16g-gaming) - PCPartPicker
2024-01-30,109999.0,Asus TUF GAMING OC GeForce RTX 4080 SUPER 16 GB Video Card (tuf-rtx4080s-o16g-gaming) - PCPartPicker
2024-01-31,109999.0,Asus TUF GAMING OC GeForce RTX 4080 SUPER 16 GB Video Card (tuf-rtx4080s-o16g-gaming) - PCPartPicker
2024-02-01,109999.0,Asus TUF GAMING OC GeForce RTX 4080 SUPER 16 GB Video Card (tuf-rtx4080s-o16g-gaming) - PCPartPicker
2024-02-02,109999.0,Asus TUF GAMING OC GeForce RTX 4080 SUPER 16 GB Video Card (tuf-rtx4080s-o16g-gaming) - PCPartPicker
2024-02-03,109999.0,Asus TUF GAMING OC GeForce RTX 4080 SUPER 16 GB Video Card (tuf-rtx4080s-o16g-gaming) - PCPartPicker
2024-02-04,109999.0,Asus TUF GAMING OC GeForce RTX 4080 SUPER 16 GB Video Card (tuf-rtx4080s-o16g-gaming) - PCPartPicker
2024-02-05,109999.0,Asus TUF GAMING OC GeForce RTX 4080 SUPER 16 GB Video Card (tuf-rtx4080s-o16g-gaming) - PCPartPicker
2024-02-06,109999.0,Asus TUF GAMING OC GeForce RTX 4080 SUPER 16 GB Video Card (tuf-rtx4080s-o16g-gaming) - PCPartPicker
2024-02-07,109999.0,Asus TUF GAMING OC GeForce RTX 4080 SUPER 16 GB Video Card (tuf-rtx4080s-o16g-gaming) - PCPartPicker
2024-02-08,109999.0,Asus TUF GAMING OC GeForce RTX 4080 SUPER 16 GB Video Card (tuf-rtx4080s-o16g-gaming) - PCPartPicker
2024-02-09,109999.0,Asus TUF GAMING OC GeForce RTX 4080 SUPER 16 GB Video Card (tuf-rtx4080s-o16g-gaming) - PCPartPicker
2024-02-10,109999.0,Asus TUF GAMING OC GeForce RTX 4080 SUPER 16 GB Video Card (tuf-rtx4080s-o16g-gaming) - PCPartPicker
2024-02-11,109999.0,Asus TUF GAMING OC GeForce RTX 4080 SUPER 16 GB Video Card (tuf-rtx4080s-o16g-gaming) - PCPartPicker
2024-02-12,109999.0,Asus TUF GAMING OC GeForce RTX 4080 SUPER 16 GB Video Card (tuf-rtx4080s-o16g-gaming) - PCPartPicker
2024-02-13,109999.0,Asus TUF GAMING OC GeForce RTX 4080 SUPER 16 GB Video Card (tuf-rtx4080s-o16g-gaming) - PCPartPicker
2024-02-14,109999.0,Asus TUF GAMING OC GeForce RTX 4080 SUPER 16 GB Video Card (tuf-rtx4080s-o16g-gaming) - PCPartPicker
2024-02-15,109999.0,Asus TUF GAMING OC GeForce RTX 4080 SUPER 16 GB Video Card (tuf-rtx4080s-o16g-gaming) - PCPartPicker
2024-02-16,109999.0,Asus TUF GAMING OC GeForce RTX 4080 SUPER 16 GB Video Card (tuf-rtx4080s-o16g-gaming) - PCPartPicker
2024-02-17,109999.0,Asus TUF GAMING OC GeForce RTX 4080 SUPER 16 GB Video Card (tuf-rtx4080s-o16g-gaming) - PCPartPicker
2024-02-18,109999.0,Asus TUF GAMING OC GeForce RTX 4080 SUPER 16 GB Video Card (tuf-rtx4080s-o16g-gaming) - PCPartPicker
2024-02-19,109999.0,Asus TUF GAMING OC GeForce RTX 4080 SUPER 16 GB Video Card (tuf-rtx4080s-o16g-gaming) - PCPartPicker
2024-02-20,109999.0,Asus TUF GAMING OC GeForce RTX 4080 SUPER 16 GB Video Card (tuf-rtx4080s-o16g-gaming) - PCPartPicker
2024-02-21,109999.0,Asus TUF GAMING OC GeForce RTX 4080 SUPER 16 GB Video Card (tuf-rtx4080s-o16g-gaming) - PCPartPicker
2024-02-22,109999.0,Asus TUF GAMING OC GeForce RTX 4080 SUPER 16 GB Video Card (tuf-rtx4080s-o16g-gaming) - PCPartPicker
2024-02-23,109999.0,Asus TUF GAMING OC GeForce RTX 4080 SUPER 16 GB Video Card (tuf-rtx4080s-o16g-gaming) - PCPartPicker
2024-02-24,109999.0,Asus TUF GAMING OC GeForce RTX 4080 SUPER 16 GB Video Card (tuf-rtx4080s-o16g-gaming) - PCPartPicker
2024-02-25,109999.0,Asus TUF GAMING OC GeForce RTX 4080 SUPER 16 GB Video Card (tuf-rtx4080s-o16g-gaming) - PCPartPicker
2024-02-26,109999.0,Asus TUF GAMING OC GeForce RTX 4080 SUPER 16 GB Video Card (tuf-rtx4080s-o16g-gaming) - PCPartPicker
2024-02-27,109999.0,Asus TUF GAMING OC GeForce RTX 4080 SUPER 16 GB Video Card (tuf-rtx4080s-o16g-gaming) - PCPartPicker
2024-02-28,109999.0,Asus TUF GAMING OC GeForce RTX 4080 SUPER 16 GB Video Card (tuf-rtx4080s-o16g-gaming) - PCPartPicker
2024-02-29,109999.0,Asus TUF GAMING OC GeForce RTX 4080 SUPER 16 GB Video Card (tuf-rtx4080s-o16g-gaming) - PCPartPicker
2024-03-01,109999.0,Asus TUF GAMING OC GeForce RTX 4080 SUPER 16 GB Video Card (tuf-rtx4080s-o16g-gaming) - PCPartPicker
2024-03-02,109999.0,Asus TUF GAMING OC GeForce RTX 4080 SUPER 16 GB Video Card (tuf-rtx4080s-o16g-gaming) - PCPartPicker
2024-03-03,109999.0,Asus TUF GAMING OC GeForce RTX 4080 SUPER 16 GB Video Card (tuf-rtx4080s-o16g-gaming) - PCPartPicker
2024-03-04,109999.0,Asus TUF GAMING OC GeForce RTX 4080 SUPER 16 GB Video Card (tuf-rtx4080s-o16g-gaming) - PCPartPicker
2024-03-05,109999.0,Asus TUF GAMING OC GeForce RTX 4080 SUPER 16 GB Video Card (tuf-rtx4080s-o16g-gaming) - PCPartPicker
2024-03-06,109999.0,Asus TUF GAMING OC GeForce RTX 4080 SUPER 16 GB Video Card (tuf-rtx4080s-o16g-gaming) - PCPartPicker
2024-03-07,109999.0,Asus TUF GAMING OC GeForce RTX 4080 SUPER 16 GB Video Card (tuf-rtx4080s-o16g-gaming) - PCPartPicker
2024-03-08,109999.0,Asus TUF GAMING OC GeForce RTX 4080 SUPER 16 GB Video Card (tuf-rtx4080s-o16g-gaming) - PCPartPicker
2024-03-09,109999.0,Asus TUF GAMING OC GeForce RTX 4080 SUPER 16 GB Video Card (tuf-rtx4080s-o16g-gaming) - PCPartPicker
2024-03-10,109999.0,Asus TUF GAMING OC GeForce RTX 4080 SUPER 16 GB Video Card (tuf-rtx4080s-o16g-gaming) - PCPartPicker
2024-03-11,109999.0,Asus TUF GAMING OC GeForce RTX 4080 SUPER 16 GB Video Card (tuf-rtx4080s-o16g-gaming) - PCPartPicker
2024-03-12,109999.0,Asus TUF GAMING OC GeForce RTX 4080 SUPER 16 GB Video Card (tuf-rtx4080s-o16g-gaming) - PCPartPicker
2024-03-13,109999.0,Asus TUF GAMING OC GeForce RTX 4080 SUPER 16 GB Video Card (tuf-rtx4080s-o16g-gaming) - PCPartPicker
2024-03-14,109999.0,Asus TUF GAMING OC GeForce RTX 4080 SUPER 16 GB Video Card (tuf-rtx4080s-o16g-gaming) - PCPartPicker
2024-03-15,109999.0,Asus TUF GAMING OC GeForce RTX 4080 SUPER 16 GB Video Card (tuf-rtx4080s-o16g-gaming) - PCPartPicker
2024-03-16,109999.0,Asus TUF GAMING OC GeForce RTX 4080 SUPER 16 GB Video Card (tuf-rtx4080s-o16g-gaming) - PCPartPicker
2024-03-17,109999.0,Asus TUF GAMING OC GeForce RTX 4080 SUPER 16 GB Video Card (tuf-rtx4080s-o16g-gaming) - PCPartPicker
2024-03-18,109999.0,Asus TUF GAMING OC GeForce RTX 4080 SUPER 16 GB Video Card (tuf-rtx4080s-o16g-gaming) - PCPartPicker
2024-03-19,109999.0,Asus TUF GAMING OC GeForce RTX 4080 SUPER 16 GB Video Card (tuf-rtx4080s-o16g-gaming) - PCPartPicker
2024-03-20,109999.0,Asus TUF GAMING OC GeForce RTX 4080 SUPER 16 GB Video Card (tuf-rtx4080s-o16g-gaming) - PCPartPicker
2024-03-21,109999.0,Asus TUF GAMING OC GeForce RTX 4080 SUPER 16 GB Video Card (tuf-rtx4080s-o16g-gaming) - PCPartPicker
2024-03-22,109999.0,Asus TUF GAMING OC GeForce RTX 4080 SUPER 16 GB Video Card (tuf-rtx4080s-o16g-gaming) - PCPartPicker
2024-03-23,109999.0,Asus TUF GAMING OC GeForce RTX 4080 SUPER 16 GB Video Card (tuf-rtx4080s-o16g-gaming) - PCPartPicker
2024-03-24,109999.0,Asus TUF GAMING OC GeForce RTX 4080 SUPER 16 GB Video Card (tuf-rtx4080s-o16g-gaming) - PCPartPicker
2024-03-25,109999.0,Asus TUF GAMING OC GeForce RTX 4080 SUPER 16 GB Video Card (tuf-rtx4080s-o16g-gaming) - PCPartPicker
2024-03-26,109999.0,Asus TUF GAMING OC GeForce RTX 4080 SUPER 16 GB Video Card (tuf-rtx4080s-o16g-gaming) - PCPartPicker
2024-03-27,109999.0,Asus TUF GAMING OC GeForce RTX 4080 SUPER 16 GB Video Card (tuf-rtx4080s-o16g-gaming) - PCPartPicker
2024-03-28,109999.0,Asus TUF GAMING OC GeForce RTX 4080 SUPER 16 GB Video Card (tuf-rtx4080s-o16g-gaming) - PCPartPicker
2024-03-29,109999.0,Asus TUF GAMING OC GeForce RTX 4080 SUPER 16 GB Video Card (tuf-rtx4080s-o16g-gaming) - PCPartPicker
2024-03-30,109999.0,Asus TUF GAMING OC GeForce RTX 4080 SUPER 16 GB Video Card (tuf-rtx4080s-o16g-gaming) - PCPartPicker
2024-03-31,109999.0,Asus TUF GAMING OC GeForce RTX 4080 SUPER 16 GB Video Card (tuf-rtx4080s-o16g-gaming) - PCPartPicker
2024-04-01,109999.0,Asus TUF GAMING OC GeForce RTX 4080 SUPER 16 GB Video Card (tuf-rtx4080s-o16g-gaming) - PCPartPicker
2024-04-02,109999.0,Asus TUF GAMING OC GeForce RTX 4080 SUPER 16 GB Video Card (tuf-rtx4080s-o16g-gaming) - PCPartPicker
2024-04-03,109999.0,Asus TUF GAMING OC GeForce RTX 4080 SUPER 16 GB Video Card (tuf-rtx4080s-o16g-gaming) - PCPartPicker
2024-04-04,109999.0,Asus TUF GAMING OC GeForce RTX 4080 SUPER 16 GB Video Card (tuf-rtx4080s-o16g-gaming) - PCPartPicker
2024-04-05,109999.0,Asus TUF GAMING OC GeForce RTX 4080 SUPER 16 GB Video Card (tuf-rtx4080s-o16g-gaming) - PCPartPicker
2024-04-06,109999.0,Asus TUF GAMING OC GeForce RTX 4080 SUPER 16 GB Video Card (tuf-rtx4080s-o16g-gaming) - PCPartPicker
2024-04-07,109999.0,Asus TUF GAMING OC GeForce RTX 4080 SUPER 16 GB Video Card (tuf-rtx4080s-o16g-gaming) - PCPartPicker
2024-04-08,109999.0,Asus TUF GAMING OC GeForce RTX 4080 SUPER 16 GB Video Card (tuf-rtx4080s-o16g-gaming) - PCPartPicker
2024-04-09,109999.0,Asus TUF GAMING OC GeForce RTX 4080 SUPER 16 GB Video Card (tuf-rtx4080s-o16g-gaming) - PCPartPicker
2024-04-10,109999.0,Asus TUF GAMING OC GeForce RTX 4080 SUPER 16 GB Video Card (tuf-rtx4080s-o16g-gaming) - PCPartPicker
2024-04-11,109999.0,Asus TUF GAMING OC GeForce RTX 4080 SUPER 16 GB Video Card (tuf-rtx4080s-o16g-gaming) - PCPartPicker
2024-04-12,109999.0,Asus TUF GAMING OC GeForce RTX 4080 SUPER 16 GB Video Card (tuf-rtx4080s-o16g-gaming) - PCPartPicker
2024-04-13,109999.0,Asus TUF GAMING OC GeForce RTX 4080 SUPER 16 GB Video Card (tuf-rtx4080s-o16g-gaming) - PCPartPicker
2024-04-14,109999.0,Asus TUF GAMING OC GeForce RTX 4080 SUPER 16 GB Video Card (tuf-rtx4080s-o16g-gaming) - PCPartPicker
2024-04-15,109999.0,Asus TUF GAMING OC GeForce RTX 4080 SUPER 16 GB Video Card (tuf-rtx4080s-o16g-gaming) - PCPartPicker
2024-04-16,109999.0,Asus TUF GAMING OC GeForce RTX 4080 SUPER 16 GB Video Card (tuf-rtx4080s-o16g-gaming) - PCPartPicker
2024-04-17,109999.0,Asus TUF GAMING OC GeForce RTX 4080 SUPER 16 GB Video Card (tuf-rtx4080s-o16g-gaming) - PCPartPicker
2024-04-18,109999.0,Asus TUF GAMING OC GeForce RTX 4080 SUPER 16 GB Video Card (tuf-rtx4080s-o16g-gaming) - PCPartPicker
2024-04-19,109999.0,Asus TUF GAMING OC GeForce RTX 4080 SUPER 16 GB Video Card (tuf-rtx4080s-o16g-gaming) - PCPartPicker
2024-04-20,109999.0,Asus TUF GAMING OC GeForce RTX 4080 SUPER 16 GB Video Card (tuf-rtx4080s-o16g-gaming) - PCPartPicker
2024-04-21,109999.0,Asus TUF GAMING OC GeForce RTX 4080 SUPER 16 GB Video Card (tuf-rtx4080s-o16g-gaming) - PCPartPicker
2024-04-22,109999.0,Asus TUF GAMING OC GeForce RTX 4080 SUPER 16 GB Video Card (tuf-rtx4080s-o16g-gaming) - PCPartPicker
2024-04-23,109999.0,Asus TUF GAMING OC GeForce RTX 4080 SUPER 16 GB Video Card (tuf-rtx4080s-o16g-gaming) - PCPartPicker
2024-04-24,109999.0,Asus TUF GAMING OC GeForce RTX 4080 SUPER 16 GB Video Card (tuf-rtx4080s-o16g-gaming) - PCPartPicker
2024-04-25,109999.0,Asus TUF GAMING OC GeForce RTX 4080 SUPER 16 GB Video Card (tuf-rtx4080s-o16g-gaming) - PCPartPicker
2024-04-26,109999.0,Asus TUF GAMING OC GeForce RTX 4080 SUPER 16 GB Video Card (tuf-rtx4080s-o16g-gaming) - PCPartPicker
2024-04-27,109999.0,Asus TUF GAMING OC GeForce RTX 4080 SUPER 16 GB Video Card (tuf-rtx4080s-o16g-gaming) - PCPartPicker
2024-04-28,109999.0,Asus TUF GAMING OC GeForce RTX 4080 SUPER 16 GB Video Card (tuf-rtx4080s-o16g-gaming) - PCPartPicker
2024-04-29,109999.0,Asus TUF GAMING OC GeForce RTX 4080 SUPER 16 GB Video Card (tuf-rtx4080s-o16g-gaming) - PCPartPicker
2024-04-30,109999.0,Asus TUF GAMING OC GeForce RTX 4080 SUPER 16 GB Video Card (tuf-rtx4080s-o16g-gaming) - PCPartPicker
2024-05-01,109999.0,Asus TUF GAMING OC GeForce RTX 4080 SUPER 16 GB Video Card (tuf-rtx4080s-o16g-gaming) - PCPartPicker
2024-05-02,109999.0,Asus TUF GAMING OC GeForce RTX 4080 SUPER 16 GB Video Card (tuf-rtx4080s-o16g-gaming) - PCPartPicker
2024-05-03,109999.0,Asus TUF GAMING OC GeForce RTX 4080 SUPER 16 GB Video Card (tuf-rtx4080s-o16g-gaming) - PCPartPicker
2024-05-04,109999.0,Asus TUF GAMING OC GeForce RTX 4080 SUPER 16 GB Video Card (tuf-rtx4080s-o16g-gaming) - PCPartPicker
2024-05-05,109999.0,Asus TUF GAMING OC GeForce RTX 4080 SUPER 16 GB Video Card (tuf-rtx4080s-o16g-gaming) - PCPartPicker
2024-05-06,109999.0,Asus TUF GAMING OC GeForce RTX 4080 SUPER 16 GB Video Card (tuf-rtx4080s-o16g-gaming) - PCPartPicker
2024-05-07,109999.0,Asus TUF GAMING OC GeForce RTX 4080 SUPER 16 GB Video Card (tuf-rtx4080s-o16g-gaming) - PCPartPicker
2024-05-08,109999.0,Asus TUF GAMING OC GeForce RTX 4080 SUPER 16 GB Video Card (tuf-rtx4080s-o16g-gaming) - PCPartPicker
2024-05-09,109999.0,Asus TUF GAMING OC GeForce RTX 4080 SUPER 16 GB Video Card (tuf-rtx4080s-o16g-gaming) - PCPartPicker
2024-05-10,109999.0,Asus TUF GAMING OC GeForce RTX 4080 SUPER 16 GB Video Card (tuf-rtx4080s-o16g-gaming) - PCPartPicker
2024-05-11,109999.0,Asus TUF GAMING OC GeForce RTX 4080 SUPER 16 GB Video Card (tuf-rtx4080s-o16g-gaming) - PCPartPicker
2024-05-12,109999.0,Asus TUF GAMING OC GeForce RTX 4080 SUPER 16 GB Video Card (tuf-rtx4080s-o16g-gaming) - PCPartPicker
2024-05-13,109999.0,Asus TUF GAMING OC GeForce RTX 4080 SUPER 16 GB Video Card (tuf-rtx4080s-o16g-gaming) - PCPartPicker
2024-05-14,109999.0,Asus TUF GAMING OC GeForce RTX 4080 SUPER 16 GB Video Card (tuf-rtx4080s-o16g-gaming) - PCPartPicker
2024-05-15,109999.0,Asus TUF GAMING OC GeForce RTX 4080 SUPER 16 GB Video Card (tuf-rtx4080s-o16g-gaming) - PCPartPicker
2024-05-16,109999.0,Asus TUF GAMING OC GeForce RTX 4080 SUPER 16 GB Video Card (tuf-rtx4080s-o16g-gaming) - PCPartPicker
2024-05-17,109999.0,Asus TUF GAMING OC GeForce RTX 4080 SUPER 16 GB Video Card (tuf-rtx4080s-o16g-gaming) - PCPartPicker
2024-05-18,109999.0,Asus TUF GAMING OC GeForce RTX 4080 SUPER 16 GB Video Card (tuf-rtx4080s-o16g-gaming) - PCPartPicker
2024-05-19,109999.0,Asus TUF GAMING OC GeForce RTX 4080 SUPER 16 GB Video Card (tuf-rtx4080s-o16g-gaming) - PCPartPicker
2024-05-20,109999.0,Asus TUF GAMING OC GeForce RTX 4080 SUPER 16 GB Video Card (tuf-rtx4080s-o16g-gaming) - PCPartPicker
2024-05-21,109999.0,Asus TUF GAMING OC GeForce RTX 4080 SUPER 16 GB Video Card (tuf-rtx4080s-o16g-gaming) - PCPartPicker
2024-05-22,109999.0,Asus TUF GAMING OC GeForce RTX 4080 SUPER 16 GB Video Card (tuf-rtx4080s-o16g-gaming) - PCPartPicker
2024-05-23,109999.0,Asus TUF GAMING OC GeForce RTX 4080 SUPER 16 GB Video Card (tuf-rtx4080s-o16g-gaming) - PCPartPicker
2024-05-24,109999.0,Asus TUF GAMING OC GeForce RTX 4080 SUPER 16 GB Video Card (tuf-rtx4080s-o16g-gaming) - PCPartPicker
2024-05-25,109999.0,Asus TUF GAMING OC GeForce RTX 4080 SUPER 16 GB Video Card (tuf-rtx4080s-o16g-gaming) - PCPartPicker
2024-05-26,109999.0,Asus TUF GAMING OC GeForce RTX 4080 SUPER 16 GB Video Card (tuf-rtx4080s-o16g-gaming) - PCPartPicker
2024-05-27,109999.0,Asus TUF GAMING OC GeForce RTX 4080 SUPER 16 GB Video Card (tuf-rtx4080s-o16g-gaming) - PCPartPicker
2024-05-28,109999.0,Asus TUF GAMING OC GeForce RTX 4080 SUPER 16 GB Video Card (tuf-rtx4080s-o16g-gaming) - PCPartPicker
2024-05-29,109999.0,Asus TUF GAMING OC GeForce RTX 4080 SUPER 16 GB Video Card (tuf-rtx4080s-o16g-gaming) - PCPartPicker
2024-05-30,109999.0,Asus TUF GAMING OC GeForce RTX 4080 SUPER 16 GB Video Card (tuf-rtx4080s-o16g-gaming) - PCPartPicker
2024-05-31,109999.0,Asus TUF GAMING OC GeForce RTX 4080 SUPER 16 GB Video Card (tuf-rtx4080s-o16g-gaming) - PCPartPicker
2024-06-01,109999.0,Asus TUF GAMING OC GeForce RTX 4080 SUPER 16 GB Video Card (tuf-rtx4080s-o16g-gaming) - PCPartPicker
2024-06-02,109999.0,Asus TUF GAMING OC GeForce RTX 4080 SUPER 16 GB Video Card (tuf-rtx4080s-o16g-gaming) - PCPartPicker
2024-06-03,109999.0,Asus TUF GAMING OC GeForce RTX 4080 SUPER 16 GB Video Card (tuf-rtx4080s-o16g-gaming) - PCPartPicker
2024-06-04,109999.0,Asus TUF GAMING OC GeForce RTX 4080 SUPER 16 GB Video Card (tuf-rtx4080s-o16g-gaming) - PCPartPicker
2024-06-05,109999.0,Asus TUF GAMING OC GeForce RTX 4080 SUPER 16 GB Video Card (tuf-rtx4080s-o16g-gaming) - PCPartPicker
2024-06-06,109999.0,Asus TUF GAMING OC GeForce RTX 4080 SUPER 16 GB Video Card (tuf-rtx4080s-o16g-gaming) - PCPartPicker
2024-06-07,109999.0,Asus TUF GAMING OC GeForce RTX 4080 SUPER 16 GB Video Card (tuf-rtx4080s-o16g-gaming) - PCPartPicker
2024-06-08,108999.0,Asus TUF GAMING OC GeForce RTX 4080 SUPER 16 GB Video Card (tuf-rtx4080s-o16g-gaming) - PCPartPicker
2024-06-09,109499.0,Asus TUF GAMING OC GeForce RTX 4080 SUPER 16 GB Video Card (tuf-rtx4080s-o16g-gaming) - PCPartPicker
2024-06-10,109499.0,Asus TUF GAMING OC GeForce RTX 4080 SUPER 16 GB Video Card (tuf-rtx4080s-o16g-gaming) - PCPartPicker
2024-06-11,109499.0,Asus TUF GAMING OC GeForce RTX 4080 SUPER 16 GB Video Card (tuf-rtx4080s-o16g-gaming) - PCPartPicker
2024-06-12,109999.0,Asus TUF GAMING OC GeForce RTX 4080 SUPER 16 GB Video Card (tuf-rtx4080s-o16g-gaming) - PCPartPicker
2024-06-13,109999.0,Asus TUF GAMING OC GeForce RTX 4080 SUPER 16 GB Video Card (tuf-rtx4080s-o16g-gaming) - PCPartPicker
2024-06-14,109999.0,Asus TUF GAMING OC GeForce RTX 4080 SUPER 16 GB Video Card (tuf-rtx4080s-o16g-gaming) - PCPartPicker
2024-06-15,109999.0,Asus TUF GAMING OC GeForce RTX 4080 SUPER 16 GB Video Card (tuf-rtx4080s-o16g-gaming) - PCPartPicker
2024-06-16,109999.0,Asus TUF GAMING OC GeForce RTX 4080 SUPER 16 GB Video Card (tuf-rtx4080s-o16g-gaming) - PCPartPicker
2024-06-17,109999.0,Asus TUF GAMING OC GeForce RTX 4080 SUPER 16 GB Video Card (tuf-rtx4080s-o16g-gaming) - PCPartPicker
2024-06-18,109999.0,Asus TUF GAMING OC GeForce RTX 4080 SUPER 16 GB Video Card (tuf-rtx4080s-o16g-gaming) - PCPartPicker
2024-06-19,109999.0,Asus TUF GAMING OC GeForce RTX 4080 SUPER 16 GB Video Card (tuf-rtx4080s-o16g-gaming) - PCPartPicker
2024-06-20,109999.0,Asus TUF GAMING OC GeForce RTX 4080 SUPER 16 GB Video Card (tuf-rtx4080s-o16g-gaming) - PCPartPicker
2024-06-21,109999.0,Asus TUF GAMING OC GeForce RTX 4080 SUPER 16 GB Video Card (tuf-rtx4080s-o16g-gaming) - PCPartPicker
2024-06-22,109999.0,Asus TUF GAMING OC GeForce RTX 4080 SUPER 16 GB Video Card (tuf-rtx4080s-o16g-gaming) - PCPartPicker
2024-06-23,109999.0,Asus TUF GAMING OC GeForce RTX 4080 SUPER 16 GB Video Card (tuf-rtx4080s-o16g-gaming) - PCPartPicker
2024-06-24,109999.0,Asus TUF GAMING OC GeForce RTX 4080 SUPER 16 GB Video Card (tuf-rtx4080s-o16g-gaming) - PCPartPicker
2024-06-25,109999.0,Asus TUF GAMING OC GeForce RTX 4080 SUPER 16 GB Video Card (tuf-rtx4080s-o16g-gaming) - PCPartPicker
2024-06-26,109999.0,Asus TUF GAMING OC GeForce RTX 4080 SUPER 16 GB Video Card (tuf-rtx4080s-o16g-gaming) - PCPartPicker
2024-06-27,109999.0,Asus TUF GAMING OC GeForce RTX 4080 SUPER 16 GB Video Card (tuf-rtx4080s-o16g-gaming) - PCPartPicker
2024-06-28,109999.0,Asus TUF GAMING OC GeForce RTX 4080 SUPER 16 GB Video Card (tuf-rtx4080s-o16g-gaming) - PCPartPicker
2024-06-29,109999.0,Asus TUF GAMING OC GeForce RTX 4080 SUPER 16 GB Video Card (tuf-rtx4080s-o16g-gaming) - PCPartPicker
2024-06-30,109999.0,Asus TUF GAMING OC GeForce RTX 4080 SUPER 16 GB Video Card (tuf-rtx4080s-o16g-gaming) - PCPartPicker
2024-07-01,109999.0,Asus TUF GAMING OC GeForce RTX 4080 SUPER 16 GB Video Card (tuf-rtx4080s-o16g-gaming) - PCPartPicker
2024-07-02,109999.0,Asus TUF GAMING OC GeForce RTX 4080 SUPER 16 GB Video Card (tuf-rtx4080s-o16g-gaming) - PCPartPicker
2024-07-03,109999.0,Asus TUF GAMING OC GeForce RTX 4080 SUPER 16 GB Video Card (tuf-rtx4080s-o16g-gaming) - PCPartPicker
2024-07-04,109999.0,Asus TUF GAMING OC GeForce RTX 4080 SUPER 16 GB Video Card (tuf-rtx4080s-o16g-gaming) - PCPartPicker
2024-07-05,109999.0,Asus TUF GAMING OC GeForce RTX 4080 SUPER 16 GB Video Card (tuf-rtx4080s-o16g-gaming) - PCPartPicker
2024-07-06,109999.0,Asus TUF GAMING OC GeForce RTX 4080 SUPER 16 GB Video Card (tuf-rtx4080s-o16g-gaming) - PCPartPicker
2024-07-07,109999.0,Asus TUF GAMING OC GeForce RTX 4080 SUPER 16 GB Video Card (tuf-rtx4080s-o16g-gaming) - PCPartPicker
2024-07-08,109999.0,Asus TUF GAMING OC GeForce RTX 4080 SUPER 16 GB Video Card (tuf-rtx4080s-o16g-gaming) - PCPartPicker
2024-07-09,109999.0,Asus TUF GAMING OC GeForce RTX 4080 SUPER 16 GB Video Card (tuf-rtx4080s-o16g-gaming) - PCPartPicker
2024-07-10,109999.0,Asus TUF GAMING OC GeForce RTX 4080 SUPER 16 GB Video Card (tuf-rtx4080s-o16g-gaming) - PCPartPicker
2024-07-11,109999.0,Asus TUF GAMING OC GeForce RTX 4080 SUPER 16 GB Video Card (tuf-rtx4080s-o16g-gaming) - PCPartPicker
2024-07-12,109999.0,Asus TUF GAMING OC GeForce RTX 4080 SUPER 16 GB Video Card (tuf-rtx4080s-o16g-gaming) - PCPartPicker
2024-07-13,109999.0,Asus TUF GAMING OC GeForce RTX 4080 SUPER 16 GB Video Card (tuf-rtx4080s-o16g-gaming) - PCPartPicker
2024-07-14,109999.0,Asus TUF GAMING OC GeForce RTX 4080 SUPER 16 GB Video Card (tuf-rtx4080s-o16g-gaming) - PCPartPicker
2024-07-15,109999.0,Asus TUF GAMING OC GeForce RTX 4080 SUPER 16 GB Video Card (tuf-rtx4080s-o16g-gaming) - PCPartPicker
2024-07-16,108999.0,Asus TUF GAMING OC GeForce RTX 4080 SUPER 16 GB Video Card (tuf-rtx4080s-o16g-gaming) - PCPartPicker
2024-07-17,109999.0,Asus TUF GAMING OC GeForce RTX 4080 SUPER 16 GB Video Card (tuf-rtx4080s-o16g-gaming) - PCPartPicker
2024-07-18,109999.0,Asus TUF GAMING OC GeForce RTX 4080 SUPER 16 GB Video Card (tuf-rtx4080s-o16g-gaming) - PCPartPicker
2024-07-19,109999.0,Asus TUF GAMING OC GeForce RTX 4080 SUPER 16 GB Video Card (tuf-rtx4080s-o16g-gaming) - PCPartPicker
2024-07-20,109999.0,Asus TUF GAMING OC GeForce RTX 4080 SUPER 16 GB Video Card (tuf-rtx4080s-o16g-gaming) - PCPartPicker
2024-07-21,109999.0,Asus TUF GAMING OC GeForce RTX 4080 SUPER 16 GB Video Card (tuf-rtx4080s-o16g-gaming) - PCPartPicker
2024-07-22,108499.0,Asus TUF GAMING OC GeForce RTX 4080 SUPER 16 GB Video Card (tuf-rtx4080s-o16g-gaming) - PCPartPicker
2024-07-23,108499.0,Asus TUF GAMING OC GeForce RTX 4080 SUPER 16 GB Video Card (tuf-rtx4080s-o16g-gaming) - PCPartPicker
2024-07-24,108499.0,Asus TUF GAMING OC GeForce RTX 4080 SUPER 16 GB Video Card (tuf-rtx4080s-o16g-gaming) - PCPartPicker
2024-07-25,108499.0,Asus TUF GAMING OC GeForce RTX 4080 SUPER 16 GB Video Card (tuf-rtx4080s-o16g-gaming) - PCPartPicker
2024-07-26,108499.0,Asus TUF GAMING OC GeForce RTX 4080 SUPER 16 GB Video Card (tuf-rtx4080s-o16g-gaming) - PCPartPicker
2024-07-27,108499.0,Asus TUF GAMING OC GeForce RTX 4080 SUPER 16 GB Video Card (tuf-rtx4080s-o16g-gaming) - PCPartPicker
2024-07-28,109999.0,Asus TUF GAMING OC GeForce RTX 4080 SUPER 16 GB Video Card (tuf-rtx4080s-o16g-gaming) - PCPartPicker
2024-07-29,108499.0,Asus TUF GAMING OC GeForce RTX 4080 SUPER 16 GB Video Card (tuf-rtx4080s-o16g-gaming) - PCPartPicker
2024-07-30,108999.0,Asus TUF GAMING OC GeForce RTX 4080 SUPER 16 GB Video Card (tuf-rtx4080s-o16g-gaming) - PCPartPicker
2024-07-31,109999.0,Asus TUF GAMING OC GeForce RTX 4080 SUPER 16 GB Video Card (tuf-rtx4080s-o16g-gaming) - PCPartPicker
2024-08-01,109999.0,Asus TUF GAMING OC GeForce RTX 4080 SUPER 16 GB Video Card (tuf-rtx4080s-o16g-gaming) - PCPartPicker
2024-08-02,108999.0,Asus TUF GAMING OC GeForce RTX 4080 SUPER 16 GB Video Card (tuf-rtx4080s-o16g-gaming) - PCPartPicker
2024-08-03,108999.0,Asus TUF GAMING OC GeForce RTX 4080 SUPER 16 GB Video Card (tuf-rtx4080s-o16g-gaming) - PCPartPicker
2024-08-04,108999.0,Asus TUF GAMING OC GeForce RTX 4080 SUPER 16 GB Video Card (tuf-rtx4080s-o16g-gaming) - PCPartPicker
2024-08-05,108999.0,Asus TUF GAMING OC GeForce RTX 4080 SUPER 16 GB Video Card (tuf-rtx4080s-o16g-gaming) - PCPartPicker
2024-08-06,108499.0,Asus TUF GAMING OC GeForce RTX 4080 SUPER 16 GB Video Card (tuf-rtx4080s-o16g-gaming) - PCPartPicker
2024-08-07,109999.0,Asus TUF GAMING OC GeForce RTX 4080 SUPER 16 GB Video Card (tuf-rtx4080s-o16g-gaming) - PCPartPicker
2024-08-08,109999.0,Asus TUF GAMING OC GeForce RTX 4080 SUPER 16 GB Video Card (tuf-rtx4080s-o16g-gaming) - PCPartPicker
2024-08-09,108499.0,Asus TUF GAMING OC GeForce RTX 4080 SUPER 16 GB Video Card (tuf-rtx4080s-o16g-gaming) - PCPartPicker
2024-08-10,108499.0,Asus TUF GAMING OC GeForce RTX 4080 SUPER 16 GB Video Card (tuf-rtx4080s-o16g-gaming) - PCPartPicker
2024-08-11,108499.0,Asus TUF GAMING OC GeForce RTX 4080 SUPER 16 GB Video Card (tuf-rtx4080s-o16g-gaming) - PCPartPicker
2024-08-12,109999.0,Asus TUF GAMING OC GeForce RTX 4080 SUPER 16 GB Video Card (tuf-rtx4080s-o16g-gaming) - PCPartPicker
2024-08-13,109999.0,Asus TUF GAMING OC GeForce RTX 4080 SUPER 16 GB Video Card (tuf-rtx4080s-o16g-gaming) - PCPartPicker
2024-08-14,109999.0,Asus TUF GAMING OC GeForce RTX 4080 SUPER 16 GB Video Card (tuf-rtx4080s-o16g-gaming) - PCPartPicker
2024-08-15,109999.0,Asus TUF GAMING OC GeForce RTX 4080 SUPER 16 GB Video Card (tuf-rtx4080s-o16g-gaming) - PCPartPicker
2024-08-16,109999.0,Asus TUF GAMING OC GeForce RTX 4080 SUPER 16 GB Video Card (tuf-rtx4080s-o16g-gaming) - PCPartPicker
2024-08-17,109999.0,Asus TUF GAMING OC GeForce RTX 4080 SUPER 16 GB Video Card (tuf-rtx4080s-o16g-gaming) - PCPartPicker
2024-08-18,109999.0,Asus TUF GAMING OC GeForce RTX 4080 SUPER 16 GB Video Card (tuf-rtx4080s-o16g-gaming) - PCPartPicker
2024-08-19,109999.0,Asus TUF GAMING OC GeForce RTX 4080 SUPER 16 GB Video Card (tuf-rtx4080s-o16g-gaming) - PCPartPicker
2024-08-20,109999.0,Asus TUF GAMING OC GeForce RTX 4080 SUPER 16 GB Video Card (tuf-rtx4080s-o16g-gaming) - PCPartPicker
2024-08-21,109999.0,Asus TUF GAMING OC GeForce RTX 4080 SUPER 16 GB Video Card (tuf-rtx4080s-o16g-gaming) - PCPartPicker
2024-08-22,109999.0,Asus TUF GAMING OC GeForce RTX 4080 SUPER 16 GB Video Card (tuf-rtx4080s-o16g-gaming) - PCPartPicker
2024-08-23,109999.0,Asus TUF GAMING OC GeForce RTX 4080 SUPER 16 GB Video Card (tuf-rtx4080s-o16g-gaming) - PCPartPicker
2024-08-24,109999.0,Asus TUF GAMING OC GeForce RTX 4080 SUPER 16 GB Video Card (tuf-rtx4080s-o16g-gaming) - PCPartPicker
2024-08-25,109999.0,Asus TUF GAMING OC GeForce RTX 4080 SUPER 16 GB Video Card (tuf-rtx4080s-o16g-gaming) - PCPartPicker
2024-08-26,109999.0,Asus TUF GAMING OC GeForce RTX 4080 SUPER 16 GB Video Card (tuf-rtx4080s-o16g-gaming) - PCPartPicker
2024-08-27,109999.0,Asus TUF GAMING OC GeForce RTX 4080 SUPER 16 GB Video Card (tuf-rtx4080s-o16g-gaming) - PCPartPicker
2024-08-28,109999.0,Asus TUF GAMING OC GeForce RTX 4080 SUPER 16 GB Video Card (tuf-rtx4080s-o16g-gaming) - PCPartPicker
2024-08-29,109999.0,Asus TUF GAMING OC GeForce RTX 4080 SUPER 16 GB Video Card (tuf-rtx4080s-o16g-gaming) - PCPartPicker
2024-08-30,109999.0,Asus TUF GAMING OC GeForce RTX 4080 SUPER 16 GB Video Card (tuf-rtx4080s-o16g-gaming) - PCPartPicker
2024-08-31,109999.0,Asus TUF GAMING OC GeForce RTX 4080 SUPER 16 GB Video Card (tuf-rtx4080s-o16g-gaming) - PCPartPicker
2024-09-01,109999.0,Asus TUF GAMING OC GeForce RTX 4080 SUPER 16 GB Video Card (tuf-rtx4080s-o16g-gaming) - PCPartPicker
2024-09-02,109999.0,Asus TUF GAMING OC GeForce RTX 4080 SUPER 16 GB Video Card (tuf-rtx4080s-o16g-gaming) - PCPartPicker
2024-09-03,109999.0,Asus TUF GAMING OC GeForce RTX 4080 SUPER 16 GB Video Card (tuf-rtx4080s-o16g-gaming) - PCPartPicker
2024-09-04,109999.0,Asus TUF GAMING OC GeForce RTX 4080 SUPER 16 GB Video Card (tuf-rtx4080s-o16g-gaming) - PCPartPicker
2024-09-05,109999.0,Asus TUF GAMING OC GeForce RTX 4080 SUPER 16 GB Video Card (tuf-rtx4080s-o16g-gaming) - PCPartPicker
2024-09-06,109999.0,Asus TUF GAMING OC GeForce RTX 4080 SUPER 16 GB Video Card (tuf-rtx4080s-o16g-gaming) - PCPartPicker
2024-09-07,109999.0,Asus TUF GAMING OC GeForce RTX 4080 SUPER 16 GB Video Card (tuf-rtx4080s-o16g-gaming) - PCPartPicker
2024-09-08,109999.0,Asus TUF GAMING OC GeForce RTX 4080 SUPER 16 GB Video Card (tuf-rtx4080s-o16g-gaming) - PCPartPicker
2024-09-09,109999.0,Asus TUF GAMING OC GeForce RTX 4080 SUPER 16 GB Video Card (tuf-rtx4080s-o16g-gaming) - PCPartPicker
2024-09-10,109999.0,Asus TUF GAMING OC GeForce RTX 4080 SUPER 16 GB Video Card (tuf-rtx4080s-o16g-gaming) - PCPartPicker
2024-09-11,109999.0,Asus TUF GAMING OC GeForce RTX 4080 SUPER 16 GB Video Card (tuf-rtx4080s-o16g-gaming) - PCPartPicker
2024-09-12,109999.0,Asus TUF GAMING OC GeForce RTX 4080 SUPER 16 GB Video Card (tuf-rtx4080s-o16g-gaming) - PCPartPicker
2024-09-13,109999.0,Asus TUF GAMING OC GeForce RTX 4080 SUPER 16 GB Video Card (tuf-rtx4080s-o16g-gaming) - PCPartPicker
2024-09-14,109999.0,Asus TUF GAMING OC GeForce RTX 4080 SUPER 16 GB Video Card (tuf-rtx4080s-o16g-gaming) - PCPartPicker
2024-09-15,109999.0,Asus TUF GAMING OC GeForce RTX 4080 SUPER 16 GB Video Card (tuf-rtx4080s-o16g-gaming) - PCPartPicker
2024-09-16,109999.0,Asus TUF GAMING OC GeForce RTX 4080 SUPER 16 GB Video Card (tuf-rtx4080s-o16g-gaming) - PCPartPicker
2024-09-17,109999.0,Asus TUF GAMING OC GeForce RTX 4080 SUPER 16 GB Video Card (tuf-rtx4080s-o16g-gaming) - PCPartPicker
2024-09-18,109999.0,Asus TUF GAMING OC GeForce RTX 4080 SUPER 16 GB Video Card (tuf-rtx4080s-o16g-gaming) - PCPartPicker
2024-09-19,109999.0,Asus TUF GAMING OC GeForce RTX 4080 SUPER 16 GB Video Card (tuf-rtx4080s-o16g-gaming) - PCPartPicker
2024-09-20,109999.0,Asus TUF GAMING OC GeForce RTX 4080 SUPER 16 GB Video Card (tuf-rtx4080s-o16g-gaming) - PCPartPicker
2024-09-21,109999.0,Asus TUF GAMING OC GeForce RTX 4080 SUPER 16 GB Video Card (tuf-rtx4080s-o16g-gaming) - PCPartPicker
2024-09-22,109999.0,Asus TUF GAMING OC GeForce RTX 4080 SUPER 16 GB Video Card (tuf-rtx4080s-o16g-gaming) - PCPartPicker
2024-09-23,109999.0,Asus TUF GAMING OC GeForce RTX 4080 SUPER 16 GB Video Card (tuf-rtx4080s-o16g-gaming) - PCPartPicker
2024-09-24,109999.0,Asus TUF GAMING OC GeForce RTX 4080 SUPER 16 GB Video Card (tuf-rtx4080s-o16g-gaming) - PCPartPicker
2024-09-25,109999.0,Asus TUF GAMING OC GeForce RTX 4080 SUPER 16 GB Video Card (tuf-rtx4080s-o16g-gaming) - PCPartPicker
2024-09-26,109999.0,Asus TUF GAMING OC GeForce RTX 4080 SUPER 16 GB Video Card (tuf-rtx4080s-o16g-gaming) - PCPartPicker
2024-09-27,109999.0,Asus TUF GAMING OC GeForce RTX 4080 SUPER 16 GB Video Card (tuf-rtx4080s-o16g-gaming) - PCPartPicker
2024-09-28,109999.0,Asus TUF GAMING OC GeForce RTX 4080 SUPER 16 GB Video Card (tuf-rtx4080s-o16g-gaming) - PCPartPicker
2024-09-29,109999.0,Asus TUF GAMING OC GeForce RTX 4080 SUPER 16 GB Video Card (tuf-rtx4080s-o16g-gaming) - PCPartPicker
2024-09-30,109999.0,Asus TUF GAMING OC GeForce RTX 4080 SUPER 16 GB Video Card (tuf-rtx4080s-o16g-gaming) - PCPartPicker
2024-10-01,109999.0,Asus TUF GAMING OC GeForce RTX 4080 SUPER 16 GB Video Card (tuf-rtx4080s-o16g-gaming) - PCPartPicker
2024-10-02,109999.0,Asus TUF GAMING OC GeForce RTX 4080 SUPER 16 GB Video Card (tuf-rtx4080s-o16g-gaming) - PCPartPicker
2024-10-03,109999.0,Asus TUF GAMING OC GeForce RTX 4080 SUPER 16 GB Video Card (tuf-rtx4080s-o16g-gaming) - PCPartPicker
2024-10-04,109999.0,Asus TUF GAMING OC GeForce RTX 4080 SUPER 16 GB Video Card (tuf-rtx4080s-o16g-gaming) - PCPartPicker
2024-10-05,109999.0,Asus TUF GAMING OC GeForce RTX 4080 SUPER 16 GB Video Card (tuf-rtx4080s-o16g-gaming) - PCPartPicker
2024-10-06,109999.0,Asus TUF GAMING OC GeForce RTX 4080 SUPER 16 GB Video Card (tuf-rtx4080s-o16g-gaming) - PCPartPicker
2024-10-07,109999.0,Asus TUF GAMING OC GeForce RTX 4080 SUPER 16 GB Video Card (tuf-rtx4080s-o16g-gaming) - PCPartPicker
2024-10-08,109999.0,Asus TUF GAMING OC GeForce RTX 4080 SUPER 16 GB Video Card (tuf-rtx4080s-o16g-gaming) - PCPartPicker
2024-10-09,109999.0,Asus TUF GAMING OC GeForce RTX 4080 SUPER 16 GB Video Card (tuf-rtx4080s-o16g-gaming) - PCPartPicker
2024-10-10,109999.0,Asus TUF GAMING OC GeForce RTX 4080 SUPER 16 GB Video Card (tuf-rtx4080s-o16g-gaming) - PCPartPicker
2024-10-11,109999.0,Asus TUF GAMING OC GeForce RTX 4080 SUPER 16 GB Video Card (tuf-rtx4080s-o16g-gaming) - PCPartPicker
2024-10-12,109999.0,Asus TUF GAMING OC GeForce RTX 4080 SUPER 16 GB Video Card (tuf-rtx4080s-o16g-gaming) - PCPartPicker
2024-10-13,109999.0,Asus TUF GAMING OC GeForce RTX 4080 SUPER 16 GB Video Card (tuf-rtx4080s-o16g-gaming) - PCPartPicker
2024-10-14,109999.0,Asus TUF GAMING OC GeForce RTX 4080 SUPER 16 GB Video Card (tuf-rtx4080s-o16g-gaming) - PCPartPicker
2024-10-15,109999.0,Asus TUF GAMING OC GeForce RTX 4080 SUPER 16 GB Video Card (tuf-rtx4080s-o16g-gaming) - PCPartPicker
2024-10-16,109999.0,Asus TUF GAMING OC GeForce RTX 4080 SUPER 16 GB Video Card (tuf-rtx4080s-o16g-gaming) - PCPartPicker
2024-10-17,109999.0,Asus TUF GAMING OC GeForce RTX 4080 SUPER 16 GB Video Card (tuf-rtx4080s-o16g-gaming) - PCPartPicker
2024-10-18,109999.0,Asus TUF GAMING OC GeForce RTX 4080 SUPER 16 GB Video Card (tuf-rtx4080s-o16g-gaming) - PCPartPicker
2024-10-19,109999.0,Asus TUF GAMING OC GeForce RTX 4080 SUPER 16 GB Video Card (tuf-rtx4080s-o16g-gaming) - PCPartPicker
2024-10-20,109999.0,Asus TUF GAMING OC GeForce RTX 4080 SUPER 16 GB Video Card (tuf-rtx4080s-o16g-gaming) - PCPartPicker
2024-10-21,109999.0,Asus TUF GAMING OC GeForce RTX 4080 SUPER 16 GB Video Card (tuf-rtx4080s-o16g-gaming) - PCPartPicker
2024-10-22,109999.0,Asus TUF GAMING OC GeForce RTX 4080 SUPER 16 GB Video Card (tuf-rtx4080s-o16g-gaming) - PCPartPicker
2024-10-23,109999.0,Asus TUF GAMING OC GeForce RTX 4080 SUPER 16 GB Video Card (tuf-rtx4080s-o16g-gaming) - PCPartPicker
2024-10-24,109999.0,Asus TUF GAMING OC GeForce RTX 4080 SUPER 16 GB Video Card (tuf-rtx4080s-o16g-gaming) - PCPartPicker
2024-10-25,109999.0,Asus TUF GAMING OC GeForce RTX 4080 SUPER 16 GB Video Card (tuf-rtx4080s-o16g-gaming) - PCPartPicker
2024-10-26,109999.0,Asus TUF GAMING OC GeForce RTX 4080 SUPER 16 GB Video Card (tuf-rtx4080s-o16g-gaming) - PCPartPicker
2024-10-27,109999.0,Asus TUF GAMING OC GeForce RTX 4080 SUPER 16 GB Video Card (tuf-rtx4080s-o16g-gaming) - PCPartPicker
2024-10-28,109999.0,Asus TUF GAMING OC GeForce RTX 4080 SUPER 16 GB Video Card (tuf-rtx4080s-o16g-gaming) - PCPartPicker
2024-10-29,109999.0,Asus TUF GAMING OC GeForce RTX 4080 SUPER 16 GB Video Card (tuf-rtx4080s-o16g-gaming) - PCPartPicker
2024-10-30,109999.0,Asus TUF GAMING OC GeForce RTX 4080 SUPER 16 GB Video Card (tuf-rtx4080s-o16g-gaming) - PCPartPicker
2024-10-31,109999.0,Asus TUF GAMING OC GeForce RTX 4080 SUPER 16 GB Video Card (tuf-rtx4080s-o16g-gaming) - PCPartPicker
2024-11-01,109999.0,Asus TUF GAMING OC GeForce RTX 4080 SUPER 16 GB Video Card (tuf-rtx4080s-o16g-gaming) - PCPartPicker
2024-11-02,109999.0,Asus TUF GAMING OC GeForce RTX 4080 SUPER 16 GB Video Card (tuf-rtx4080s-o16g-gaming) - PCPartPicker
2024-11-03,109999.0,Asus TUF GAMING OC GeForce RTX 4080 SUPER 16 GB Video Card (tuf-rtx4080s-o16g-gaming) - PCPartPicker
2024-11-04,109999.0,Asus TUF GAMING OC GeForce RTX 4080 SUPER 16 GB Video Card (tuf-rtx4080s-o16g-gaming) - PCPartPicker
2024-11-05,109999.0,Asus TUF GAMING OC GeForce RTX 4080 SUPER 16 GB Video Card (tuf-rtx4080s-o16g-gaming) - PCPartPicker
2024-11-06,109999.0,Asus TUF GAMING OC GeForce RTX 4080 SUPER 16 GB Video Card (tuf-rtx4080s-o16g-gaming) - PCPartPicker
2024-11-07,109999.0,Asus TUF GAMING OC GeForce RTX 4080 SUPER 16 GB Video Card (tuf-rtx4080s-o16g-gaming) - PCPartPicker
2024-11-08,109999.0,Asus TUF GAMING OC GeForce RTX 4080 SUPER 16 GB Video Card (tuf-rtx4080s-o16g-gaming) - PCPartPicker
2024-11-09,109999.0,Asus TUF GAMING OC GeForce RTX 4080 SUPER 16 GB Video Card (tuf-rtx4080s-o16g-gaming) - PCPartPicker
2024-11-10,109999.0,Asus TUF GAMING OC GeForce RTX 4080 SUPER 16 GB Video Card (tuf-rtx4080s-o16g-gaming) - PCPartPicker
2024-11-11,109999.0,Asus TUF GAMING OC GeForce RTX 4080 SUPER 16 GB Video Card (tuf-rtx4080s-o16g-gaming) - PCPartPicker
2024-11-12,109999.0,Asus TUF GAMING OC GeForce RTX 4080 SUPER 16 GB Video Card (tuf-rtx4080s-o16g-gaming) - PCPartPicker
2024-11-13,109999.0,Asus TUF GAMING OC GeForce RTX 4080 SUPER 16 GB Video Card (tuf-rtx4080s-o16g-gaming) - PCPartPicker
2024-11-14,109999.0,Asus TUF GAMING OC GeForce RTX 4080 SUPER 16 GB Video Card (tuf-rtx4080s-o16g-gaming) - PCPartPicker
2024-11-15,109999.0,Asus TUF GAMING OC GeForce RTX 4080 SUPER 16 GB Video Card (tuf-rtx4080s-o16g-gaming) - PCPartPicker
2024-11-16,109999.0,Asus TUF GAMING OC GeForce RTX 4080 SUPER 16 GB Video Card (tuf-rtx4080s-o16g-gaming) - PCPartPicker
2024-11-17,109999.0,Asus TUF GAMING OC GeForce RTX 4080 SUPER 16 GB Video Card (tuf-rtx4080s-o16g-gaming) - PCPartPicker
2024-11-18,109999.0,Asus TUF GAMING OC GeForce RTX 4080 SUPER 16 GB Video Card (tuf-rtx4080s-o16g-gaming) - PCPartPicker
2024-11-19,109999.0,Asus TUF GAMING OC GeForce RTX 4080 SUPER 16 GB Video Card (tuf-rtx4080s-o16g-gaming) - PCPartPicker
2024-11-20,109999.0,Asus TUF GAMING OC GeForce RTX 4080 SUPER 16 GB Video Card (tuf-rtx4080s-o16g-gaming) - PCPartPicker
2024-11-21,109999.0,Asus TUF GAMING OC GeForce RTX 4080 SUPER 16 GB Video Card (tuf-rtx4080s-o16g-gaming) - PCPartPicker
2024-11-22,109999.0,Asus TUF GAMING OC GeForce RTX 4080 SUPER 16 GB Video Card (tuf-rtx4080s-o16g-gaming) - PCPartPicker
2024-11-23,109999.0,Asus TUF GAMING OC GeForce RTX 4080 SUPER 16 GB Video Card (tuf-rtx4080s-o16g-gaming) - PCPartPicker
2024-11-24,109999.0,Asus TUF GAMING OC GeForce RTX 4080 SUPER 16 GB Video Card (tuf-rtx4080s-o16g-gaming) - PCPartPicker
2024-11-25,109999.0,Asus TUF GAMING OC GeForce RTX 4080 SUPER 16 GB Video Card (tuf-rtx4080s-o16g-gaming) - PCPartPicker
2024-11-26,109999.0,Asus TUF GAMING OC GeForce RTX 4080 SUPER 16 GB Video Card (tuf-rtx4080s-o16g-gaming) - PCPartPicker
2024-11-27,114999.0,Asus TUF GAMING OC GeForce RTX 4080 SUPER 16 GB Video Card (tuf-rtx4080s-o16g-gaming) - PCPartPicker
2024-11-28,114999.0,Asus TUF GAMING OC GeForce RTX 4080 SUPER 16 GB Video Card (tuf-rtx4080s-o16g-gaming) - PCPartPicker
2024-11-29,116999.0,Asus TUF GAMING OC GeForce RTX 4080 SUPER 16 GB Video Card (tuf-rtx4080s-o16g-gaming) - PCPartPicker
2024-11-30,116999.0,Asus TUF GAMING OC GeForce RTX 4080 SUPER 16 GB Video Card (tuf-rtx4080s-o16g-gaming) - PCPartPicker
2024-12-01,116999.0,Asus TUF GAMING OC GeForce RTX 4080 SUPER 16 GB Video Card (tuf-rtx4080s-o16g-gaming) - PCPartPicker
2024-12-02,116999.0,Asus TUF GAMING OC GeForce RTX 4080 SUPER 16 GB Video Card (tuf-rtx4080s-o16g-gaming) - PCPartPicker
2024-12-03,116999.0,Asus TUF GAMING OC GeForce RTX 4080 SUPER 16 GB Video Card (tuf-rtx4080s-o16g-gaming) - PCPartPicker
2024-12-04,116999.0,Asus TUF GAMING OC GeForce RTX 4080 SUPER 16 GB Video Card (tuf-rtx4080s-o16g-gaming) - PCPartPicker
2024-12-05,117998.0,Asus TUF GAMING OC GeForce RTX 4080 SUPER 16 GB Video Card (tuf-rtx4080s-o16g-gaming) - PCPartPicker
2024-12-06,117998.0,Asus TUF GAMING OC GeForce RTX 4080 SUPER 16 GB Video Card (tuf-rtx4080s-o16g-gaming) - PCPartPicker
2024-12-07,117998.0,Asus TUF GAMING OC GeForce RTX 4080 SUPER 16 GB Video Card (tuf-rtx4080s-o16g-gaming) - PCPartPicker
2024-12-08,117998.0,Asus TUF GAMING OC GeForce RTX 4080 SUPER 16 GB Video Card (tuf-rtx4080s-o16g-gaming) - PCPartPicker
2024-12-09,117998.0,Asus TUF GAMING OC GeForce RTX 4080 SUPER 16 GB Video Card (tuf-rtx4080s-o16g-gaming) - PCPartPicker
2024-12-10,117998.0,Asus TUF GAMING OC GeForce RTX 4080 SUPER 16 GB Video Card (tuf-rtx4080s-o16g-gaming) - PCPartPicker
2024-12-11,117998.0,Asus TUF GAMING OC GeForce RTX 4080 SUPER 16 GB Video Card (tuf-rtx4080s-o16g-gaming) - PCPartPicker
2024-12-12,117998.0,Asus TUF GAMING OC GeForce RTX 4080 SUPER 16 GB Video Card (tuf-rtx4080s-o16g-gaming) - PCPartPicker
2024-12-13,117998.0,Asus TUF GAMING OC GeForce RTX 4080 SUPER 16 GB Video Card (tuf-rtx4080s-o16g-gaming) - PCPartPicker
2024-12-14,117998.0,Asus TUF GAMING OC GeForce RTX 4080 SUPER 16 GB Video Card (tuf-rtx4080s-o16g-gaming) - PCPartPicker
2024-12-15,117998.0,Asus TUF GAMING OC GeForce RTX 4080 SUPER 16 GB Video Card (tuf-rtx4080s-o16g-gaming) - PCPartPicker
2024-12-16,117998.0,Asus TUF GAMING OC GeForce RTX 4080 SUPER 16 GB Video Card (tuf-rtx4080s-o16g-gaming) - PCPartPicker
2024-12-17,117998.0,Asus TUF GAMING OC GeForce RTX 4080 SUPER 16 GB Video Card (tuf-rtx4080s-o16g-gaming) - PCPartPicker
2024-12-18,117998.0,Asus TUF GAMING OC GeForce RTX 4080 SUPER 16 GB Video Card (tuf-rtx4080s-o16g-gaming) - PCPartPicker
2024-12-19,117998.0,Asus TUF GAMING OC GeForce RTX 4080 SUPER 16 GB Video Card (tuf-rtx4080s-o16g-gaming) - PCPartPicker
2024-12-20,117998.0,Asus TUF GAMING OC GeForce RTX 4080 SUPER 16 GB Video Card (tuf-rtx4080s-o16g-gaming) - PCPartPicker
2024-12-21,117998.0,Asus TUF GAMING OC GeForce RTX 4080 SUPER 16 GB Video Card (tuf-rtx4080s-o16g-gaming) - PCPartPicker
2024-12-22,117998.0,Asus TUF GAMING OC GeForce RTX 4080 SUPER 16 GB Video Card (tuf-rtx4080s-o16g-gaming) - PCPartPicker
2024-12-23,117998.0,Asus TUF GAMING OC GeForce RTX 4080 SUPER 16 GB Video Card (tuf-rtx4080s-o16g-gaming) - PCPartPicker
2024-12-24,117998.0,Asus TUF GAMING OC GeForce RTX 4080 SUPER 16 GB Video Card (tuf-rtx4080s-o16g-gaming) - PCPartPicker
2024-12-25,117998.0,Asus TUF GAMING OC GeForce RTX 4080 SUPER 16 GB Video Card (tuf-rtx4080s-o16g-gaming) - PCPartPicker
2024-12-26,117998.0,Asus TUF GAMING OC GeForce RTX 4080 SUPER 16 GB Video Card (tuf-rtx4080s-o16g-gaming) - PCPartPicker
2024-12-27,117998.0,Asus TUF GAMING OC GeForce RTX 4080 SUPER 16 GB Video Card (tuf-rtx4080s-o16g-gaming) - PCPartPicker
2024-12-28,117998.0,Asus TUF GAMING OC GeForce RTX 4080 SUPER 16 GB Video Card (tuf-rtx4080s-o16g-gaming) - PCPartPicker
2024-12-29,117998.0,Asus TUF GAMING OC GeForce RTX 4080 SUPER 16 GB Video Card (tuf-rtx4080s-o16g-gaming) - PCPartPicker
2024-12-30,117998.0,Asus TUF GAMING OC GeForce RTX 4080 SUPER 16 GB Video Card (tuf-rtx4080s-o16g-gaming) - PCPartPicker
2024-12-31,117998.0,Asus TUF GAMING OC GeForce RTX 4080 SUPER 16 GB Video Card (tuf-rtx4080s-o16g-gaming) - PCPartPicker
2025-01-01,119999.0,Asus TUF GAMING OC GeForce RTX 4080 SUPER 16 GB Video Card (tuf-rtx4080s-o16g-gaming) - PCPartPicker
2025-01-02,119999.0,Asus TUF GAMING OC GeForce RTX 4080 SUPER 16 GB Video Card (tuf-rtx4080s-o16g-gaming) - PCPartPicker
2025-01-03,119999.0,Asus TUF GAMING OC GeForce RTX 4080 SUPER 16 GB Video Card (tuf-rtx4080s-o16g-gaming) - PCPartPicker
2025-01-04,119999.0,Asus TUF GAMING OC GeForce RTX 4080 SUPER 16 GB Video Card (tuf-rtx4080s-o16g-gaming) - PCPartPicker
2025-01-05,119999.0,Asus TUF GAMING OC GeForce RTX 4080 SUPER 16 GB Video Card (tuf-rtx4080s-o16g-gaming) - PCPartPicker
2025-01-06,119999.0,Asus TUF GAMING OC GeForce RTX 4080 SUPER 16 GB Video Card (tuf-rtx4080s-o16g-gaming) - PCPartPicker
2025-01-07,119999.0,Asus TUF GAMING OC GeForce RTX 4080 SUPER 16 GB Video Card (tuf-rtx4080s-o16g-gaming) - PCPartPicker
2025-01-08,119999.0,Asus TUF GAMING OC GeForce RTX 4080 SUPER 16 GB Video Card (tuf-rtx4080s-o16g-gaming) - PCPartPicker
2025-01-09,119999.0,Asus TUF GAMING OC GeForce RTX 4080 SUPER 16 GB Video Card (tuf-rtx4080s-o16g-gaming) - PCPartPicker
2025-01-10,110998.0,Asus TUF GAMING OC GeForce RTX 4080 SUPER 16 GB Video Card (tuf-rtx4080s-o16g-gaming) - PCPartPicker
2025-01-11,110998.0,Asus TUF GAMING OC GeForce RTX 4080 SUPER 16 GB Video Card (tuf-rtx4080s-o16g-gaming) - PCPartPicker
2025-01-12,110998.0,Asus TUF GAMING OC GeForce RTX 4080 SUPER 16 GB Video Card (tuf-rtx4080s-o16g-gaming) - PCPartPicker
2025-01-13,110998.0,Asus TUF GAMING OC GeForce RTX 4080 SUPER 16 GB Video Card (tuf-rtx4080s-o16g-gaming) - PCPartPicker
2025-01-14,115998.0,Asus TUF GAMING OC GeForce RTX 4080 SUPER 16 GB Video Card (tuf-rtx4080s-o16g-gaming) - PCPartPicker
2025-01-15,115998.0,Asus TUF GAMING OC GeForce RTX 4080 SUPER 16 GB Video Card (tuf-rtx4080s-o16g-gaming) - PCPartPicker
2025-01-16,115998.0,Asus TUF GAMING OC GeForce RTX 4080 SUPER 16 GB Video Card (tuf-rtx4080s-o16g-gaming) - PCPartPicker
2025-01-17,115998.0,Asus TUF GAMING OC GeForce RTX 4080 SUPER 16 GB Video Card (tuf-rtx4080s-o16g-gaming) - PCPartPicker
2025-01-18,115998.0,Asus TUF GAMING OC GeForce RTX 4080 SUPER 16 GB Video Card (tuf-rtx4080s-o16g-gaming) - PCPartPicker
2025-01-19,115998.0,Asus TUF GAMING OC GeForce RTX 4080 SUPER 16 GB Video Card (tuf-rtx4080s-o16g-gaming) - PCPartPicker
2025-01-20,115998.0,Asus TUF GAMING OC GeForce RTX 4080 SUPER 16 GB Video Card (tuf-rtx4080s-o16g-gaming) - PCPartPicker
2025-01-21,115998.0,Asus TUF GAMING OC GeForce RTX 4080 SUPER 16 GB Video Card (tuf-rtx4080s-o16g-gaming) - PCPartPicker
2025-01-22,115998.0,Asus TUF GAMING OC GeForce RTX 4080 SUPER 16 GB Video Card (tuf-rtx4080s-o16g-gaming) - PCPartPicker
2025-01-23,115998.0,Asus TUF GAMING OC GeForce RTX 4080 SUPER 16 GB Video Card (tuf-rtx4080s-o16g-gaming) - PCPartPicker
2025-01-24,115998.0,Asus TUF GAMING OC GeForce RTX 4080 SUPER 16 GB Video Card (tuf-rtx4080s-o16g-gaming) - PCPartPicker
2025-01-25,115998.0,Asus TUF GAMING OC GeForce RTX 4080 SUPER 16 GB Video Card (tuf-rtx4080s-o16g-gaming) - PCPartPicker
2025-01-26,115998.0,Asus TUF GAMING OC GeForce RTX 4080 SUPER 16 GB Video Card (tuf-rtx4080s-o16g-gaming) - PCPartPicker
2025-01-27,115998.0,Asus TUF GAMING OC GeForce RTX 4080 SUPER 16 GB Video Card (tuf-rtx4080s-o16g-gaming) - PCPartPicker
2025-01-28,115998.0,Asus TUF GAMING OC GeForce RTX 4080 SUPER 16 GB Video Card (tuf-rtx4080s-o16g-gaming) - PCPartPicker
2025-01-29,115998.0,Asus TUF GAMING OC GeForce RTX 4080 SUPER 16 GB Video Card (tuf-rtx4080s-o16g-gaming) - PCPartPicker
2025-01-30,115998.0,Asus TUF GAMING OC GeForce RTX 4080 SUPER 16 GB Video Card (tuf-rtx4080s-o16g-gaming) - PCPartPicker
2025-01-31,115998.0,Asus TUF GAMING OC GeForce RTX 4080 SUPER 16 GB Video Card (tuf-rtx4080s-o16g-gaming) - PCPartPicker
2025-02-01,115998.0,Asus TUF GAMING OC GeForce RTX 4080 SUPER 16 GB Video Card (tuf-rtx4080s-o16g-gaming) - PCPartPicker
2025-02-02,115998.0,Asus TUF GAMING OC GeForce RTX 4080 SUPER 16 GB Video Card (tuf-rtx4080s-o16g-gaming) - PCPartPicker
2025-02-03,115998.0,Asus TUF GAMING OC GeForce RTX 4080 SUPER 16 GB Video Card (tuf-rtx4080s-o16g-gaming) - PCPartPicker
2025-02-04,115998.0,Asus TUF GAMING OC GeForce RTX 4080 SUPER 16 GB Video Card (tuf-rtx4080s-o16g-gaming) - PCPartPicker
2025-02-05,115998.0,Asus TUF GAMING OC GeForce RTX 4080 SUPER 16 GB Video Card (tuf-rtx4080s-o16g-gaming) - PCPartPicker
2025-02-06,115998.0,Asus TUF GAMING OC GeForce RTX 4080 SUPER 16 GB Video Card (tuf-rtx4080s-o16g-gaming) - PCPartPicker
2025-02-07,115998.0,Asus TUF GAMING OC GeForce RTX 4080 SUPER 16 GB Video Card (tuf-rtx4080s-o16g-gaming) - PCPartPicker
2025-02-08,115998.0,Asus TUF GAMING OC GeForce RTX 4080 SUPER 16 GB Video Card (tuf-rtx4080s-o16g-gaming) - PCPartPicker
2025-02-09,115998.0,Asus TUF GAMING OC GeForce RTX 4080 SUPER 16 GB Video Card (tuf-rtx4080s-o16g-gaming) - PCPartPicker
2025-02-10,115998.0,Asus TUF GAMING OC GeForce RTX 4080 SUPER 16 GB Video Card (tuf-rtx4080s-o16g-gaming) - PCPartPicker
2025-02-11,115998.0,Asus TUF GAMING OC GeForce RTX 4080 SUPER 16 GB Video Card (tuf-rtx4080s-o16g-gaming) - PCPartPicker
2025-02-12,115998.0,Asus TUF GAMING OC GeForce RTX 4080 SUPER 16 GB Video Card (tuf-rtx4080s-o16g-gaming) - PCPartPicker
2025-02-13,115998.0,Asus TUF GAMING OC GeForce RTX 4080 SUPER 16 GB Video Card (tuf-rtx4080s-o16g-gaming) - PCPartPicker
2025-02-14,115998.0,Asus TUF GAMING OC GeForce RTX 4080 SUPER 16 GB Video Card (tuf-rtx4080s-o16g-gaming) - PCPartPicker
2025-02-15,115998.0,Asus TUF GAMING OC GeForce RTX 4080 SUPER 16 GB Video Card (tuf-rtx4080s-o16g-gaming) - PCPartPicker
2025-02-16,115998.0,Asus TUF GAMING OC GeForce RTX 4080 SUPER 16 GB Video Card (tuf-rtx4080s-o16g-gaming) - PCPartPicker
2025-02-17,115998.0,Asus TUF GAMING OC GeForce RTX 4080 SUPER 16 GB Video Card (tuf-rtx4080s-o16g-gaming) - PCPartPicker
2025-02-18,115998.0,Asus TUF GAMING OC GeForce RTX 4080 SUPER 16 GB Video Card (tuf-rtx4080s-o16g-gaming) - PCPartPicker
2025-02-19,115998.0,Asus TUF GAMING OC GeForce RTX 4080 SUPER 16 GB Video Card (tuf-rtx4080s-o16g-gaming) - PCPartPicker
2025-02-20,115998.0,Asus TUF GAMING OC GeForce RTX 4080 SUPER 16 GB Video Card (tuf-rtx4080s-o16g-gaming) - PCPartPicker
2025-02-21,115998.0,Asus TUF GAMING OC GeForce RTX 4080 SUPER 16 GB Video Card (tuf-rtx4080s-o16g-gaming) - PCPartPicker
2025-02-22,115998.0,Asus TUF GAMING OC GeForce RTX 4080 SUPER 16 GB Video Card (tuf-rtx4080s-o16g-gaming) - PCPartPicker
2025-02-23,115998.0,Asus TUF GAMING OC GeForce RTX 4080 SUPER 16 GB Video Card (tuf-rtx4080s-o16g-gaming) - PCPartPicker
2025-02-24,115998.0,Asus TUF GAMING OC GeForce RTX 4080 SUPER 16 GB Video Card (tuf-rtx4080s-o16g-gaming) - PCPartPicker
2025-02-25,115998.0,Asus TUF GAMING OC GeForce RTX 4080 SUPER 16 GB Video Card (tuf-rtx4080s-o16g-gaming) - PCPartPicker
2025-02-26,115998.0,Asus TUF GAMING OC GeForce RTX 4080 SUPER 16 GB Video Card (tuf-rtx4080s-o16g-gaming) - PCPartPicker
2025-02-27,115998.0,Asus TUF GAMING OC GeForce RTX 4080 SUPER 16 GB Video Card (tuf-rtx4080s-o16g-gaming) - PCPartPicker
2025-02-28,115998.0,Asus TUF GAMING OC GeForce RTX 4080 SUPER 16 GB Video Card (tuf-rtx4080s-o16g-gaming) - PCPartPicker
2025-03-01,115998.0,Asus TUF GAMING OC GeForce RTX 4080 SUPER 16 GB Video Card (tuf-rtx4080s-o16g-gaming) - PCPartPicker
2025-03-02,115998.0,Asus TUF GAMING OC GeForce RTX 4080 SUPER 16 GB Video Card (tuf-rtx4080s-o16g-gaming) - PCPartPicker
2025-03-03,115998.0,Asus TUF GAMING OC GeForce RTX 4080 SUPER 16 GB Video Card (tuf-rtx4080s-o16g-gaming) - PCPartPicker
2025-03-04,115998.0,Asus TUF GAMING OC GeForce RTX 4080 SUPER 16 GB Video Card (tuf-rtx4080s-o16g-gaming) - PCPartPicker
2025-03-05,115998.0,Asus TUF GAMING OC GeForce RTX 4080 SUPER 16 GB Video Card (tuf-rtx4080s-o16g-gaming) - PCPartPicker
2025-03-06,115998.0,Asus TUF GAMING OC GeForce RTX 4080 SUPER 16 GB Video Card (tuf-rtx4080s-o16g-gaming) - PCPartPicker
2025-03-07,115998.0,Asus TUF GAMING OC GeForce RTX 4080 SUPER 16 GB Video Card (tuf-rtx4080s-o16g-gaming) - PCPartPicker
2025-03-08,115998.0,Asus TUF GAMING OC GeForce RTX 4080 SUPER 16 GB Video Card (tuf-rtx4080s-o16g-gaming) - PCPartPicker
2025-03-09,115998.0,Asus TUF GAMING OC GeForce RTX 4080 SUPER 16 GB Video Card (tuf-rtx4080s-o16g-gaming) - PCPartPicker
2025-03-10,115998.0,Asus TUF GAMING OC GeForce RTX 4080 SUPER 16 GB Video Card (tuf-rtx4080s-o16g-gaming) - PCPartPicker
2025-03-11,115998.0,Asus TUF GAMING OC GeForce RTX 4080 SUPER 16 GB Video Card (tuf-rtx4080s-o16g-gaming) - PCPartPicker
2025-03-12,115998.0,Asus TUF GAMING OC GeForce RTX 4080 SUPER 16 GB Video Card (tuf-rtx4080s-o16g-gaming) - PCPartPicker
2025-03-13,115998.0,Asus TUF GAMING OC GeForce RTX 4080 SUPER 16 GB Video Card (tuf-rtx4080s-o16g-gaming) - PCPartPicker
2025-03-14,115998.0,Asus TUF GAMING OC GeForce RTX 4080 SUPER 16 GB Video Card (tuf-rtx4080s-o16g-gaming) - PCPartPicker
2025-03-15,115998.0,Asus TUF GAMING OC GeForce RTX 4080 SUPER 16 GB Video Card (tuf-rtx4080s-o16g-gaming) - PCPartPicker
2025-03-16,115998.0,Asus TUF GAMING OC GeForce RTX 4080 SUPER 16 GB Video Card (tuf-rtx4080s-o16g-gaming) - PCPartPicker
2025-03-17,115998.0,Asus TUF GAMING OC GeForce RTX 4080 SUPER 16 GB Video Card (tuf-rtx4080s-o16g-gaming) - PCPartPicker
2025-03-18,115998.0,Asus TUF GAMING OC GeForce RTX 4080 SUPER 16 GB Video Card (tuf-rtx4080s-o16g-gaming) - PCPartPicker
2025-03-19,115998.0,Asus TUF GAMING OC GeForce RTX 4080 SUPER 16 GB Video Card (tuf-rtx4080s-o16g-gaming) - PCPartPicker
2025-03-20,115998.0,Asus TUF GAMING OC GeForce RTX 4080 SUPER 16 GB Video Card (tuf-rtx4080s-o16g-gaming) - PCPartPicker
2025-03-21,115998.0,Asus TUF GAMING OC GeForce RTX 4080 SUPER 16 GB Video Card (tuf-rtx4080s-o16g-gaming) - PCPartPicker
2025-03-22,115998.0,Asus TUF GAMING OC GeForce RTX 4080 SUPER 16 GB Video Card (tuf-rtx4080s-o16g-gaming) - PCPartPicker
2025-03-23,115998.0,Asus TUF GAMING OC GeForce RTX 4080 SUPER 16 GB Video Card (tuf-rtx4080s-o16g-gaming) - PCPartPicker
2025-03-24,115998.0,Asus TUF GAMING OC GeForce RTX 4080 SUPER 16 GB Video Card (tuf-rtx4080s-o16g-gaming) - PCPartPicker
2025-03-25,115998.0,Asus TUF GAMING OC GeForce RTX 4080 SUPER 16 GB Video Card (tuf-rtx4080s-o16g-gaming) - PCPartPicker
2025-03-26,115998.0,Asus TUF GAMING OC GeForce RTX 4080 SUPER 16 GB Video Card (tuf-rtx4080s-o16g-gaming) - PCPartPicker
2025-03-27,115998.0,Asus TUF GAMING OC GeForce RTX 4080 SUPER 16 GB Video Card (tuf-rtx4080s-o16g-gaming) - PCPartPicker
2025-03-28,115998.0,Asus TUF GAMING OC GeForce RTX 4080 SUPER 16 GB Video Card (tuf-rtx4080s-o16g-gaming) - PCPartPicker
2025-03-29,115998.0,Asus TUF GAMING OC GeForce RTX 4080 SUPER 16 GB Video Card (tuf-rtx4080s-o16g-gaming) - PCPartPicker
2025-03-30,115998.0,Asus TUF GAMING OC GeForce RTX 4080 SUPER 16 GB Video Card (tuf-rtx4080s-o16g-gaming) - PCPartPicker
2025-03-31,115998.0,Asus TUF GAMING OC GeForce RTX 4080 SUPER 16 GB Video Card (tuf-rtx4080s-o16g-gaming) - PCPartPicker
2025-04-01,115998.0,Asus TUF GAMING OC GeForce RTX 4080 SUPER 16 GB Video Card (tuf-rtx4080s-o16g-gaming) - PCPartPicker
2025-04-02,115998.0,Asus TUF GAMING OC GeForce RTX 4080 SUPER 16 GB Video Card (tuf-rtx4080s-o16g-gaming) - PCPartPicker
2025-04-03,115998.0,Asus TUF GAMING OC GeForce RTX 4080 SUPER 16 GB Video Card (tuf-rtx4080s-o16g-gaming) - PCPartPicker
2025-04-04,115998.0,Asus TUF GAMING OC GeForce RTX 4080 SUPER 16 GB Video Card (tuf-rtx4080s-o16g-gaming) - PCPartPicker
2025-04-05,115998.0,Asus TUF GAMING OC GeForce RTX 4080 SUPER 16 GB Video Card (tuf-rtx4080s-o16g-gaming) - PCPartPicker
2025-04-06,115998.0,Asus TUF GAMING OC GeForce RTX 4080 SUPER 16 GB Video Card (tuf-rtx4080s-o16g-gaming) - PCPartPicker
2025-04-07,115998.0,Asus TUF GAMING OC GeForce RTX 4080 SUPER 16 GB Video Card (tuf-rtx4080s-o16g-gaming) - PCPartPicker
2025-04-08,115998.0,Asus TUF GAMING OC GeForce RTX 4080 SUPER 16 GB Video Card (tuf-rtx4080s-o16g-gaming) - PCPartPicker
2025-04-09,115998.0,Asus TUF GAMING OC GeForce RTX 4080 SUPER 16 GB Video Card (tuf-rtx4080s-o16g-gaming) - PCPartPicker
2025-04-10,115998.0,Asus TUF GAMING OC GeForce RTX 4080 SUPER 16 GB Video Card (tuf-rtx4080s-o16g-gaming) - PCPartPicker
2025-04-11,115998.0,Asus TUF GAMING OC GeForce RTX 4080 SUPER 16 GB Video Card (tuf-rtx4080s-o16g-gaming) - PCPartPicker
2025-04-12,115998.0,Asus TUF GAMING OC GeForce RTX 4080 SUPER 16 GB Video Card (tuf-rtx4080s-o16g-gaming) - PCPartPicker
2025-04-13,115998.0,Asus TUF GAMING OC GeForce RTX 4080 SUPER 16 GB Video Card (tuf-rtx4080s-o16g-gaming) - PCPartPicker
2025-04-14,115998.0,Asus TUF GAMING OC GeForce RTX 4080 SUPER 16 GB Video Card (tuf-rtx4080s-o16g-gaming) - PCPartPicker
2025-04-15,115998.0,Asus TUF GAMING OC GeForce RTX 4080 SUPER 16 GB Video Card (tuf-rtx4080s-o16g-gaming) - PCPartPicker
2025-04-16,115998.0,Asus TUF GAMING OC GeForce RTX 4080 SUPER 16 GB Video Card (tuf-rtx4080s-o16g-gaming) - PCPartPicker
2025-04-17,115998.0,Asus TUF GAMING OC GeForce RTX 4080 SUPER 16 GB Video Card (tuf-rtx4080s-o16g-gaming) - PCPartPicker
2025-04-18,115998.0,Asus TUF GAMING OC GeForce RTX 4080 SUPER 16 GB Video Card (tuf-rtx4080s-o16g-gaming) - PCPartPicker
2025-04-19,115998.0,Asus TUF GAMING OC GeForce RTX 4080 SUPER 16 GB Video Card (tuf-rtx4080s-o16g-gaming) - PCPartPicker
2025-04-20,115998.0,Asus TUF GAMING OC GeForce RTX 4080 SUPER 16 GB Video Card (tuf-rtx4080s-o16g-gaming) - PCPartPicker
2025-04-21,115998.0,Asus TUF GAMING OC GeForce RTX 4080 SUPER 16 GB Video Card (tuf-rtx4080s-o16g-gaming) - PCPartPicker
2025-04-22,115998.0,Asus TUF GAMING OC GeForce RTX 4080 SUPER 16 GB Video Card (tuf-rtx4080s-o16g-gaming) - PCPartPicker
2025-04-23,115998.0,Asus TUF GAMING OC GeForce RTX 4080 SUPER 16 GB Video Card (tuf-rtx4080s-o16g-gaming) - PCPartPicker
2025-04-24,115998.0,Asus TUF GAMING OC GeForce RTX 4080 SUPER 16 GB Video Card (tuf-rtx4080s-o16g-gaming) - PCPartPicker
2025-04-25,115998.0,Asus TUF GAMING OC GeForce RTX 4080 SUPER 16 GB Video Card (tuf-rtx4080s-o16g-gaming) - PCPartPicker
2025-04-26,115998.0,Asus TUF GAMING OC GeForce RTX 4080 SUPER 16 GB Video Card (tuf-rtx4080s-o16g-gaming) - PCPartPicker
2025-04-27,115998.0,Asus TUF GAMING OC GeForce RTX 4080 SUPER 16 GB Video Card (tuf-rtx4080s-o16g-gaming) - PCPartPicker
2025-04-28,115998.0,Asus TUF GAMING OC GeForce RTX 4080 SUPER 16 GB Video Card (tuf-rtx4080s-o16g-gaming) - PCPartPicker
2025-04-29,115998.0,Asus TUF GAMING OC GeForce RTX 4080 SUPER 16 GB Video Card (tuf-rtx4080s-o16g-gaming) - PCPartPicker
2025-04-30,115998.0,Asus TUF GAMING OC GeForce RTX 4080 SUPER 16 GB Video Card (tuf-rtx4080s-o16g-gaming) - PCPartPicker
2025-05-01,115998.0,Asus TUF GAMING OC GeForce RTX 4080 SUPER 16 GB Video Card (tuf-rtx4080s-o16g-gaming) - PCPartPicker
2025-05-02,115998.0,Asus TUF GAMING OC GeForce RTX 4080 SUPER 16 GB Video Card (tuf-rtx4080s-o16g-gaming) - PCPartPicker
2025-05-03,115998.0,Asus TUF GAMING OC GeForce RTX 4080 SUPER 16 GB Video Card (tuf-rtx4080s-o16g-gaming) - PCPartPicker
2025-05-04,115998.0,Asus TUF GAMING OC GeForce RTX 4080 SUPER 16 GB Video Card (tuf-rtx4080s-o16g-gaming) - PCPartPicker
2025-05-05,115998.0,Asus TUF GAMING OC GeForce RTX 4080 SUPER 16 GB Video Card (tuf-rtx4080s-o16g-gaming) - PCPartPicker
2025-05-06,115998.0,Asus TUF GAMING OC GeForce RTX 4080 SUPER 16 GB Video Card (tuf-rtx4080s-o16g-gaming) - PCPartPicker
2025-05-07,115998.0,Asus TUF GAMING OC GeForce RTX 4080 SUPER 16 GB Video Card (tuf-rtx4080s-o16g-gaming) - PCPartPicker
2025-05-08,115998.0,Asus TUF GAMING OC GeForce RTX 4080 SUPER 16 GB Video Card (tuf-rtx4080s-o16g-gaming) - PCPartPicker
2025-05-09,115998.0,Asus TUF GAMING OC GeForce RTX 4080 SUPER 16 GB Video Card (tuf-rtx4080s-o16g-gaming) - PCPartPicker
2025-05-10,115998.0,Asus TUF GAMING OC GeForce RTX 4080 SUPER 16 GB Video Card (tuf-rtx4080s-o16g-gaming) - PCPartPicker
2025-05-11,115998.0,Asus TUF GAMING OC GeForce RTX 4080 SUPER 16 GB Video Card (tuf-rtx4080s-o16g-gaming) - PCPartPicker
2025-05-12,115998.0,Asus TUF GAMING OC GeForce RTX 4080 SUPER 16 GB Video Card (tuf-rtx4080s-o16g-gaming) - PCPartPicker
2025-05-13,115998.0,Asus TUF GAMING OC GeForce RTX 4080 SUPER 16 GB Video Card (tuf-rtx4080s-o16g-gaming) - PCPartPicker
2025-05-14,115998.0,Asus TUF GAMING OC GeForce RTX 4080 SUPER 16 GB Video Card (tuf-rtx4080s-o16g-gaming) - PCPartPicker
2025-05-15,115998.0,Asus TUF GAMING OC GeForce RTX 4080 SUPER 16 GB Video Card (tuf-rtx4080s-o16g-gaming) - PCPartPicker
2025-05-16,115998.0,Asus TUF GAMING OC GeForce RTX 4080 SUPER 16 GB Video Card (tuf-rtx4080s-o16g-gaming) - PCPartPicker
2025-05-17,115998.0,Asus TUF GAMING OC GeForce RTX 4080 SUPER 16 GB Video Card (tuf-rtx4080s-o16g-gaming) - PCPartPicker
2025-05-18,115998.0,Asus TUF GAMING OC GeForce RTX 4080 SUPER 16 GB Video Card (tuf-rtx4080s-o16g-gaming) - PCPartPicker
2025-05-19,115998.0,Asus TUF GAMING OC GeForce RTX 4080 SUPER 16 GB Video Card (tuf-rtx4080s-o16g-gaming) - PCPartPicker
2025-05-20,115998.0,Asus TUF GAMING OC GeForce RTX 4080 SUPER 16 GB Video Card (tuf-rtx4080s-o16g-gaming) - PCPartPicker
2025-05-21,115998.0,Asus TUF GAMING OC GeForce RTX 4080 SUPER 16 GB Video Card (tuf-rtx4080s-o16g-gaming) - PCPartPicker
2025-05-22,115998.0,Asus TUF GAMING OC GeForce RTX 4080 SUPER 16 GB Video Card (tuf-rtx4080s-o16g-gaming) - PCPartPicker
2025-05-23,115998.0,Asus TUF GAMING OC GeForce RTX 4080 SUPER 16 GB Video Card (tuf-rtx4080s-o16g-gaming) - PCPartPicker
2025-05-24,115998.0,Asus TUF GAMING OC GeForce RTX 4080 SUPER 16 GB Video Card (tuf-rtx4080s-o16g-gaming) - PCPartPicker
2025-05-25,115998.0,Asus TUF GAMING OC GeForce RTX 4080 SUPER 16 GB Video Card (tuf-rtx4080s-o16g-gaming) - PCPartPicker
2025-05-26,115998.0,Asus TUF GAMING OC GeForce RTX 4080 SUPER 16 GB Video Card (tuf-rtx4080s-o16g-gaming) - PCPartPicker
2025-05-27,115998.0,Asus TUF GAMING OC GeForce RTX 4080 SUPER 16 GB Video Card (tuf-rtx4080s-o16g-gaming) - PCPartPicker
2025-05-28,115998.0,Asus TUF GAMING OC GeForce RTX 4080 SUPER 16 GB Video Card (tuf-rtx4080s-o16g-gaming) - PCPartPicker
2025-05-29,115998.0,Asus TUF GAMING OC GeForce RTX 4080 SUPER 16 GB Video Card (tuf-rtx4080s-o16g-gaming) - PCPartPicker
2025-05-30,115998.0,Asus TUF GAMING OC GeForce RTX 4080 SUPER 16 GB Video Card (tuf-rtx4080s-o16g-gaming) - PCPartPicker
2025-05-31,115998.0,Asus TUF GAMING OC GeForce RTX 4080 SUPER 16 GB Video Card (tuf-rtx4080s-o16g-gaming) - PCPartPicker
2025-06-01,115998.0,Asus TUF GAMING OC GeForce RTX 4080 SUPER 16 GB Video Card (tuf-rtx4080s-o16g-gaming) - PCPartPicker
2025-06-02,115998.0,Asus TUF GAMING OC GeForce RTX 4080 SUPER 16 GB Video Card (tuf-rtx4080s-o16g-gaming) - PCPartPicker
2025-06-03,115998.0,Asus TUF GAMING OC GeForce RTX 4080 SUPER 16 GB Video Card (tuf-rtx4080s-o16g-gaming) - PCPartPicker
2025-06-04,115998.0,Asus TUF GAMING OC GeForce RTX 4080 SUPER 16 GB Video Card (tuf-rtx4080s-o16g-gaming) - PCPartPicker
2025-06-05,115998.0,Asus TUF GAMING OC GeForce RTX 4080 SUPER 16 GB Video Card (tuf-rtx4080s-o16g-gaming) - PCPartPicker
2025-06-06,115998.0,Asus TUF GAMING OC GeForce RTX 4080 SUPER 16 GB Video Card (tuf-rtx4080s-o16g-gaming) - PCPartPicker
2025-06-07,115998.0,Asus TUF GAMING OC GeForce RTX 4080 SUPER 16 GB Video Card (tuf-rtx4080s-o16g-gaming) - PCPartPicker
2025-06-08,115998.0,Asus TUF GAMING OC GeForce RTX 4080 SUPER 16 GB Video Card (tuf-rtx4080s-o16g-gaming) - PCPartPicker
2025-06-09,115998.0,Asus TUF GAMING OC GeForce RTX 4080 SUPER 16 GB Video Card (tuf-rtx4080s-o16g-gaming) - PCPartPicker
2025-06-10,115998.0,Asus TUF GAMING OC GeForce RTX 4080 SUPER 16 GB Video Card (tuf-rtx4080s-o16g-gaming) - PCPartPicker
2025-06-11,115998.0,Asus TUF GAMING OC GeForce RTX 4080 SUPER 16 GB Video Card (tuf-rtx4080s-o16g-gaming) - PCPartPicker
2025-06-12,115998.0,Asus TUF GAMING OC GeForce RTX 4080 SUPER 16 GB Video Card (tuf-rtx4080s-o16g-gaming) - PCPartPicker
2025-06-13,115998.0,Asus TUF GAMING OC GeForce RTX 4080 SUPER 16 GB Video Card (tuf-rtx4080s-o16g-gaming) - PCPartPicker
2025-06-14,115998.0,Asus TUF GAMING OC GeForce RTX 4080 SUPER 16 GB Video Card (tuf-rtx4080s-o16g-gaming) - PCPartPicker
2025-06-15,115998.0,Asus TUF GAMING OC GeForce RTX 4080 SUPER 16 GB Video Card (tuf-rtx4080s-o16g-gaming) - PCPartPicker
2025-06-16,115998.0,Asus TUF GAMING OC GeForce RTX 4080 SUPER 16 GB Video Card (tuf-rtx4080s-o16g-gaming) - PCPartPicker
2025-06-17,115998.0,Asus TUF GAMING OC GeForce RTX 4080 SUPER 16 GB Video Card (tuf-rtx4080s-o16g-gaming) - PCPartPicker
2025-06-18,115998.0,Asus TUF GAMING OC GeForce RTX 4080 SUPER 16 GB Video Card (tuf-rtx4080s-o16g-gaming) - PCPartPicker
2025-06-19,115998.0,Asus TUF GAMING OC GeForce RTX 4080 SUPER 16 GB Video Card (tuf-rtx4080s-o16g-gaming) - PCPartPicker
2025-06-20,115998.0,Asus TUF GAMING OC GeForce RTX 4080 SUPER 16 GB Video Card (tuf-rtx4080s-o16g-gaming) - PCPartPicker
2025-06-21,115998.0,Asus TUF GAMING OC GeForce RTX 4080 SUPER 16 GB Video Card (tuf-rtx4080s-o16g-gaming) - PCPartPicker
2025-06-22,115998.0,Asus TUF GAMING OC GeForce RTX 4080 SUPER 16 GB Video Card (tuf-rtx4080s-o16g-gaming) - PCPartPicker
2025-06-23,115998.0,Asus TUF GAMING OC GeForce RTX 4080 SUPER 16 GB Video Card (tuf-rtx4080s-o16g-gaming) - PCPartPicker
2025-06-24,115998.0,Asus TUF GAMING OC GeForce RTX 4080 SUPER 16 GB Video Card (tuf-rtx4080s-o16g-gaming) - PCPartPicker
2025-06-25,115998.0,Asus TUF GAMING OC GeForce RTX 4080 SUPER 16 GB Video Card (tuf-rtx4080s-o16g-gaming) - PCPartPicker
2025-06-26,115998.0,Asus TUF GAMING OC GeForce RTX 4080 SUPER 16 GB Video Card (tuf-rtx4080s-o16g-gaming) - PCPartPicker
2025-06-27,115998.0,Asus TUF GAMING OC GeForce RTX 4080 SUPER 16 GB Video Card (tuf-rtx4080s-o16g-gaming) - PCPartPicker
2025-06-28,115998.0,Asus TUF GAMING OC GeForce RTX 4080 SUPER 16 GB Video Card (tuf-rtx4080s-o16g-gaming) - PCPartPicker
2025-06-29,115998.0,Asus TUF GAMING OC GeForce RTX 4080 SUPER 16 GB Video Card (tuf-rtx4080s-o16g-gaming) - PCPartPicker
2025-06-30,115998.0,Asus TUF GAMING OC GeForce RTX 4080 SUPER 16 GB Video Card (tuf-rtx4080s-o16g-gaming) - PCPartPicker
2025-07-01,115998.0,Asus TUF GAMING OC GeForce RTX 4080 SUPER 16 GB Video Card (tuf-rtx4080s-o16g-gaming) - PCPartPicker
2025-07-02,115998.0,Asus TUF GAMING OC GeForce RTX 4080 SUPER 16 GB Video Card (tuf-rtx4080s-o16g-gaming) - PCPartPicker
2025-07-03,115998.0,Asus TUF GAMING OC GeForce RTX 4080 SUPER 16 GB Video Card (tuf-rtx4080s-o16g-gaming) - PCPartPicker
2025-07-04,115998.0,Asus TUF GAMING OC GeForce RTX 4080 SUPER 16 GB Video Card (tuf-rtx4080s-o16g-gaming) - PCPartPicker
2025-07-05,115998.0,Asus TUF GAMING OC GeForce RTX 4080 SUPER 16 GB Video Card (tuf-rtx4080s-o16g-gaming) - PCPartPicker
2025-07-06,115998.0,Asus TUF GAMING OC GeForce RTX 4080 SUPER 16 GB Video Card (tuf-rtx4080s-o16g-gaming) - PCPartPicker
2025-07-07,115998.0,Asus TUF GAMING OC GeForce RTX 4080 SUPER 16 GB Video Card (tuf-rtx4080s-o16g-gaming) - PCPartPicker
2025-07-08,115998.0,Asus TUF GAMING OC GeForce RTX 4080 SUPER 16 GB Video Card (tuf-rtx4080s-o16g-gaming) - PCPartPicker
2025-07-09,115998.0,Asus TUF GAMING OC GeForce RTX 4080 SUPER 16 GB Video Card (tuf-rtx4080s-o16g-gaming) - PCPartPicker
2025-07-10,115998.0,Asus TUF GAMING OC GeForce RTX 4080 SUPER 16 GB Video Card (tuf-rtx4080s-o16g-gaming) - PCPartPicker
2025-07-11,115998.0,Asus TUF GAMING OC GeForce RTX 4080 SUPER 16 GB Video Card (tuf-rtx4080s-o16g-gaming) - PCPartPicker
2025-07-12,115998.0,Asus TUF GAMING OC GeForce RTX 4080 SUPER 16 GB Video Card (tuf-rtx4080s-o16g-gaming) - PCPartPicker
2025-07-13,115998.0,Asus TUF GAMING OC GeForce RTX 4080 SUPER 16 GB Video Card (tuf-rtx4080s-o16g-gaming) - PCPartPicker
2025-07-14,115998.0,Asus TUF GAMING OC GeForce RTX 4080 SUPER 16 GB Video Card (tuf-rtx4080s-o16g-gaming) - PCPartPicker
2025-07-15,115998.0,Asus TUF GAMING OC GeForce RTX 4080 SUPER 16 GB Video Card (tuf-rtx4080s-o16g-gaming) - PCPartPicker
2025-07-16,115998.0,Asus TUF GAMING OC GeForce RTX 4080 SUPER 16 GB Video Card (tuf-rtx4080s-o16g-gaming) - PCPartPicker
2025-07-17,115998.0,Asus TUF GAMING OC GeForce RTX 4080 SUPER 16 GB Video Card (tuf-rtx4080s-o16g-gaming) - PCPartPicker
2025-07-18,115998.0,Asus TUF GAMING OC GeForce RTX 4080 SUPER 16 GB Video Card (tuf-rtx4080s-o16g-gaming) - PCPartPicker
2025-07-19,115998.0,Asus TUF GAMING OC GeForce RTX 4080 SUPER 16 GB Video Card (tuf-rtx4080s-o16g-gaming) - PCPartPicker
2025-07-20,115998.0,Asus TUF GAMING OC GeForce RTX 4080 SUPER 16 GB Video Card (tuf-rtx4080s-o16g-gaming) - PCPartPicker
2025-07-21,115998.0,Asus TUF GAMING OC GeForce RTX 4080 SUPER 16 GB Video Card (tuf-rtx4080s-o16g-gaming) - PCPartPicker
2025-07-22,115998.0,Asus TUF GAMING OC GeForce RTX 4080 SUPER 16 GB Video Card (tuf-rtx4080s-o16g-gaming) - PCPartPicker
2025-07-23,115998.0,Asus TUF GAMING OC GeForce RTX 4080 SUPER 16 GB Video Card (tuf-rtx4080s-o16g-gaming) - PCPartPicker
2025-07-24,115998.0,Asus TUF GAMING OC GeForce RTX 4080 SUPER 16 GB Video Card (tuf-rtx4080s-o16g-gaming) - PCPartPicker
2025-07-25,115998.0,Asus TUF GAMING OC GeForce RTX 4080 SUPER 16 GB Video Card (tuf-rtx4080s-o16g-gaming) - PCPartPicker
2025-07-26,115998.0,Asus TUF GAMING OC GeForce RTX 4080 SUPER 16 GB Video Card (tuf-rtx4080s-o16g-gaming) - PCPartPicker
2025-07-27,115998.0,Asus TUF GAMING OC GeForce RTX 4080 SUPER 16 GB Video Card (tuf-rtx4080s-o16g-gaming) - PCPartPicker
2025-07-28,115998.0,Asus TUF GAMING OC GeForce RTX 4080 SUPER 16 GB Video Card (tuf-rtx4080s-o16g-gaming) - PCPartPicker
2025-07-29,115998.0,Asus TUF GAMING OC GeForce RTX 4080 SUPER 16 GB Video Card (tuf-rtx4080s-o16g-gaming) - PCPartPicker
2025-07-30,115998.0,Asus TUF GAMING OC GeForce RTX 4080 SUPER 16 GB Video Card (tuf-rtx4080s-o16g-gaming) - PCPartPicker
2025-07-31,115998.0,Asus TUF GAMING OC GeForce RTX 4080 SUPER 16 GB Video Card (tuf-rtx4080s-o16g-gaming) - PCPartPicker
2025-08-01,115998.0,Asus TUF GAMING OC GeForce RTX 4080 SUPER 16 GB Video Card (tuf-rtx4080s-o16g-gaming) - PCPartPicker
2025-08-02,115998.0,Asus TUF GAMING OC GeForce RTX 4080 SUPER 16 GB Video Card (tuf-rtx4080s-o16g-gaming) - PCPartPicker
2025-08-03,115998.0,Asus TUF GAMING OC GeForce RTX 4080 SUPER 16 GB Video Card (tuf-rtx4080s-o16g-gaming) - PCPartPicker
2025-08-04,115998.0,Asus TUF GAMING OC GeForce RTX 4080 SUPER 16 GB Video Card (tuf-rtx4080s-o16g-gaming) - PCPartPicker
2025-08-05,115998.0,Asus TUF GAMING OC GeForce RTX 4080 SUPER 16 GB Video Card (tuf-rtx4080s-o16g-gaming) - PCPartPicker
2025-08-06,115998.0,Asus TUF GAMING OC GeForce RTX 4080 SUPER 16 GB Video Card (tuf-rtx4080s-o16g-gaming) - PCPartPicker
2025-08-07,115998.0,Asus TUF GAMING OC GeForce RTX 4080 SUPER 16 GB Video Card (tuf-rtx4080s-o16g-gaming) - PCPartPicker
2025-08-08,115998.0,Asus TUF GAMING OC GeForce RTX 4080 SUPER 16 GB Video Card (tuf-rtx4080s-o16g-gaming) - PCPartPicker
2025-08-09,115998.0,Asus TUF GAMING OC GeForce RTX 4080 SUPER 16 GB Video Card (tuf-rtx4080s-o16g-gaming) - PCPartPicker
2025-08-10,115998.0,Asus TUF GAMING OC GeForce RTX 4080 SUPER 16 GB Video Card (tuf-rtx4080s-o16g-gaming) - PCPartPicker
2025-08-11,115998.0,Asus TUF GAMING OC GeForce RTX 4080 SUPER 16 GB Video Card (tuf-rtx4080s-o16g-gaming) - PCPartPicker
2025-08-12,115998.0,Asus TUF GAMING OC GeForce RTX 4080 SUPER 16 GB Video Card (tuf-rtx4080s-o16g-gaming) - PCPartPicker
2025-08-13,115998.0,Asus TUF GAMING OC GeForce RTX 4080 SUPER 16 GB Video Card (tuf-rtx4080s-o16g-gaming) - PCPartPicker
2025-08-14,115998.0,Asus TUF GAMING OC GeForce RTX 4080 SUPER 16 GB Video Card (tuf-rtx4080s-o16g-gaming) - PCPartPicker
2025-08-15,115998.0,Asus TUF GAMING OC GeForce RTX 4080 SUPER 16 GB Video Card (tuf-rtx4080s-o16g-gaming) - PCPartPicker
2025-08-16,115998.0,Asus TUF GAMING OC GeForce RTX 4080 SUPER 16 GB Video Card (tuf-rtx4080s-o16g-gaming) - PCPartPicker
2025-08-17,115998.0,Asus TUF GAMING OC GeForce RTX 4080 SUPER 16 GB Video Card (tuf-rtx4080s-o16g-gaming) - PCPartPicker
2025-08-18,115998.0,Asus TUF GAMING OC GeForce RTX 4080 SUPER 16 GB Video Card (tuf-rtx4080s-o16g-gaming) - PCPartPicker
2025-08-19,115998.0,Asus TUF GAMING OC GeForce RTX 4080 SUPER 16 GB Video Card (tuf-rtx4080s-o16g-gaming) - PCPartPicker
2025-08-20,115998.0,Asus TUF GAMING OC GeForce RTX 4080 SUPER 16 GB Video Card (tuf-rtx4080s-o16g-gaming) - PCPartPicker
2025-08-21,115998.0,Asus TUF GAMING OC GeForce RTX 4080 SUPER 16 GB Video Card (tuf-rtx4080s-o16g-gaming) - PCPartPicker
2025-08-22,115998.0,Asus TUF GAMING OC GeForce RTX 4080 SUPER 16 GB Video Card (tuf-rtx4080s-o16g-gaming) - PCPartPicker
2025-08-23,115998.0,Asus TUF GAMING OC GeForce RTX 4080 SUPER 16 GB Video Card (tuf-rtx4080s-o16g-gaming) - PCPartPicker
2025-08-24,115998.0,Asus TUF GAMING OC GeForce RTX 4080 SUPER 16 GB Video Card (tuf-rtx4080s-o16g-gaming) - PCPartPicker
2025-08-25,115998.0,Asus TUF GAMING OC GeForce RTX 4080 SUPER 16 GB Video Card (tuf-rtx4080s-o16g-gaming) - PCPartPicker
2025-08-26,115998.0,Asus TUF GAMING OC GeForce RTX 4080 SUPER 16 GB Video Card (tuf-rtx4080s-o16g-gaming) - PCPartPicker
2025-08-27,115998.0,Asus TUF GAMING OC GeForce RTX 4080 SUPER 16 GB Video Card (tuf-rtx4080s-o16g-gaming) - PCPartPicker
2025-08-28,115998.0,Asus TUF GAMING OC GeForce RTX 4080 SUPER 16 GB Video Card (tuf-rtx4080s-o16g-gaming) - PCPartPicker
2025-08-29,115998.0,Asus TUF GAMING OC GeForce RTX 4080 SUPER 16 GB Video Card (tuf-rtx4080s-o16g-gaming) - PCPartPicker
2025-08-30,115998.0,Asus TUF GAMING OC GeForce RTX 4080 SUPER 16 GB Video Card (tuf-rtx4080s-o16g-gaming) - PCPartPicker
2025-08-31,115998.0,Asus TUF GAMING OC GeForce RTX 4080 SUPER 16 GB Video Card (tuf-rtx4080s-o16g-gaming) - PCPartPicker
2025-09-01,115998.0,Asus TUF GAMING OC GeForce RTX 4080 SUPER 16 GB Video Card (tuf-rtx4080s-o16g-gaming) - PCPartPicker
2025-09-02,115998.0,Asus TUF GAMING OC GeForce RTX 4080 SUPER 16 GB Video Card (tuf-rtx4080s-o16g-gaming) - PCPartPicker
2025-09-03,115998.0,Asus TUF GAMING OC GeForce RTX 4080 SUPER 16 GB Video Card (tuf-rtx4080s-o16g-gaming) - PCPartPicker
2025-09-04,115998.0,Asus TUF GAMING OC GeForce RTX 4080 SUPER 16 GB Video Card (tuf-rtx4080s-o16g-gaming) - PCPartPicker
2025-09-05,115998.0,Asus TUF GAMING OC GeForce RTX 4080 SUPER 16 GB Video Card (tuf-rtx4080s-o16g-gaming) - PCPartPicker
2025-09-06,115998.0,Asus TUF GAMING OC GeForce RTX 4080 SUPER 16 GB Video Card (tuf-rtx4080s-o16g-gaming) - PCPartPicker
2025-09-07,115998.0,Asus TUF GAMING OC GeForce RTX 4080 SUPER 16 GB Video Card (tuf-rtx4080s-o16g-gaming) - PCPartPicker
2025-09-08,115998.0,Asus TUF GAMING OC GeForce RTX 4080 SUPER 16 GB Video Card (tuf-rtx4080s-o16g-gaming) - PCPartPicker
2025-09-09,115998.0,Asus TUF GAMING OC GeForce RTX 4080 SUPER 16 GB Video Card (tuf-rtx4080s-o16g-gaming) - PCPartPicker
2025-09-10,115998.0,Asus TUF GAMING OC GeForce RTX 4080 SUPER 16 GB Video Card (tuf-rtx4080s-o16g-gaming) - PCPartPicker
2025-09-11,115998.0,Asus TUF GAMING OC GeForce RTX 4080 SUPER 16 GB Video Card (tuf-rtx4080s-o16g-gaming) - PCPartPicker
2025-09-12,115998.0,Asus TUF GAMING OC GeForce RTX 4080 SUPER 16 GB Video Card (tuf-rtx4080s-o16g-gaming) - PCPartPicker
2025-09-13,115998.0,Asus TUF GAMING OC GeForce RTX 4080 SUPER 16 GB Video Card (tuf-rtx4080s-o16g-gaming) - PCPartPicker
2025-09-14,115998.0,Asus TUF GAMING OC GeForce RTX 4080 SUPER 16 GB Video Card (tuf-rtx4080s-o16g-gaming) - PCPartPicker
2025-09-15,115998.0,Asus TUF GAMING OC GeForce RTX 4080 SUPER 16 GB Video Card (tuf-rtx4080s-o16g-gaming) - PCPartPicker
2025-09-16,115998.0,Asus TUF GAMING OC GeForce RTX 4080 SUPER 16 GB Video Card (tuf-rtx4080s-o16g-gaming) - PCPartPicker
2025-09-17,115998.0,Asus TUF GAMING OC GeForce RTX 4080 SUPER 16 GB Video Card (tuf-rtx4080s-o16g-gaming) - PCPartPicker
2025-09-18,115998.0,Asus TUF GAMING OC GeForce RTX 4080 SUPER 16 GB Video Card (tuf-rtx4080s-o16g-gaming) - PCPartPicker
2025-09-19,115998.0,Asus TUF GAMING OC GeForce RTX 4080 SUPER 16 GB Video Card (tuf-rtx4080s-o16g-gaming) - PCPartPicker
2025-09-20,115998.0,Asus TUF GAMING OC GeForce RTX 4080 SUPER 16 GB Video Card (tuf-rtx4080s-o16g-gaming) - PCPartPicker
2025-09-21,115998.0,Asus TUF GAMING OC GeForce RTX 4080 SUPER 16 GB Video Card (tuf-rtx4080s-o16g-gaming) - PCPartPicker
2025-09-22,115998.0,Asus TUF GAMING OC GeForce RTX 4080 SUPER 16 GB Video Card (tuf-rtx4080s-o16g-gaming) - PCPartPicker
2025-09-23,115998.0,Asus TUF GAMING OC GeForce RTX 4080 SUPER 16 GB Video Card (tuf-rtx4080s-o16g-gaming) - PCPartPicker
2025-09-24,115998.0,Asus TUF GAMING OC GeForce RTX 4080 SUPER 16 GB Video Card (tuf-rtx4080s-o16g-gaming) - PCPartPicker
2025-09-25,115998.0,Asus TUF GAMING OC GeForce RTX 4080 SUPER 16 GB Video Card (tuf-rtx4080s-o16g-gaming) - PCPartPicker
2025-09-26,115998.0,Asus TUF GAMING OC GeForce RTX 4080 SUPER 16 GB Video Card (tuf-rtx4080s-o16g-gaming) - PCPartPicker
2025-09-27,115998.0,Asus TUF GAMING OC GeForce RTX 4080 SUPER 16 GB Video Card (tuf-rtx4080s-o16g-gaming) - PCPartPicker
2025-09-28,115998.0,Asus TUF GAMING OC GeForce RTX 4080 SUPER 16 GB Video Card (tuf-rtx4080s-o16g-gaming) - PCPartPicker
2025-09-29,115998.0,Asus TUF GAMING OC GeForce RTX 4080 SUPER 16 GB Video Card (tuf-rtx4080s-o16g-gaming) - PCPartPicker
2025-09-30,119999.0,Asus TUF GAMING OC GeForce RTX 4080 SUPER 16 GB Video Card (tuf-rtx4080s-o16g-gaming) - PCPartPicker
2025-10-01,119999.0,Asus TUF GAMING OC GeForce RTX 4080 SUPER 16 GB Video Card (tuf-rtx4080s-o16g-gaming) - PCPartPicker
2025-10-02,119999.0,Asus TUF GAMING OC GeForce RTX 4080 SUPER 16 GB Video Card (tuf-rtx4080s-o16g-gaming) - PCPartPicker
2025-10-03,119999.0,Asus TUF GAMING OC GeForce RTX 4080 SUPER 16 GB Video Card (tuf-rtx4080s-o16g-gaming) - PCPartPicker
2025-10-04,119999.0,Asus TUF GAMING OC GeForce RTX 4080 SUPER 16 GB Video Card (tuf-rtx4080s-o16g-gaming) - PCPartPicker
2025-10-05,119999.0,Asus TUF GAMING OC GeForce RTX 4080 SUPER 16 GB Video Card (tuf-rtx4080s-o16g-gaming) - PCPartPicker
2025-10-06,119999.0,Asus TUF GAMING OC GeForce RTX 4080 SUPER 16 GB Video Card (tuf-rtx4080s-o16g-gaming) - PCPartPicker
2025-10-07,119999.0,Asus TUF GAMING OC GeForce RTX 4080 SUPER 16 GB Video Card (tuf-rtx4080s-o16g-gaming) - PCPartPicker
2025-10-08,119999.0,Asus TUF GAMING OC GeForce RTX 4080 SUPER 16 GB Video Card (tuf-rtx4080s-o16g-gaming) - PCPartPicker
2025-10-09,119999.0,Asus TUF GAMING OC GeForce RTX 4080 SUPER 16 GB Video Card (tuf-rtx4080s-o16g-gaming) - PCPartPicker
2025-10-10,119999.0,Asus TUF GAMING OC GeForce RTX 4080 SUPER 16 GB Video Card (tuf-rtx4080s-o16g-gaming) - PCPartPicker
2025-10-11,119999.0,Asus TUF GAMING OC GeForce RTX 4080 SUPER 16 GB Video Card (tuf-rtx4080s-o16g-gaming) - PCPartPicker
2025-10-12,119999.0,Asus TUF GAMING OC GeForce RTX 4080 SUPER 16 GB Video Card (tuf-rtx4080s-o16g-gaming) - PCPartPicker
2025-10-13,119999.0,Asus TUF GAMING OC GeForce RTX 4080 SUPER 16 GB Video Card (tuf-rtx4080s-o16g-gaming) - PCPartPicker
2025-10-14,119999.0,Asus TUF GAMING OC GeForce RTX 4080 SUPER 16 GB Video Card (tuf-rtx4080s-o16g-gaming) - PCPartPicker
2025-10-15,119999.0,Asus TUF GAMING OC GeForce RTX 4080 SUPER 16 GB Video Card (tuf-rtx4080s-o16g-gaming) - PCPartPicker
2025-10-16,119999.0,Asus TUF GAMING OC GeForce RTX 4080 SUPER 16 GB Video Card (tuf-rtx4080s-o16g-gaming) - PCPartPicker
2025-10-17,119999.0,Asus TUF GAMING OC GeForce RTX 4080 SUPER 16 GB Video Card (tuf-rtx4080s-o16g-gaming) - PCPartPicker
2025-10-18,119999.0,Asus TUF GAMING OC GeForce RTX 4080 SUPER 16 GB Video Card (tuf-rtx4080s-o16g-gaming) - PCPartPicker
2025-10-19,119999.0,Asus TUF GAMING OC GeForce RTX 4080 SUPER 16 GB Video Card (tuf-rtx4080s-o16g-gaming) - PCPartPicker
2025-10-20,119999.0,Asus TUF GAMING OC GeForce RTX 4080 SUPER 16 GB Video Card (tuf-rtx4080s-o16g-gaming) - PCPartPicker
2025-10-21,119999.0,Asus TUF GAMING OC GeForce RTX 4080 SUPER 16 GB Video Card (tuf-rtx4080s-o16g-gaming) - PCPartPicker
