2023-10-21,,Gigabyte GAMING OC GeForce RTX 5080 16 GB Video Card (GV-N5080GAMING OC-16GD) - PCPartPicker
2023-10-22,,Gigabyte GAMING OC GeForce RTX 5080 16 GB Video Card (GV-N5080GAMING OC-16GD) - PCPartPicker
2023-10-23,,Gigabyte GAMING OC GeForce RTX 5080 16 GB Video Card (GV-N5080GAMING OC-16GD) - PCPartPicker
2023-10-24,,Gigabyte GAMING OC GeForce RTX 5080 16 GB Video Card (GV-N5080GAMING OC-16GD) - PCPartPicker
2023-10-25,,Gigabyte GAMING OC GeForce RTX 5080 16 GB Video Card (GV-N5080GAMING OC-16GD) - PCPartPicker
2023-10-26,,Gigabyte GAMING OC GeForce RTX 5080 16 GB Video Card (GV-N5080GAMING OC-16GD) - PCPartPicker
2023-10-27,,Gigabyte GAMING OC GeForce RTX 5080 16 GB Video Card (GV-N5080GAMING OC-16GD) - PCPartPicker
2023-10-28,,Gigabyte GAMING OC GeForce RTX 5080 16 GB Video Card (GV-N5080GAMING OC-16GD) - PCPartPicker
2023-10-29,,Gigabyte GAMING OC GeForce RTX 5080 16 GB Video Card (GV-N5080GAMING OC-16GD) - PCPartPicker
2023-10-30,,Gigabyte GAMING OC GeForce RTX 5080 16 GB Video Card (GV-N5080GAMING OC-16GD) - PCPartPicker
2023-10-31,,Gigabyte GAMING OC GeForce RTX 5080 16 GB Video Card (GV-N5080GAMING OC-16GD) - PCPartPicker
2023-11-01,,Gigabyte GAMING OC GeForce RTX 5080 16 GB Video Card (GV-N5080GAMING OC-16GD) - PCPartPicker
2023-11-02,,Gigabyte GAMING OC GeForce RTX 5080 16 GB Video Card (GV-N5080GAMING OC-16GD) - PCPartPicker
2023-11-03,,Gigabyte GAMING OC GeForce RTX 5080 16 GB Video Card (GV-N5080GAMING OC-16GD) - PCPartPicker
2023-11-04,,Gigabyte GAMING OC GeForce RTX 5080 16 GB Video Card (GV-N5080GAMING OC-16GD) - PCPartPicker
2023-11-05,,Gigabyte GAMING OC GeForce RTX 5080 16 GB Video Card (GV-N5080GAMING OC-16GD) - PCPartPicker
2023-11-06,,Gigabyte GAMING OC GeForce RTX 5080 16 GB Video Card (GV-N5080GAMING OC-16GD) - PCPartPicker
2023-11-07,,Gigabyte GAMING OC GeForce RTX 5080 16 GB Video Card (GV-N5080GAMING OC-16GD) - PCPartPicker
2023-11-08,,Gigabyte GAMING OC GeForce RTX 5080 16 GB Video Card (GV-N5080GAMING OC-16GD) - PCPartPicker
2023-11-09,,Gigabyte GAMING OC GeForce RTX 5080 16 GB Video Card (GV-N5080GAMING OC-16GD) - PCPartPicker
2023-11-10,,Gigabyte GAMING OC GeForce RTX 5080 16 GB Video Card (GV-N5080GAMING OC-16GD) - PCPartPicker
2023-11-11,,Gigabyte GAMING OC GeForce RTX 5080 16 GB Video Card (GV-N5080GAMING OC-16GD) - PCPartPicker
2023-11-12,,Gigabyte GAMING OC GeForce RTX 5080 16 GB Video Card (GV-N5080GAMING OC-16GD) - PCPartPicker
2023-11-13,,Gigabyte GAMING OC GeForce RTX 5080 16 GB Video Card (GV-N5080GAMING OC-16GD) - PCPartPicker
2023-11-14,,Gigabyte GAMING OC GeForce RTX 5080 16 GB Video Card (GV-N5080GAMING OC-16GD) - PCPartPicker
2023-11-15,,Gigabyte GAMING OC GeForce RTX 5080 16 GB Video Card (GV-N5080GAMING OC-16GD) - PCPartPicker
2023-11-16,,Gigabyte GAMING OC GeForce RTX 5080 16 GB Video Card (GV-N5080GAMING OC-16GD) - PCPartPicker
2023-11-17,,Gigabyte GAMING OC GeForce RTX 5080 16 GB Video Card (GV-N5080GAMING OC-16GD) - PCPartPicker
2023-11-18,,Gigabyte GAMING OC GeForce RTX 5080 16 GB Video Card (GV-N5080GAMING OC-16GD) - PCPartPicker
2023-11-19,,Gigabyte GAMING OC GeForce RTX 5080 16 GB Video Card (GV-N5080GAMING OC-16GD) - PCPartPicker
2023-11-20,,Gigabyte GAMING OC GeForce RTX 5080 16 GB Video Card (GV-N5080GAMING OC-16GD) - PCPartPicker
2023-11-21,,Gigabyte GAMING OC GeForce RTX 5080 16 GB Video Card (GV-N5080GAMING OC-16GD) - PCPartPicker
2023-11-22,,Gigabyte GAMING OC GeForce RTX 5080 16 GB Video Card (GV-N5080GAMING OC-16GD) - PCPartPicker
2023-11-23,,Gigabyte GAMING OC GeForce RTX 5080 16 GB Video Card (GV-N5080GAMING OC-16GD) - PCPartPicker
2023-11-24,,Gigabyte GAMING OC GeForce RTX 5080 16 GB Video Card (GV-N5080GAMING OC-16GD) - PCPartPicker
2023-11-25,,Gigabyte GAMING OC GeForce RTX 5080 16 GB Video Card (GV-N5080GAMING OC-16GD) - PCPartPicker
2023-11-26,,Gigabyte GAMING OC GeForce RTX 5080 16 GB Video Card (GV-N5080GAMING OC-16GD) - PCPartPicker
2023-11-27,,Gigabyte GAMING OC GeForce RTX 5080 16 GB Video Card (GV-N5080GAMING OC-16GD) - PCPartPicker
2023-11-28,,Gigabyte GAMING OC GeForce RTX 5080 16 GB Video Card (GV-N5080GAMING OC-16GD) - PCPartPicker
2023-11-29,,Gigabyte GAMING OC GeForce RTX 5080 16 GB Video Card (GV-N5080GAMING OC-16GD) - PCPartPicker
2023-11-30,,Gigabyte GAMING OC GeForce RTX 5080 16 GB Video Card (GV-N5080GAMING OC-16GD) - PCPartPicker
2023-12-01,,Gigabyte GAMING OC GeForce RTX 5080 16 GB Video Card (GV-N5080GAMING OC-16GD) - PCPartPicker
2023-12-02,,Gigabyte GAMING OC GeForce RTX 5080 16 GB Video Card (GV-N5080GAMING OC-16GD) - PCPartPicker
2023-12-03,,Gigabyte GAMING OC GeForce RTX 5080 16 GB Video Card (GV-N5080GAMING OC-16GD) - PCPartPicker
2023-12-04,,Gigabyte GAMING OC GeForce RTX 5080 16 GB Video Card (GV-N5080GAMING OC-16GD) - PCPartPicker
2023-12-05,,Gigabyte GAMING OC GeForce RTX 5080 16 GB Video Card (GV-N5080GAMING OC-16GD) - PCPartPicker
2023-12-06,,Gigabyte GAMING OC GeForce RTX 5080 16 GB Video Card (GV-N5080GAMING OC-16GD) - PCPartPicker
2023-12-07,,Gigabyte GAMING OC GeForce RTX 5080 16 GB Video Card (GV-N5080GAMING OC-16GD) - PCPartPicker
2023-12-08,,Gigabyte GAMING OC GeForce RTX 5080 16 GB Video Card (GV-N5080GAMING OC-16GD) - PCPartPicker
2023-12-09,,Gigabyte GAMING OC GeForce RTX 5080 16 GB Video Card (GV-N5080GAMING OC-16GD) - PCPartPicker
2023-12-10,,Gigabyte GAMING OC GeForce RTX 5080 16 GB Video Card (GV-N5080GAMING OC-16GD) - PCPartPicker
2023-12-11,,Gigabyte GAMING OC GeForce RTX 5080 16 GB Video Card (GV-N5080GAMING OC-16GD) - PCPartPicker
2023-12-12,,Gigabyte GAMING OC GeForce RTX 5080 16 GB Video Card (GV-N5080GAMING OC-16GD) - PCPartPicker
2023-12-13,,Gigabyte GAMING OC GeForce RTX 5080 16 GB Video Card (GV-N5080GAMING OC-16GD) - PCPartPicker
2023-12-14,,Gigabyte GAMING OC GeForce RTX 5080 16 GB Video Card (GV-N5080GAMING OC-16GD) - PCPartPicker
2023-12-15,,Gigabyte GAMING OC GeForce RTX 5080 16 GB Video Card (GV-N5080GAMING OC-16GD) - PCPartPicker
2023-12-16,,Gigabyte GAMING OC GeForce RTX 5080 16 GB Video Card (GV-N5080GAMING OC-16GD) - PCPartPicker
2023-12-17,,Gigabyte GAMING OC GeForce RTX 5080 16 GB Video Card (GV-N5080GAMING OC-16GD) - PCPartPicker
2023-12-18,,Gigabyte GAMING OC GeForce RTX 5080 16 GB Video Card (GV-N5080GAMING OC-16GD) - PCPartPicker
2023-12-19,,Gigabyte GAMING OC GeForce RTX 5080 16 GB Video Card (GV-N5080GAMING OC-16GD) - PCPartPicker
2023-12-20,,Gigabyte GAMING OC GeForce RTX 5080 16 GB Video Card (GV-N5080GAMING OC-16GD) - PCPartPicker
2023-12-21,,Gigabyte GAMING OC GeForce RTX 5080 16 GB Video Card (GV-N5080GAMING OC-16GD) - PCPartPicker
2023-12-22,,Gigabyte GAMING OC GeForce RTX 5080 16 GB Video Card (GV-N5080GAMING OC-16GD) - PCPartPicker
2023-12-23,,Gigabyte GAMING OC GeForce RTX 5080 16 GB Video Card (GV-N5080GAMING OC-16GD) - PCPartPicker
2023-12-24,,Gigabyte GAMING OC GeForce RTX 5080 16 GB Video Card (GV-N5080GAMING OC-16GD) - PCPartPicker
2023-12-25,,Gigabyte GAMING OC GeForce RTX 5080 16 GB Video Card (GV-N5080GAMING OC-16GD) - PCPartPicker
2023-12-26,,Gigabyte GAMING OC GeForce RTX 5080 16 GB Video Card (GV-N5080GAMING OC-16GD) - PCPartPicker
2023-12-27,,Gigabyte GAMING OC GeForce RTX 5080 16 GB Video Card (GV-N5080GAMING OC-16GD) - PCPartPicker
2023-12-28,,Gigabyte GAMING OC GeForce RTX 5080 16 GB Video Card (GV-N5080GAMING OC-16GD) - PCPartPicker
2023-12-29,,Gigabyte GAMING OC GeForce RTX 5080 16 GB Video Card (GV-N5080GAMING OC-16GD) - PCPartPicker
2023-12-30,,Gigabyte GAMING OC GeForce RTX 5080 16 GB Video Card (GV-N5080GAMING OC-16GD) - PCPartPicker
2023-12-31,,Gigabyte GAMING OC GeForce RTX 5080 16 GB Video Card (GV-N5080GAMING OC-16GD) - PCPartPicker
2024-01-01,,Gigabyte GAMING OC GeForce RTX 5080 16 GB Video Card (GV-N5080GAMING OC-16GD) - PCPartPicker
2024-01-02,,Gigabyte GAMING OC GeForce RTX 5080 16 GB Video Card (GV-N5080GAMING OC-16GD) - PCPartPicker
2024-01-03,,Gigabyte GAMING OC GeForce RTX 5080 16 GB Video Card (GV-N5080GAMING OC-16GD) - PCPartPicker
2024-01-04,,Gigabyte GAMING OC GeForce RTX 5080 16 GB Video Card (GV-N5080GAMING OC-16GD) - PCPartPicker
2024-01-05,,Gigabyte GAMING OC GeForce RTX 5080 16 GB Video Card (GV-N5080GAMING OC-16GD) - PCPartPicker
2024-01-06,,Gigabyte GAMING OC GeForce RTX 5080 16 GB Video Card (GV-N5080GAMING OC-16GD) - PCPartPicker
2024-01-07,,Gigabyte GAMING OC GeForce RTX 5080 16 GB Video Card (GV-N5080GAMING OC-16GD) - PCPartPicker
2024-01-08,,Gigabyte GAMING OC GeForce RTX 5080 16 GB Video Card (GV-N5080GAMING OC-16GD) - PCPartPicker
2024-01-09,,Gigabyte GAMING OC GeForce RTX 5080 16 GB Video Card (GV-N5080GAMING OC-16GD) - PCPartPicker
2024-01-10,,Gigabyte GAMING OC GeForce RTX 5080 16 GB Video Card (GV-N5080GAMING OC-16GD) - PCPartPicker
2024-01-11,,Gigabyte GAMING OC GeForce RTX 5080 16 GB Video Card (GV-N5080GAMING OC-16GD) - PCPartPicker
2024-01-12,,Gigabyte GAMING OC GeForce RTX 5080 16 GB Video Card (GV-N5080GAMING OC-16GD) - PCPartPicker
2024-01-13,,Gigabyte GAMING OC GeForce RTX 5080 16 GB Video Card (GV-N5080GAMING OC-16GD) - PCPartPicker
2024-01-14,,Gigabyte GAMING OC GeForce RTX 5080 16 GB Video Card (GV-N5080GAMING OC-16GD) - PCPartPicker
2024-01-15,,Gigabyte GAMING OC GeForce RTX 5080 16 GB Video Card (GV-N5080GAMING OC-16GD) - PCPartPicker
2024-01-16,,Gigabyte GAMING OC GeForce RTX 5080 16 GB Video Card (GV-N5080GAMING OC-16GD) - PCPartPicker
2024-01-17,,Gigabyte GAMING OC GeForce RTX 5080 16 GB Video Card (GV-N5080GAMING OC-16GD) - PCPartPicker
2024-01-18,,Gigabyte GAMING OC GeForce RTX 5080 16 GB Video Card (GV-N5080GAMING OC-16GD) - PCPartPicker
2024-01-19,,Gigabyte GAMING OC GeForce RTX 5080 16 GB Video Card (GV-N5080GAMING OC-16GD) - PCPartPicker
2024-01-20,,Gigabyte GAMING OC GeForce RTX 5080 16 GB Video Card (GV-N5080GAMING OC-16GD) - PCPartPicker
2024-01-21,,Gigabyte GAMING OC GeForce RTX 5080 16 GB Video Card (GV-N5080GAMING OC-16GD) - PCPartPicker
2024-01-22,,Gigabyte GAMING OC GeForce RTX 5080 16 GB Video Card (GV-N5080GAMING OC-16GD) - PCPartPicker
2024-01-23,,Gigabyte GAMING OC GeForce RTX 5080 16 GB Video Card (GV-N5080GAMING OC-16GD) - PCPartPicker
2024-01-24,,Gigabyte GAMING OC GeForce RTX 5080 16 GB Video Card (GV-N5080GAMING OC-16GD) - PCPartPicker
2024-01-25,,Gigabyte GAMING OC GeForce RTX 5080 16 GB Video Card (GV-N5080GAMING OC-16GD) - PCPartPicker
2024-01-26,,Gigabyte GAMING OC GeForce RTX 5080 16 GB Video Card (GV-N5080GAMING OC-16GD) - PCPartPicker
2024-01-27,,Gigabyte GAMING OC GeForce RTX 5080 16 GB Video Card (GV-N5080GAMING OC-16GD) - PCPartPicker
2024-01-28,,Gigabyte GAMING OC GeForce RTX 5080 16 GB Video Card (GV-N5080GAMING OC-16GD) - PCPartPicker
2024-01-29,,Gigabyte GAMING OC GeForce RTX 5080 16 GB Video Card (GV-N5080GAMING OC-16GD) - PCPartPicker
2024-01-30,,Gigabyte GAMING OC GeForce RTX 5080 16 GB Video Card (GV-N5080GAMING OC-16GD) - PCPartPicker
2024-01-31,,Gigabyte GAMING OC GeForce RTX 5080 16 GB Video Card (GV-N5080GAMING OC-16GD) - PCPartPicker
2024-02-01,,Gigabyte GAMING OC GeForce RTX 5080 16 GB Video Card (GV-N5080GAMING OC-16GD) - PCPartPicker
2024-02-02,,Gigabyte GAMING OC GeForce RTX 5080 16 GB Video Card (GV-N5080GAMING OC-16GD) - PCPartPicker
2024-02-03,,Gigabyte GAMING OC GeForce RTX 5080 16 GB Video Card (GV-N5080GAMING OC-16GD) - PCPartPicker
2024-02-04,,Gigabyte GAMING OC GeForce RTX 5080 16 GB Video Card (GV-N5080GAMING OC-16GD) - PCPartPicker
2024-02-05,,Gigabyte GAMING OC GeForce RTX 5080 16 GB Video Card (GV-N5080GAMING OC-16GD) - PCPartPicker
2024-02-06,,Gigabyte GAMING OC GeForce RTX 5080 16 GB Video Card (GV-N5080GAMING OC-16GD) - PCPartPicker
2024-02-07,,Gigabyte GAMING OC GeForce RTX 5080 16 GB Video Card (GV-N5080GAMING OC-16GD) - PCPartPicker
2024-02-08,,Gigabyte GAMING OC GeForce RTX 5080 16 GB Video Card (GV-N5080GAMING OC-16GD) - PCPartPicker
2024-02-09,,Gigabyte GAMING OC GeForce RTX 5080 16 GB Video Card (GV-N5080GAMING OC-16GD) - PCPartPicker
2024-02-10,,Gigabyte GAMING OC GeForce RTX 5080 16 GB Video Card (GV-N5080GAMING OC-16GD) - PCPartPicker
2024-02-11,,Gigabyte GAMING OC GeForce RTX 5080 16 GB Video Card (GV-N5080GAMING OC-16GD) - PCPartPicker
2024-02-12,,Gigabyte GAMING OC GeForce RTX 5080 16 GB Video Card (GV-N5080GAMING OC-16GD) - PCPartPicker
2024-02-13,,Gigabyte GAMING OC GeForce RTX 5080 16 GB Video Card (GV-N5080GAMING OC-16GD) - PCPartPicker
2024-02-14,,Gigabyte GAMING OC GeForce RTX 5080 16 GB Video Card (GV-N5080GAMING OC-16GD) - PCPartPicker
2024-02-15,,Gigabyte GAMING OC GeForce RTX 5080 16 GB Video Card (GV-N5080GAMING OC-16GD) - PCPartPicker
2024-02-16,,Gigabyte GAMING OC GeForce RTX 5080 16 GB Video Card (GV-N5080GAMING OC-16GD) - PCPartPicker
2024-02-17,,Gigabyte GAMING OC GeForce RTX 5080 16 GB Video Card (GV-N5080GAMING OC-16GD) - PCPartPicker
2024-02-18,,Gigabyte GAMING OC GeForce RTX 5080 16 GB Video Card (GV-N5080GAMING OC-16GD) - PCPartPicker
2024-02-19,,Gigabyte GAMING OC GeForce RTX 5080 16 GB Video Card (GV-N5080GAMING OC-16GD) - PCPartPicker
2024-02-20,,Gigabyte GAMING OC GeForce RTX 5080 16 GB Video Card (GV-N5080GAMING OC-16GD) - PCPartPicker
2024-02-21,,Gigabyte GAMING OC GeForce RTX 5080 16 GB Video Card (GV-N5080GAMING OC-16GD) - PCPartPicker
2024-02-22,,Gigabyte GAMING OC GeForce RTX 5080 16 GB Video Card (GV-N5080GAMING OC-16GD) - PCPartPicker
2024-02-23,,Gigabyte GAMING OC GeForce RTX 5080 16 GB Video Card (GV-N5080GAMING OC-16GD) - PCPartPicker
2024-02-24,,Gigabyte GAMING OC GeForce RTX 5080 16 GB Video Card (GV-N5080GAMING OC-16GD) - PCPartPicker
2024-02-25,,Gigabyte GAMING OC GeForce RTX 5080 16 GB Video Card (GV-N5080GAMING OC-16GD) - PCPartPicker
2024-02-26,,Gigabyte GAMING OC GeForce RTX 5080 16 GB Video Card (GV-N5080GAMING OC-16GD) - PCPartPicker
2024-02-27,,Gigabyte GAMING OC GeForce RTX 5080 16 GB Video Card (GV-N5080GAMING OC-16GD) - PCPartPicker
2024-02-28,,Gigabyte GAMING OC GeForce RTX 5080 16 GB Video Card (GV-N5080GAMING OC-16GD) - PCPartPicker
2024-02-29,,Gigabyte GAMING OC GeForce RTX 5080 16 GB Video Card (GV-N5080GAMING OC-16GD) - PCPartPicker
2024-03-01,,Gigabyte GAMING OC GeForce RTX 5080 16 GB Video Card (GV-N5080GAMING OC-16GD) - PCPartPicker
2024-03-02,,Gigabyte GAMING OC GeForce RTX 5080 16 GB Video Card (GV-N5080GAMING OC-16GD) - PCPartPicker
2024-03-03,,Gigabyte GAMING OC GeForce RTX 5080 16 GB Video Card (GV-N5080GAMING OC-16GD) - PCPartPicker
2024-03-04,,Gigabyte GAMING OC GeForce RTX 5080 16 GB Video Card (GV-N5080GAMING OC-16GD) - PCPartPicker
2024-03-05,,Gigabyte GAMING OC GeForce RTX 5080 16 GB Video Card (GV-N5080GAMING OC-16GD) - PCPartPicker
2024-03-06,,Gigabyte GAMING OC GeForce RTX 5080 16 GB Video Card (GV-N5080GAMING OC-16GD) - PCPartPicker
2024-03-07,,Gigabyte GAMING OC GeForce RTX 5080 16 GB Video Card (GV-N5080GAMING OC-16GD) - PCPartPicker
2024-03-08,,Gigabyte GAMING OC GeForce RTX 5080 16 GB Video Card (GV-N5080GAMING OC-16GD) - PCPartPicker
2024-03-09,,Gigabyte GAMING OC GeForce RTX 5080 16 GB Video Card (GV-N5080GAMING OC-16GD) - PCPartPicker
2024-03-10,,Gigabyte GAMING OC GeForce RTX 5080 16 GB Video Card (GV-N5080GAMING OC-16GD) - PCPartPicker
2024-03-11,,Gigabyte GAMING OC GeForce RTX 5080 16 GB Video Card (GV-N5080GAMING OC-16GD) - PCPartPicker
2024-03-12,,Gigabyte GAMING OC GeForce RTX 5080 16 GB Video Card (GV-N5080GAMING OC-16GD) - PCPartPicker
2024-03-13,,Gigabyte GAMING OC GeForce RTX 5080 16 GB Video Card (GV-N5080GAMING OC-16GD) - PCPartPicker
2024-03-14,,Gigabyte GAMING OC GeForce RTX 5080 16 GB Video Card (GV-N5080GAMING OC-16GD) - PCPartPicker
2024-03-15,,Gigabyte GAMING OC GeForce RTX 5080 16 GB Video Card (GV-N5080GAMING OC-16GD) - PCPartPicker
2024-03-16,,Gigabyte GAMING OC GeForce RTX 5080 16 GB Video Card (GV-N5080GAMING OC-16GD) - PCPartPicker
2024-03-17,,Gigabyte GAMING OC GeForce RTX 5080 16 GB Video Card (GV-N5080GAMING OC-16GD) - PCPartPicker
2024-03-18,,Gigabyte GAMING OC GeForce RTX 5080 16 GB Video Card (GV-N5080GAMING OC-16GD) - PCPartPicker
2024-03-19,,Gigabyte GAMING OC GeForce RTX 5080 16 GB Video Card (GV-N5080GAMING OC-16GD) - PCPartPicker
2024-03-20,,Gigabyte GAMING OC GeForce RTX 5080 16 GB Video Card (GV-N5080GAMING OC-16GD) - PCPartPicker
2024-03-21,,Gigabyte GAMING OC GeForce RTX 5080 16 GB Video Card (GV-N5080GAMING OC-16GD) - PCPartPicker
2024-03-22,,Gigabyte GAMING OC GeForce RTX 5080 16 GB Video Card (GV-N5080GAMING OC-16GD) - PCPartPicker
2024-03-23,,Gigabyte GAMING OC GeForce RTX 5080 16 GB Video Card (GV-N5080GAMING OC-16GD) - PCPartPicker
2024-03-24,,Gigabyte GAMING OC GeForce RTX 5080 16 GB Video Card (GV-N5080GAMING OC-16GD) - PCPartPicker
2024-03-25,,Gigabyte GAMING OC GeForce RTX 5080 16 GB Video Card (GV-N5080GAMING OC-16GD) - PCPartPicker
2024-03-26,,Gigabyte GAMING OC GeForce RTX 5080 16 GB Video Card (GV-N5080GAMING OC-16GD) - PCPartPicker
2024-03-27,,Gigabyte GAMING OC GeForce RTX 5080 16 GB Video Card (GV-N5080GAMING OC-16GD) - PCPartPicker
2024-03-28,,Gigabyte GAMING OC GeForce RTX 5080 16 GB Video Card (GV-N5080GAMING OC-16GD) - PCPartPicker
2024-03-29,,Gigabyte GAMING OC GeForce RTX 5080 16 GB Video Card (GV-N5080GAMING OC-16GD) - PCPartPicker
2024-03-30,,Gigabyte GAMING OC GeForce RTX 5080 16 GB Video Card (GV-N5080GAMING OC-16GD) - PCPartPicker
2024-03-31,,Gigabyte GAMING OC GeForce RTX 5080 16 GB Video Card (GV-N5080GAMING OC-16GD) - PCPartPicker
2024-04-01,,Gigabyte GAMING OC GeForce RTX 5080 16 GB Video Card (GV-N5080GAMING OC-16GD) - PCPartPicker
2024-04-02,,Gigabyte GAMING OC GeForce RTX 5080 16 GB Video Card (GV-N5080GAMING OC-16GD) - PCPartPicker
2024-04-03,,Gigabyte GAMING OC GeForce RTX 5080 16 GB Video Card (GV-N5080GAMING OC-16GD) - PCPartPicker
2024-04-04,,Gigabyte GAMING OC GeForce RTX 5080 16 GB Video Card (GV-N5080GAMING OC-16GD) - PCPartPicker
2024-04-05,,Gigabyte GAMING OC GeForce RTX 5080 16 GB Video Card (GV-N5080GAMING OC-16GD) - PCPartPicker
2024-04-06,,Gigabyte GAMING OC GeForce RTX 5080 16 GB Video Card (GV-N5080GAMING OC-16GD) - PCPartPicker
2024-04-07,,Gigabyte GAMING OC GeForce RTX 5080 16 GB Video Card (GV-N5080GAMING OC-16GD) - PCPartPicker
2024-04-08,,Gigabyte GAMING OC GeForce RTX 5080 16 GB Video Card (GV-N5080GAMING OC-16GD) - PCPartPicker
2024-04-09,,Gigabyte GAMING OC GeForce RTX 5080 16 GB Video Card (GV-N5080GAMING OC-16GD) - PCPartPicker
2024-04-10,,Gigabyte GAMING OC GeForce RTX 5080 16 GB Video Card (GV-N5080GAMING OC-16GD) - PCPartPicker
2024-04-11,,Gigabyte GAMING OC GeForce RTX 5080 16 GB Video Card (GV-N5080GAMING OC-16GD) - PCPartPicker
2024-04-12,,Gigabyte GAMING OC GeForce RTX 5080 16 GB Video Card (GV-N5080GAMING OC-16GD) - PCPartPicker
2024-04-13,,Gigabyte GAMING OC GeForce RTX 5080 16 GB Video Card (GV-N5080GAMING OC-16GD) - PCPartPicker
2024-04-14,,Gigabyte GAMING OC GeForce RTX 5080 16 GB Video Card (GV-N5080GAMING OC-16GD) - PCPartPicker
2024-04-15,,Gigabyte GAMING OC GeForce RTX 5080 16 GB Video Card (GV-N5080GAMING OC-16GD) - PCPartPicker
2024-04-16,,Gigabyte GAMING OC GeForce RTX 5080 16 GB Video Card (GV-N5080GAMING OC-16GD) - PCPartPicker
2024-04-17,,Gigabyte GAMING OC GeForce RTX 5080 16 GB Video Card (GV-N5080GAMING OC-16GD) - PCPartPicker
2024-04-18,,Gigabyte GAMING OC GeForce RTX 5080 16 GB Video Card (GV-N5080GAMING OC-16GD) - PCPartPicker
2024-04-19,,Gigabyte GAMING OC GeForce RTX 5080 16 GB Video Card (GV-N5080GAMING OC-16GD) - PCPartPicker
2024-04-20,,Gigabyte GAMING OC GeForce RTX 5080 16 GB Video Card (GV-N5080GAMING OC-16GD) - PCPartPicker
2024-04-21,,Gigabyte GAMING OC GeForce RTX 5080 16 GB Video Card (GV-N5080GAMING OC-16GD) - PCPartPicker
2024-04-22,,Gigabyte GAMING OC GeForce RTX 5080 16 GB Video Card (GV-N5080GAMING OC-16GD) - PCPartPicker
2024-04-23,,Gigabyte GAMING OC GeForce RTX 5080 16 GB Video Card (GV-N5080GAMING OC-16GD) - PCPartPicker
2024-04-24,,Gigabyte GAMING OC GeForce RTX 5080 16 GB Video Card (GV-N5080GAMING OC-16GD) - PCPartPicker
2024-04-25,,Gigabyte GAMING OC GeForce RTX 5080 16 GB Video Card (GV-N5080GAMING OC-16GD) - PCPartPicker
2024-04-26,,Gigabyte GAMING OC GeForce RTX 5080 16 GB Video Card (GV-N5080GAMING OC-16GD) - PCPartPicker
2024-04-27,,Gigabyte GAMING OC GeForce RTX 5080 16 GB Video Card (GV-N5080GAMING OC-16GD) - PCPartPicker
2024-04-28,,Gigabyte GAMING OC GeForce RTX 5080 16 GB Video Card (GV-N5080GAMING OC-16GD) - PCPartPicker
2024-04-29,,Gigabyte GAMING OC GeForce RTX 5080 16 GB Video Card (GV-N5080GAMING OC-16GD) - PCPartPicker
2024-04-30,,Gigabyte GAMING OC GeForce RTX 5080 16 GB Video Card (GV-N5080GAMING OC-16GD) - PCPartPicker
2024-05-01,,Gigabyte GAMING OC GeForce RTX 5080 16 GB Video Card (GV-N5080GAMING OC-16GD) - PCPartPicker
2024-05-02,,Gigabyte GAMING OC GeForce RTX 5080 16 GB Video Card (GV-N5080GAMING OC-16GD) - PCPartPicker
2024-05-03,,Gigabyte GAMING OC GeForce RTX 5080 16 GB Video Card (GV-N5080GAMING OC-16GD) - PCPartPicker
2024-05-04,,Gigabyte GAMING OC GeForce RTX 5080 16 GB Video Card (GV-N5080GAMING OC-16GD) - PCPartPicker
2024-05-05,,Gigabyte GAMING OC GeForce RTX 5080 16 GB Video Card (GV-N5080GAMING OC-16GD) - PCPartPicker
2024-05-06,,Gigabyte GAMING OC GeForce RTX 5080 16 GB Video Card (GV-N5080GAMING OC-16GD) - PCPartPicker
2024-05-07,,Gigabyte GAMING OC GeForce RTX 5080 16 GB Video Card (GV-N5080GAMING OC-16GD) - PCPartPicker
2024-05-08,,Gigabyte GAMING OC GeForce RTX 5080 16 GB Video Card (GV-N5080GAMING OC-16GD) - PCPartPicker
2024-05-09,,Gigabyte GAMING OC GeForce RTX 5080 16 GB Video Card (GV-N5080GAMING OC-16GD) - PCPartPicker
2024-05-10,,Gigabyte GAMING OC GeForce RTX 5080 16 GB Video Card (GV-N5080GAMING OC-16GD) - PCPartPicker
2024-05-11,,Gigabyte GAMING OC GeForce RTX 5080 16 GB Video Card (GV-N5080GAMING OC-16GD) - PCPartPicker
2024-05-12,,Gigabyte GAMING OC GeForce RTX 5080 16 GB Video Card (GV-N5080GAMING OC-16GD) - PCPartPicker
2024-05-13,,Gigabyte GAMING OC GeForce RTX 5080 16 GB Video Card (GV-N5080GAMING OC-16GD) - PCPartPicker
2024-05-14,,Gigabyte GAMING OC GeForce RTX 5080 16 GB Video Card (GV-N5080GAMING OC-16GD) - PCPartPicker
2024-05-15,,Gigabyte GAMING OC GeForce RTX 5080 16 GB Video Card (GV-N5080GAMING OC-16GD) - PCPartPicker
2024-05-16,,Gigabyte GAMING OC GeForce RTX 5080 16 GB Video Card (GV-N5080GAMING OC-16GD) - PCPartPicker
2024-05-17,,Gigabyte GAMING OC GeForce RTX 5080 16 GB Video Card (GV-N5080GAMING OC-16GD) - PCPartPicker
2024-05-18,,Gigabyte GAMING OC GeForce RTX 5080 16 GB Video Card (GV-N5080GAMING OC-16GD) - PCPartPicker
2024-05-19,,Gigabyte GAMING OC GeForce RTX 5080 16 GB Video Card (GV-N5080GAMING OC-16GD) - PCPartPicker
2024-05-20,,Gigabyte GAMING OC GeForce RTX 5080 16 GB Video Card (GV-N5080GAMING OC-16GD) - PCPartPicker
2024-05-21,,Gigabyte GAMING OC GeForce RTX 5080 16 GB Video Card (GV-N5080GAMING OC-16GD) - PCPartPicker
2024-05-22,,Gigabyte GAMING OC GeForce RTX 5080 16 GB Video Card (GV-N5080GAMING OC-16GD) - PCPartPicker
2024-05-23,,Gigabyte GAMING OC GeForce RTX 5080 16 GB Video Card (GV-N5080GAMING OC-16GD) - PCPartPicker
2024-05-24,,Gigabyte GAMING OC GeForce RTX 5080 16 GB Video Card (GV-N5080GAMING OC-16GD) - PCPartPicker
2024-05-25,,Gigabyte GAMING OC GeForce RTX 5080 16 GB Video Card (GV-N5080GAMING OC-16GD) - PCPartPicker
2024-05-26,,Gigabyte GAMING OC GeForce RTX 5080 16 GB Video Card (GV-N5080GAMING OC-16GD) - PCPartPicker
2024-05-27,,Gigabyte GAMING OC GeForce RTX 5080 16 GB Video Card (GV-N5080GAMING OC-16GD) - PCPartPicker
2024-05-28,,Gigabyte GAMING OC GeForce RTX 5080 16 GB Video Card (GV-N5080GAMING OC-16GD) - PCPartPicker
2024-05-29,,Gigabyte GAMING OC GeForce RTX 5080 16 GB Video Card (GV-N5080GAMING OC-16GD) - PCPartPicker
2024-05-30,,Gigabyte GAMING OC GeForce RTX 5080 16 GB Video Card (GV-N5080GAMING OC-16GD) - PCPartPicker
2024-05-31,,Gigabyte GAMING OC GeForce RTX 5080 16 GB Video Card (GV-N5080GAMING OC-16GD) - PCPartPicker
2024-06-01,,Gigabyte GAMING OC GeForce RTX 5080 16 GB Video Card (GV-N5080GAMING OC-16GD) - PCPartPicker
2024-06-02,,Gigabyte GAMING OC GeForce RTX 5080 16 GB Video Card (GV-N5080GAMING OC-16GD) - PCPartPicker
2024-06-03,,Gigabyte GAMING OC GeForce RTX 5080 16 GB Video Card (GV-N5080GAMING OC-16GD) - PCPartPicker
2024-06-04,,Gigabyte GAMING OC GeForce RTX 5080 16 GB Video Card (GV-N5080GAMING OC-16GD) - PCPartPicker
2024-06-05,,Gigabyte GAMING OC GeForce RTX 5080 16 GB Video Card (GV-N5080GAMING OC-16GD) - PCPartPicker
2024-06-06,,Gigabyte GAMING OC GeForce RTX 5080 16 GB Video Card (GV-N5080GAMING OC-16GD) - PCPartPicker
2024-06-07,,Gigabyte GAMING OC GeForce RTX 5080 16 GB Video Card (GV-N5080GAMING OC-16GD) - PCPartPicker
2024-06-08,,Gigabyte GAMING OC GeForce RTX 5080 16 GB Video Card (GV-N5080GAMING OC-16GD) - PCPartPicker
2024-06-09,,Gigabyte GAMING OC GeForce RTX 5080 16 GB Video Card (GV-N5080GAMING OC-16GD) - PCPartPicker
2024-06-10,,Gigabyte GAMING OC GeForce RTX 5080 16 GB Video Card (GV-N5080GAMING OC-16GD) - PCPartPicker
2024-06-11,,Gigabyte GAMING OC GeForce RTX 5080 16 GB Video Card (GV-N5080GAMING OC-16GD) - PCPartPicker
2024-06-12,,Gigabyte GAMING OC GeForce RTX 5080 16 GB Video Card (GV-N5080GAMING OC-16GD) - PCPartPicker
2024-06-13,,Gigabyte GAMING OC GeForce RTX 5080 16 GB Video Card (GV-N5080GAMING OC-16GD) - PCPartPicker
2024-06-14,,Gigabyte GAMING OC GeForce RTX 5080 16 GB Video Card (GV-N5080GAMING OC-16GD) - PCPartPicker
2024-06-15,,Gigabyte GAMING OC GeForce RTX 5080 16 GB Video Card (GV-N5080GAMING OC-16GD) - PCPartPicker
2024-06-16,,Gigabyte GAMING OC GeForce RTX 5080 16 GB Video Card (GV-N5080GAMING OC-16GD) - PCPartPicker
2024-06-17,,Gigabyte GAMING OC GeForce RTX 5080 16 GB Video Card (GV-N5080GAMING OC-16GD) - PCPartPicker
2024-06-18,,Gigabyte GAMING OC GeForce RTX 5080 16 GB Video Card (GV-N5080GAMING OC-16GD) - PCPartPicker
2024-06-19,,Gigabyte GAMING OC GeForce RTX 5080 16 GB Video Card (GV-N5080GAMING OC-16GD) - PCPartPicker
2024-06-20,,Gigabyte GAMING OC GeForce RTX 5080 16 GB Video Card (GV-N5080GAMING OC-16GD) - PCPartPicker
2024-06-21,,Gigabyte GAMING OC GeForce RTX 5080 16 GB Video Card (GV-N5080GAMING OC-16GD) - PCPartPicker
2024-06-22,,Gigabyte GAMING OC GeForce RTX 5080 16 GB Video Card (GV-N5080GAMING OC-16GD) - PCPartPicker
2024-06-23,,Gigabyte GAMING OC GeForce RTX 5080 16 GB Video Card (GV-N5080GAMING OC-16GD) - PCPartPicker
2024-06-24,,Gigabyte GAMING OC GeForce RTX 5080 16 GB Video Card (GV-N5080GAMING OC-16GD) - PCPartPicker
2024-06-25,,Gigabyte GAMING OC GeForce RTX 5080 16 GB Video Card (GV-N5080GAMING OC-16GD) - PCPartPicker
2024-06-26,,Gigabyte GAMING OC GeForce RTX 5080 16 GB Video Card (GV-N5080GAMING OC-16GD) - PCPartPicker
2024-06-27,,Gigabyte GAMING OC GeForce RTX 5080 16 GB Video Card (GV-N5080GAMING OC-16GD) - PCPartPicker
2024-06-28,,Gigabyte GAMING OC GeForce RTX 5080 16 GB Video Card (GV-N5080GAMING OC-16GD) - PCPartPicker
2024-06-29,,Gigabyte GAMING OC GeForce RTX 5080 16 GB Video Card (GV-N5080GAMING OC-16GD) - PCPartPicker
2024-06-30,,Gigabyte GAMING OC GeForce RTX 5080 16 GB Video Card (GV-N5080GAMING OC-16GD) - PCPartPicker
2024-07-01,,Gigabyte GAMING OC GeForce RTX 5080 16 GB Video Card (GV-N5080GAMING OC-16GD) - PCPartPicker
2024-07-02,,Gigabyte GAMING OC GeForce RTX 5080 16 GB Video Card (GV-N5080GAMING OC-16GD) - PCPartPicker
2024-07-03,,Gigabyte GAMING OC GeForce RTX 5080 16 GB Video Card (GV-N5080GAMING OC-16GD) - PCPartPicker
2024-07-04,,Gigabyte GAMING OC GeForce RTX 5080 16 GB Video Card (GV-N5080GAMING OC-16GD) - PCPartPicker
2024-07-05,,Gigabyte GAMING OC GeForce RTX 5080 16 GB Video Card (GV-N5080GAMING OC-16GD) - PCPartPicker
2024-07-06,,Gigabyte GAMING OC GeForce RTX 5080 16 GB Video Card (GV-N5080GAMING OC-16GD) - PCPartPicker
2024-07-07,,Gigabyte GAMING OC GeForce RTX 5080 16 GB Video Card (GV-N5080GAMING OC-16GD) - PCPartPicker
2024-07-08,,Gigabyte GAMING OC GeForce RTX 5080 16 GB Video Card (GV-N5080GAMING OC-16GD) - PCPartPicker
2024-07-09,,Gigabyte GAMING OC GeForce RTX 5080 16 GB Video Card (GV-N5080GAMING OC-16GD) - PCPartPicker
2024-07-10,,Gigabyte GAMING OC GeForce RTX 5080 16 GB Video Card (GV-N5080GAMING OC-16GD) - PCPartPicker
2024-07-11,,Gigabyte GAMING OC GeForce RTX 5080 16 GB Video Card (GV-N5080GAMING OC-16GD) - PCPartPicker
2024-07-12,,Gigabyte GAMING OC GeForce RTX 5080 16 GB Video Card (GV-N5080GAMING OC-16GD) - PCPartPicker
2024-07-13,,Gigabyte GAMING OC GeForce RTX 5080 16 GB Video Card (GV-N5080GAMING OC-16GD) - PCPartPicker
2024-07-14,,Gigabyte GAMING OC GeForce RTX 5080 16 GB Video Card (GV-N5080GAMING OC-16GD) - PCPartPicker
2024-07-15,,Gigabyte GAMING OC GeForce RTX 5080 16 GB Video Card (GV-N5080GAMING OC-16GD) - PCPartPicker
2024-07-16,,Gigabyte GAMING OC GeForce RTX 5080 16 GB Video Card (GV-N5080GAMING OC-16GD) - PCPartPicker
2024-07-17,,Gigabyte GAMING OC GeForce RTX 5080 16 GB Video Card (GV-N5080GAMING OC-16GD) - PCPartPicker
2024-07-18,,Gigabyte GAMING OC GeForce RTX 5080 16 GB Video Card (GV-N5080GAMING OC-16GD) - PCPartPicker
2024-07-19,,Gigabyte GAMING OC GeForce RTX 5080 16 GB Video Card (GV-N5080GAMING OC-16GD) - PCPartPicker
2024-07-20,,Gigabyte GAMING OC GeForce RTX 5080 16 GB Video Card (GV-N5080GAMING OC-16GD) - PCPartPicker
2024-07-21,,Gigabyte GAMING OC GeForce RTX 5080 16 GB Video Card (GV-N5080GAMING OC-16GD) - PCPartPicker
2024-07-22,,Gigabyte GAMING OC GeForce RTX 5080 16 GB Video Card (GV-N5080GAMING OC-16GD) - PCPartPicker
2024-07-23,,Gigabyte GAMING OC GeForce RTX 5080 16 GB Video Card (GV-N5080GAMING OC-16GD) - PCPartPicker
2024-07-24,,Gigabyte GAMING OC GeForce RTX 5080 16 GB Video Card (GV-N5080GAMING OC-16GD) - PCPartPicker
2024-07-25,,Gigabyte GAMING OC GeForce RTX 5080 16 GB Video Card (GV-N5080GAMING OC-16GD) - PCPartPicker
2024-07-26,,Gigabyte GAMING OC GeForce RTX 5080 16 GB Video Card (GV-N5080GAMING OC-16GD) - PCPartPicker
2024-07-27,,Gigabyte GAMING OC GeForce RTX 5080 16 GB Video Card (GV-N5080GAMING OC-16GD) - PCPartPicker
2024-07-28,,Gigabyte GAMING OC GeForce RTX 5080 16 GB Video Card (GV-N5080GAMING OC-16GD) - PCPartPicker
2024-07-29,,Gigabyte GAMING OC GeForce RTX 5080 16 GB Video Card (GV-N5080GAMING OC-16GD) - PCPartPicker
2024-07-30,,Gigabyte GAMING OC GeForce RTX 5080 16 GB Video Card (GV-N5080GAMING OC-16GD) - PCPartPicker
2024-07-31,,Gigabyte GAMING OC GeForce RTX 5080 16 GB Video Card (GV-N5080GAMING OC-16GD) - PCPartPicker
2024-08-01,,Gigabyte GAMING OC GeForce RTX 5080 16 GB Video Card (GV-N5080GAMING OC-16GD) - PCPartPicker
2024-08-02,,Gigabyte GAMING OC GeForce RTX 5080 16 GB Video Card (GV-N5080GAMING OC-16GD) - PCPartPicker
2024-08-03,,Gigabyte GAMING OC GeForce RTX 5080 16 GB Video Card (GV-N5080GAMING OC-16GD) - PCPartPicker
2024-08-04,,Gigabyte GAMING OC GeForce RTX 5080 16 GB Video Card (GV-N5080GAMING OC-16GD) - PCPartPicker
2024-08-05,,Gigabyte GAMING OC GeForce RTX 5080 16 GB Video Card (GV-N5080GAMING OC-16GD) - PCPartPicker
2024-08-06,,Gigabyte GAMING OC GeForce RTX 5080 16 GB Video Card (GV-N5080GAMING OC-16GD) - PCPartPicker
2024-08-07,,Gigabyte GAMING OC GeForce RTX 5080 16 GB Video Card (GV-N5080GAMING OC-16GD) - PCPartPicker
2024-08-08,,Gigabyte GAMING OC GeForce RTX 5080 16 GB Video Card (GV-N5080GAMING OC-16GD) - PCPartPicker
2024-08-09,,Gigabyte GAMING OC GeForce RTX 5080 16 GB Video Card (GV-N5080GAMING OC-16GD) - PCPartPicker
2024-08-10,,Gigabyte GAMING OC GeForce RTX 5080 16 GB Video Card (GV-N5080GAMING OC-16GD) - PCPartPicker
2024-08-11,,Gigabyte GAMING OC GeForce RTX 5080 16 GB Video Card (GV-N5080GAMING OC-16GD) - PCPartPicker
2024-08-12,,Gigabyte GAMING OC GeForce RTX 5080 16 GB Video Card (GV-N5080GAMING OC-16GD) - PCPartPicker
2024-08-13,,Gigabyte GAMING OC GeForce RTX 5080 16 GB Video Card (GV-N5080GAMING OC-16GD) - PCPartPicker
2024-08-14,,Gigabyte GAMING OC GeForce RTX 5080 16 GB Video Card (GV-N5080GAMING OC-16GD) - PCPartPicker
2024-08-15,,Gigabyte GAMING OC GeForce RTX 5080 16 GB Video Card (GV-N5080GAMING OC-16GD) - PCPartPicker
2024-08-16,,Gigabyte GAMING OC GeForce RTX 5080 16 GB Video Card (GV-N5080GAMING OC-16GD) - PCPartPicker
2024-08-17,,Gigabyte GAMING OC GeForce RTX 5080 16 GB Video Card (GV-N5080GAMING OC-16GD) - PCPartPicker
2024-08-18,,Gigabyte GAMING OC GeForce RTX 5080 16 GB Video Card (GV-N5080GAMING OC-16GD) - PCPartPicker
2024-08-19,,Gigabyte GAMING OC GeForce RTX 5080 16 GB Video Card (GV-N5080GAMING OC-16GD) - PCPartPicker
2024-08-20,,Gigabyte GAMING OC GeForce RTX 5080 16 GB Video Card (GV-N5080GAMING OC-16GD) - PCPartPicker
2024-08-21,,Gigabyte GAMING OC GeForce RTX 5080 16 GB Video Card (GV-N5080GAMING OC-16GD) - PCPartPicker
2024-08-22,,Gigabyte GAMING OC GeForce RTX 5080 16 GB Video Card (GV-N5080GAMING OC-16GD) - PCPartPicker
2024-08-23,,Gigabyte GAMING OC GeForce RTX 5080 16 GB Video Card (GV-N5080GAMING OC-16GD) - PCPartPicker
2024-08-24,,Gigabyte GAMING OC GeForce RTX 5080 16 GB Video Card (GV-N5080GAMING OC-16GD) - PCPartPicker
2024-08-25,,Gigabyte GAMING OC GeForce RTX 5080 16 GB Video Card (GV-N5080GAMING OC-16GD) - PCPartPicker
2024-08-26,,Gigabyte GAMING OC GeForce RTX 5080 16 GB Video Card (GV-N5080GAMING OC-16GD) - PCPartPicker
2024-08-27,,Gigabyte GAMING OC GeForce RTX 5080 16 GB Video Card (GV-N5080GAMING OC-16GD) - PCPartPicker
2024-08-28,,Gigabyte GAMING OC GeForce RTX 5080 16 GB Video Card (GV-N5080GAMING OC-16GD) - PCPartPicker
2024-08-29,,Gigabyte GAMING OC GeForce RTX 5080 16 GB Video Card (GV-N5080GAMING OC-16GD) - PCPartPicker
2024-08-30,,Gigabyte GAMING OC GeForce RTX 5080 16 GB Video Card (GV-N5080GAMING OC-16GD) - PCPartPicker
2024-08-31,,Gigabyte GAMING OC GeForce RTX 5080 16 GB Video Card (GV-N5080GAMING OC-16GD) - PCPartPicker
2024-09-01,,Gigabyte GAMING OC GeForce RTX 5080 16 GB Video Card (GV-N5080GAMING OC-16GD) - PCPartPicker
2024-09-02,,Gigabyte GAMING OC GeForce RTX 5080 16 GB Video Card (GV-N5080GAMING OC-16GD) - PCPartPicker
2024-09-03,,Gigabyte GAMING OC GeForce RTX 5080 16 GB Video Card (GV-N5080GAMING OC-16GD) - PCPartPicker
2024-09-04,,Gigabyte GAMING OC GeForce RTX 5080 16 GB Video Card (GV-N5080GAMING OC-16GD) - PCPartPicker
2024-09-05,,Gigabyte GAMING OC GeForce RTX 5080 16 GB Video Card (GV-N5080GAMING OC-16GD) - PCPartPicker
2024-09-06,,Gigabyte GAMING OC GeForce RTX 5080 16 GB Video Card (GV-N5080GAMING OC-16GD) - PCPartPicker
2024-09-07,,Gigabyte GAMING OC GeForce RTX 5080 16 GB Video Card (GV-N5080GAMING OC-16GD) - PCPartPicker
2024-09-08,,Gigabyte GAMING OC GeForce RTX 5080 16 GB Video Card (GV-N5080GAMING OC-16GD) - PCPartPicker
2024-09-09,,Gigabyte GAMING OC GeForce RTX 5080 16 GB Video Card (GV-N5080GAMING OC-16GD) - PCPartPicker
2024-09-10,,Gigabyte GAMING OC GeForce RTX 5080 16 GB Video Card (GV-N5080GAMING OC-16GD) - PCPartPicker
2024-09-11,,Gigabyte GAMING OC GeForce RTX 5080 16 GB Video Card (GV-N5080GAMING OC-16GD) - PCPartPicker
2024-09-12,,Gigabyte GAMING OC GeForce RTX 5080 16 GB Video Card (GV-N5080GAMING OC-16GD) - PCPartPicker
2024-09-13,,Gigabyte GAMING OC GeForce RTX 5080 16 GB Video Card (GV-N5080GAMING OC-16GD) - PCPartPicker
2024-09-14,,Gigabyte GAMING OC GeForce RTX 5080 16 GB Video Card (GV-N5080GAMING OC-16GD) - PCPartPicker
2024-09-15,,Gigabyte GAMING OC GeForce RTX 5080 16 GB Video Card (GV-N5080GAMING OC-16GD) - PCPartPicker
2024-09-16,,Gigabyte GAMING OC GeForce RTX 5080 16 GB Video Card (GV-N5080GAMING OC-16GD) - PCPartPicker
2024-09-17,,Gigabyte GAMING OC GeForce RTX 5080 16 GB Video Card (GV-N5080GAMING OC-16GD) - PCPartPicker
2024-09-18,,Gigabyte GAMING OC GeForce RTX 5080 16 GB Video Card (GV-N5080GAMING OC-16GD) - PCPartPicker
2024-09-19,,Gigabyte GAMING OC GeForce RTX 5080 16 GB Video Card (GV-N5080GAMING OC-16GD) - PCPartPicker
2024-09-20,,Gigabyte GAMING OC GeForce RTX 5080 16 GB Video Card (GV-N5080GAMING OC-16GD) - PCPartPicker
2024-09-21,,Gigabyte GAMING OC GeForce RTX 5080 16 GB Video Card (GV-N5080GAMING OC-16GD) - PCPartPicker
2024-09-22,,Gigabyte GAMING OC GeForce RTX 5080 16 GB Video Card (GV-N5080GAMING OC-16GD) - PCPartPicker
2024-09-23,,Gigabyte GAMING OC GeForce RTX 5080 16 GB Video Card (GV-N5080GAMING OC-16GD) - PCPartPicker
2024-09-24,,Gigabyte GAMING OC GeForce RTX 5080 16 GB Video Card (GV-N5080GAMING OC-16GD) - PCPartPicker
2024-09-25,,Gigabyte GAMING OC GeForce RTX 5080 16 GB Video Card (GV-N5080GAMING OC-16GD) - PCPartPicker
2024-09-26,,Gigabyte GAMING OC GeForce RTX 5080 16 GB Video Card (GV-N5080GAMING OC-16GD) - PCPartPicker
2024-09-27,,Gigabyte GAMING OC GeForce RTX 5080 16 GB Video Card (GV-N5080GAMING OC-16GD) - PCPartPicker
2024-09-28,,Gigabyte GAMING OC GeForce RTX 5080 16 GB Video Card (GV-N5080GAMING OC-16GD) - PCPartPicker
2024-09-29,,Gigabyte GAMING OC GeForce RTX 5080 16 GB Video Card (GV-N5080GAMING OC-16GD) - PCPartPicker
2024-09-30,,Gigabyte GAMING OC GeForce RTX 5080 16 GB Video Card (GV-N5080GAMING OC-16GD) - PCPartPicker
2024-10-01,,Gigabyte GAMING OC GeForce RTX 5080 16 GB Video Card (GV-N5080GAMING OC-16GD) - PCPartPicker
2024-10-02,,Gigabyte GAMING OC GeForce RTX 5080 16 GB Video Card (GV-N5080GAMING OC-16GD) - PCPartPicker
2024-10-03,,Gigabyte GAMING OC GeForce RTX 5080 16 GB Video Card (GV-N5080GAMING OC-16GD) - PCPartPicker
2024-10-04,,Gigabyte GAMING OC GeForce RTX 5080 16 GB Video Card (GV-N5080GAMING OC-16GD) - PCPartPicker
2024-10-05,,Gigabyte GAMING OC GeForce RTX 5080 16 GB Video Card (GV-N5080GAMING OC-16GD) - PCPartPicker
2024-10-06,,Gigabyte GAMING OC GeForce RTX 5080 16 GB Video Card (GV-N5080GAMING OC-16GD) - PCPartPicker
2024-10-07,,Gigabyte GAMING OC GeForce RTX 5080 16 GB Video Card (GV-N5080GAMING OC-16GD) - PCPartPicker
2024-10-08,,Gigabyte GAMING OC GeForce RTX 5080 16 GB Video Card (GV-N5080GAMING OC-16GD) - PCPartPicker
2024-10-09,,Gigabyte GAMING OC GeForce RTX 5080 16 GB Video Card (GV-N5080GAMING OC-16GD) - PCPartPicker
2024-10-10,,Gigabyte GAMING OC GeForce RTX 5080 16 GB Video Card (GV-N5080GAMING OC-16GD) - PCPartPicker
2024-10-11,,Gigabyte GAMING OC GeForce RTX 5080 16 GB Video Card (GV-N5080GAMING OC-16GD) - PCPartPicker
2024-10-12,,Gigabyte GAMING OC GeForce RTX 5080 16 GB Video Card (GV-N5080GAMING OC-16GD) - PCPartPicker
2024-10-13,,Gigabyte GAMING OC GeForce RTX 5080 16 GB Video Card (GV-N5080GAMING OC-16GD) - PCPartPicker
2024-10-14,,Gigabyte GAMING OC GeForce RTX 5080 16 GB Video Card (GV-N5080GAMING OC-16GD) - PCPartPicker
2024-10-15,,Gigabyte GAMING OC GeForce RTX 5080 16 GB Video Card (GV-N5080GAMING OC-16GD) - PCPartPicker
2024-10-16,,Gigabyte GAMING OC GeForce RTX 5080 16 GB Video Card (GV-N5080GAMING OC-16GD) - PCPartPicker
2024-10-17,,Gigabyte GAMING OC GeForce RTX 5080 16 GB Video Card (GV-N5080GAMING OC-16GD) - PCPartPicker
2024-10-18,,Gigabyte GAMING OC GeForce RTX 5080 16 GB Video Card (GV-N5080GAMING OC-16GD) - PCPartPicker
2024-10-19,,Gigabyte GAMING OC GeForce RTX 5080 16 GB Video Card (GV-N5080GAMING OC-16GD) - PCPartPicker
2024-10-20,,Gigabyte GAMING OC GeForce RTX 5080 16 GB Video Card (GV-N5080GAMING OC-16GD) - PCPartPicker
2024-10-21,,Gigabyte GAMING OC GeForce RTX 5080 16 GB Video Card (GV-N5080GAMING OC-16GD) - PCPartPicker
2024-10-22,,Gigabyte GAMING OC GeForce RTX 5080 16 GB Video Card (GV-N5080GAMING OC-16GD) - PCPartPicker
2024-10-23,,Gigabyte GAMING OC GeForce RTX 5080 16 GB Video Card (GV-N5080GAMING OC-16GD) - PCPartPicker
2024-10-24,,Gigabyte GAMING OC GeForce RTX 5080 16 GB Video Card (GV-N5080GAMING OC-16GD) - PCPartPicker
2024-10-25,,Gigabyte GAMING OC GeForce RTX 5080 16 GB Video Card (GV-N5080GAMING OC-16GD) - PCPartPicker
2024-10-26,,Gigabyte GAMING OC GeForce RTX 5080 16 GB Video Card (GV-N5080GAMING OC-16GD) - PCPartPicker
2024-10-27,,Gigabyte GAMING OC GeForce RTX 5080 16 GB Video Card (GV-N5080GAMING OC-16GD) - PCPartPicker
2024-10-28,,Gigabyte GAMING OC GeForce RTX 5080 16 GB Video Card (GV-N5080GAMING OC-16GD) - PCPartPicker
2024-10-29,,Gigabyte GAMING OC GeForce RTX 5080 16 GB Video Card (GV-N5080GAMING OC-16GD) - PCPartPicker
2024-10-30,,Gigabyte GAMING OC GeForce RTX 5080 16 GB Video Card (GV-N5080GAMING OC-16GD) - PCPartPicker
2024-10-31,,Gigabyte GAMING OC GeForce RTX 5080 16 GB Video Card (GV-N5080GAMING OC-16GD) - PCPartPicker
2024-11-01,,Gigabyte GAMING OC GeForce RTX 5080 16 GB Video Card (GV-N5080GAMING OC-16GD) - PCPartPicker
2024-11-02,,Gigabyte GAMING OC GeForce RTX 5080 16 GB Video Card (GV-N5080GAMING OC-16GD) - PCPartPicker
2024-11-03,,Gigabyte GAMING OC GeForce RTX 5080 16 GB Video Card (GV-N5080GAMING OC-16GD) - PCPartPicker
2024-11-04,,Gigabyte GAMING OC GeForce RTX 5080 16 GB Video Card (GV-N5080GAMING OC-16GD) - PCPartPicker
2024-11-05,,Gigabyte GAMING OC GeForce RTX 5080 16 GB Video Card (GV-N5080GAMING OC-16GD) - PCPartPicker
2024-11-06,,Gigabyte GAMING OC GeForce RTX 5080 16 GB Video Card (GV-N5080GAMING OC-16GD) - PCPartPicker
2024-11-07,,Gigabyte GAMING OC GeForce RTX 5080 16 GB Video Card (GV-N5080GAMING OC-16GD) - PCPartPicker
2024-11-08,,Gigabyte GAMING OC GeForce RTX 5080 16 GB Video Card (GV-N5080GAMING OC-16GD) - PCPartPicker
2024-11-09,,Gigabyte GAMING OC GeForce RTX 5080 16 GB Video Card (GV-N5080GAMING OC-16GD) - PCPartPicker
2024-11-10,,Gigabyte GAMING OC GeForce RTX 5080 16 GB Video Card (GV-N5080GAMING OC-16GD) - PCPartPicker
2024-11-11,,Gigabyte GAMING OC GeForce RTX 5080 16 GB Video Card (GV-N5080GAMING OC-16GD) - PCPartPicker
2024-11-12,,Gigabyte GAMING OC GeForce RTX 5080 16 GB Video Card (GV-N5080GAMING OC-16GD) - PCPartPicker
2024-11-13,,Gigabyte GAMING OC GeForce RTX 5080 16 GB Video Card (GV-N5080GAMING OC-16GD) - PCPartPicker
2024-11-14,,Gigabyte GAMING OC GeForce RTX 5080 16 GB Video Card (GV-N5080GAMING OC-16GD) - PCPartPicker
2024-11-15,,Gigabyte GAMING OC GeForce RTX 5080 16 GB Video Card (GV-N5080GAMING OC-16GD) - PCPartPicker
2024-11-16,,Gigabyte GAMING OC GeForce RTX 5080 16 GB Video Card (GV-N5080GAMING OC-16GD) - PCPartPicker
2024-11-17,,Gigabyte GAMING OC GeForce RTX 5080 16 GB Video Card (GV-N5080GAMING OC-16GD) - PCPartPicker
2024-11-18,,Gigabyte GAMING OC GeForce RTX 5080 16 GB Video Card (GV-N5080GAMING OC-16GD) - PCPartPicker
2024-11-19,,Gigabyte GAMING OC GeForce RTX 5080 16 GB Video Card (GV-N5080GAMING OC-16GD) - PCPartPicker
2024-11-20,,Gigabyte GAMING OC GeForce RTX 5080 16 GB Video Card (GV-N5080GAMING OC-16GD) - PCPartPicker
2024-11-21,,Gigabyte GAMING OC GeForce RTX 5080 16 GB Video Card (GV-N5080GAMING OC-16GD) - PCPartPicker
2024-11-22,,Gigabyte GAMING OC GeForce RTX 5080 16 GB Video Card (GV-N5080GAMING OC-16GD) - PCPartPicker
2024-11-23,,Gigabyte GAMING OC GeForce RTX 5080 16 GB Video Card (GV-N5080GAMING OC-16GD) - PCPartPicker
2024-11-24,,Gigabyte GAMING OC GeForce RTX 5080 16 GB Video Card (GV-N5080GAMING OC-16GD) - PCPartPicker
2024-11-25,,Gigabyte GAMING OC GeForce RTX 5080 16 GB Video Card (GV-N5080GAMING OC-16GD) - PCPartPicker
2024-11-26,,Gigabyte GAMING OC GeForce RTX 5080 16 GB Video Card (GV-N5080GAMING OC-16GD) - PCPartPicker
2024-11-27,,Gigabyte GAMING OC GeForce RTX 5080 16 GB Video Card (GV-N5080GAMING OC-16GD) - PCPartPicker
2024-11-28,,Gigabyte GAMING OC GeForce RTX 5080 16 GB Video Card (GV-N5080GAMING OC-16GD) - PCPartPicker
2024-11-29,,Gigabyte GAMING OC GeForce RTX 5080 16 GB Video Card (GV-N5080GAMING OC-16GD) - PCPartPicker
2024-11-30,,Gigabyte GAMING OC GeForce RTX 5080 16 GB Video Card (GV-N5080GAMING OC-16GD) - PCPartPicker
2024-12-01,,Gigabyte GAMING OC GeForce RTX 5080 16 GB Video Card (GV-N5080GAMING OC-16GD) - PCPartPicker
2024-12-02,,Gigabyte GAMING OC GeForce RTX 5080 16 GB Video Card (GV-N5080GAMING OC-16GD) - PCPartPicker
2024-12-03,,Gigabyte GAMING OC GeForce RTX 5080 16 GB Video Card (GV-N5080GAMING OC-16GD) - PCPartPicker
2024-12-04,,Gigabyte GAMING OC GeForce RTX 5080 16 GB Video Card (GV-N5080GAMING OC-16GD) - PCPartPicker
2024-12-05,,Gigabyte GAMING OC GeForce RTX 5080 16 GB Video Card (GV-N5080GAMING OC-16GD) - PCPartPicker
2024-12-06,,Gigabyte GAMING OC GeForce RTX 5080 16 GB Video Card (GV-N5080GAMING OC-16GD) - PCPartPicker
2024-12-07,,Gigabyte GAMING OC GeForce RTX 5080 16 GB Video Card (GV-N5080GAMING OC-16GD) - PCPartPicker
2024-12-08,,Gigabyte GAMING OC GeForce RTX 5080 16 GB Video Card (GV-N5080GAMING OC-16GD) - PCPartPicker
2024-12-09,,Gigabyte GAMING OC GeForce RTX 5080 16 GB Video Card (GV-N5080GAMING OC-16GD) - PCPartPicker
2024-12-10,,Gigabyte GAMING OC GeForce RTX 5080 16 GB Video Card (GV-N5080GAMING OC-16GD) - PCPartPicker
2024-12-11,,Gigabyte GAMING OC GeForce RTX 5080 16 GB Video Card (GV-N5080GAMING OC-16GD) - PCPartPicker
2024-12-12,,Gigabyte GAMING OC GeForce RTX 5080 16 GB Video Card (GV-N5080GAMING OC-16GD) - PCPartPicker
2024-12-13,,Gigabyte GAMING OC GeForce RTX 5080 16 GB Video Card (GV-N5080GAMING OC-16GD) - PCPartPicker
2024-12-14,,Gigabyte GAMING OC GeForce RTX 5080 16 GB Video Card (GV-N5080GAMING OC-16GD) - PCPartPicker
2024-12-15,,Gigabyte GAMING OC GeForce RTX 5080 16 GB Video Card (GV-N5080GAMING OC-16GD) - PCPartPicker
2024-12-16,,Gigabyte GAMING OC GeForce RTX 5080 16 GB Video Card (GV-N5080GAMING OC-16GD) - PCPartPicker
2024-12-17,,Gigabyte GAMING OC GeForce RTX 5080 16 GB Video Card (GV-N5080GAMING OC-16GD) - PCPartPicker
2024-12-18,,Gigabyte GAMING OC GeForce RTX 5080 16 GB Video Card (GV-N5080GAMING OC-16GD) - PCPartPicker
2024-12-19,,Gigabyte GAMING OC GeForce RTX 5080 16 GB Video Card (GV-N5080GAMING OC-16GD) - PCPartPicker
2024-12-20,,Gigabyte GAMING OC GeForce RTX 5080 16 GB Video Card (GV-N5080GAMING OC-16GD) - PCPartPicker
2024-12-21,,Gigabyte GAMING OC GeForce RTX 5080 16 GB Video Card (GV-N5080GAMING OC-16GD) - PCPartPicker
2024-12-22,,Gigabyte GAMING OC GeForce RTX 5080 16 GB Video Card (GV-N5080GAMING OC-16GD) - PCPartPicker
2024-12-23,,Gigabyte GAMING OC GeForce RTX 5080 16 GB Video Card (GV-N5080GAMING OC-16GD) - PCPartPicker
2024-12-24,,Gigabyte GAMING OC GeForce RTX 5080 16 GB Video Card (GV-N5080GAMING OC-16GD) - PCPartPicker
2024-12-25,,Gigabyte GAMING OC GeForce RTX 5080 16 GB Video Card (GV-N5080GAMING OC-16GD) - PCPartPicker
2024-12-26,,Gigabyte GAMING OC GeForce RTX 5080 16 GB Video Card (GV-N5080GAMING OC-16GD) - PCPartPicker
2024-12-27,,Gigabyte GAMING OC GeForce RTX 5080 16 GB Video Card (GV-N5080GAMING OC-16GD) - PCPartPicker
2024-12-28,,Gigabyte GAMING OC GeForce RTX 5080 16 GB Video Card (GV-N5080GAMING OC-16GD) - PCPartPicker
2024-12-29,,Gigabyte GAMING OC GeForce RTX 5080 16 GB Video Card (GV-N5080GAMING OC-16GD) - PCPartPicker
2024-12-30,,Gigabyte GAMING OC GeForce RTX 5080 16 GB Video Card (GV-N5080GAMING OC-16GD) - PCPartPicker
2024-12-31,,Gigabyte GAMING OC GeForce RTX 5080 16 GB Video Card (GV-N5080GAMING OC-16GD) - PCPartPicker
2025-01-01,,Gigabyte GAMING OC GeForce RTX 5080 16 GB Video Card (GV-N5080GAMING OC-16GD) - PCPartPicker
2025-01-02,,Gigabyte GAMING OC GeForce RTX 5080 16 GB Video Card (GV-N5080GAMING OC-16GD) - PCPartPicker
2025-01-03,,Gigabyte GAMING OC GeForce RTX 5080 16 GB Video Card (GV-N5080GAMING OC-16GD) - PCPartPicker
2025-01-04,,Gigabyte GAMING OC GeForce RTX 5080 16 GB Video Card (GV-N5080GAMING OC-16GD) - PCPartPicker
2025-01-05,,Gigabyte GAMING OC GeForce RTX 5080 16 GB Video Card (GV-N5080GAMING OC-16GD) - PCPartPicker
2025-01-06,,Gigabyte GAMING OC GeForce RTX 5080 16 GB Video Card (GV-N5080GAMING OC-16GD) - PCPartPicker
2025-01-07,,Gigabyte GAMING OC GeForce RTX 5080 16 GB Video Card (GV-N5080GAMING OC-16GD) - PCPartPicker
2025-01-08,,Gigabyte GAMING OC GeForce RTX 5080 16 GB Video Card (GV-N5080GAMING OC-16GD) - PCPartPicker
2025-01-09,,Gigabyte GAMING OC GeForce RTX 5080 16 GB Video Card (GV-N5080GAMING OC-16GD) - PCPartPicker
2025-01-10,,Gigabyte GAMING OC GeForce RTX 5080 16 GB Video Card (GV-N5080GAMING OC-16GD) - PCPartPicker
2025-01-11,,Gigabyte GAMING OC GeForce RTX 5080 16 GB Video Card (GV-N5080GAMING OC-16GD) - PCPartPicker
2025-01-12,,Gigabyte GAMING OC GeForce RTX 5080 16 GB Video Card (GV-N5080GAMING OC-16GD) - PCPartPicker
2025-01-13,,Gigabyte GAMING OC GeForce RTX 5080 16 GB Video Card (GV-N5080GAMING OC-16GD) - PCPartPicker
2025-01-14,,Gigabyte GAMING OC GeForce RTX 5080 16 GB Video Card (GV-N5080GAMING OC-16GD) - PCPartPicker
2025-01-15,,Gigabyte GAMING OC GeForce RTX 5080 16 GB Video Card (GV-N5080GAMING OC-16GD) - PCPartPicker
2025-01-16,,Gigabyte GAMING OC GeForce RTX 5080 16 GB Video Card (GV-N5080GAMING OC-16GD) - PCPartPicker
2025-01-17,,Gigabyte GAMING OC GeForce RTX 5080 16 GB Video Card (GV-N5080GAMING OC-16GD) - PCPartPicker
2025-01-18,141999.0,Gigabyte GAMING OC GeForce RTX 5080 16 GB Video Card (GV-N5080GAMING OC-16GD) - PCPartPicker
2025-01-19,141999.0,Gigabyte GAMING OC GeForce RTX 5080 16 GB Video Card (GV-N5080GAMING OC-16GD) - PCPartPicker
2025-01-20,141999.0,Gigabyte GAMING OC GeForce RTX 5080 16 GB Video Card (GV-N5080GAMING OC-16GD) - PCPartPicker
2025-01-21,119999.0,Gigabyte GAMING OC GeForce RTX 5080 16 GB Video Card (GV-N5080GAMING OC-16GD) - PCPartPicker
2025-01-22,141999.0,Gigabyte GAMING OC GeForce RTX 5080 16 GB Video Card (GV-N5080GAMING OC-16GD) - PCPartPicker
2025-01-23,141999.0,Gigabyte GAMING OC GeForce RTX 5080 16 GB Video Card (GV-N5080GAMING OC-16GD) - PCPartPicker
2025-01-24,141999.0,Gigabyte GAMING OC GeForce RTX 5080 16 GB Video Card (GV-N5080GAMING OC-16GD) - PCPartPicker
2025-01-25,141999.0,Gigabyte GAMING OC GeForce RTX 5080 16 GB Video Card (GV-N5080GAMING OC-16GD) - PCPartPicker
2025-01-26,141999.0,Gigabyte GAMING OC GeForce RTX 5080 16 GB Video Card (GV-N5080GAMING OC-16GD) - PCPartPicker
2025-01-27,119999.0,Gigabyte GAMING OC GeForce RTX 5080 16 GB Video Card (GV-N5080GAMING OC-16GD) - PCPartPicker
2025-01-28,119999.0,Gigabyte GAMING OC GeForce RTX 5080 16 GB Video Card (GV-N5080GAMING OC-16GD) - PCPartPicker
2025-01-29,119999.0,Gigabyte GAMING OC GeForce RTX 5080 16 GB Video Card (GV-N5080GAMING OC-16GD) - PCPartPicker
2025-01-30,119999.0,Gigabyte GAMING OC GeForce RTX 5080 16 GB Video Card (GV-N5080GAMING OC-16GD) - PCPartPicker
2025-01-31,119999.0,Gigabyte GAMING OC GeForce RTX 5080 16 GB Video Card (GV-N5080GAMING OC-16GD) - PCPartPicker
2025-02-01,119999.0,Gigabyte GAMING OC GeForce RTX 5080 16 GB Video Card (GV-N5080GAMING OC-16GD) - PCPartPicker
2025-02-02,119999.0,Gigabyte GAMING OC GeForce RTX 5080 16 GB Video Card (GV-N5080GAMING OC-16GD) - PCPartPicker
2025-02-03,119999.0,Gigabyte GAMING OC GeForce RTX 5080 16 GB Video Card (GV-N5080GAMING OC-16GD) - PCPartPicker
2025-02-04,119999.0,Gigabyte GAMING OC GeForce RTX 5080 16 GB Video Card (GV-N5080GAMING OC-16GD) - PCPartPicker
2025-02-05,119999.0,Gigabyte GAMING OC GeForce RTX 5080 16 GB Video Card (GV-N5080GAMING OC-16GD) - PCPartPicker
2025-02-06,119999.0,Gigabyte GAMING OC GeForce RTX 5080 16 GB Video Card (GV-N5080GAMING OC-16GD) - PCPartPicker
2025-02-07,119999.0,Gigabyte GAMING OC GeForce RTX 5080 16 GB Video Card (GV-N5080GAMING OC-16GD) - PCPartPicker
2025-02-08,119999.0,Gigabyte GAMING OC GeForce RTX 5080 16 GB Video Card (GV-N5080GAMING OC-16GD) - PCPartPicker
2025-02-09,119999.0,Gigabyte GAMING OC GeForce RTX 5080 16 GB Video Card (GV-N5080GAMING OC-16GD) - PCPartPicker
2025-02-10,119999.0,Gigabyte GAMING OC GeForce RTX 5080 16 GB Video Card (GV-N5080GAMING OC-16GD) - PCPartPicker
2025-02-11,119999.0,Gigabyte GAMING OC GeForce RTX 5080 16 GB Video Card (GV-N5080GAMING OC-16GD) - PCPartPicker
2025-02-12,119999.0,Gigabyte GAMING OC GeForce RTX 5080 16 GB Video Card (GV-N5080GAMING OC-16GD) - PCPartPicker
2025-02-13,119999.0,Gigabyte GAMING OC GeForce RTX 5080 16 GB Video Card (GV-N5080GAMING OC-16GD) - PCPartPicker
2025-02-14,119999.0,Gigabyte GAMING OC GeForce RTX 5080 16 GB Video Card (GV-N5080GAMING OC-16GD) - PCPartPicker
2025-02-15,119999.0,Gigabyte GAMING OC GeForce RTX 5080 16 GB Video Card (GV-N5080GAMING OC-16GD) - PCPartPicker
2025-02-16,119999.0,Gigabyte GAMING OC GeForce RTX 5080 16 GB Video Card (GV-N5080GAMING OC-16GD) - PCPartPicker
2025-02-17,119999.0,Gigabyte GAMING OC GeForce RTX 5080 16 GB Video Card (GV-N5080GAMING OC-16GD) - PCPartPicker
2025-02-18,119999.0,Gigabyte GAMING OC GeForce RTX 5080 16 GB Video Card (GV-N5080GAMING OC-16GD) - PCPartPicker
2025-02-19,119999.0,Gigabyte GAMING OC GeForce RTX 5080 16 GB Video Card (GV-N5080GAMING OC-16GD) - PCPartPicker
2025-02-20,119999.0,Gigabyte GAMING OC GeForce RTX 5080 16 GB Video Card (GV-N5080GAMING OC-16GD) - PCPartPicker
2025-02-21,119999.0,Gigabyte GAMING OC GeForce RTX 5080 16 GB Video Card (GV-N5080GAMING OC-16GD) - PCPartPicker
2025-02-22,119999.0,Gigabyte GAMING OC GeForce RTX 5080 16 GB Video Card (GV-N5080GAMING OC-16GD) - PCPartPicker
2025-02-23,119999.0,Gigabyte GAMING OC GeForce RTX 5080 16 GB Video Card (GV-N5080GAMING OC-16GD) - PCPartPicker
2025-02-24,119999.0,Gigabyte GAMING OC GeForce RTX 5080 16 GB Video Card (GV-N5080GAMING OC-16GD) - PCPartPicker
2025-02-25,119999.0,Gigabyte GAMING OC GeForce RTX 5080 16 GB Video Card (GV-N5080GAMING OC-16GD) - PCPartPicker
2025-02-26,119999.0,Gigabyte GAMING OC GeForce RTX 5080 16 GB Video Card (GV-N5080GAMING OC-16GD) - PCPartPicker
2025-02-27,119999.0,Gigabyte GAMING OC GeForce RTX 5080 16 GB Video Card (GV-N5080GAMING OC-16GD) - PCPartPicker
2025-02-28,119999.0,Gigabyte GAMING OC GeForce RTX 5080 16 GB Video Card (GV-N5080GAMING OC-16GD) - PCPartPicker
2025-03-01,119999.0,Gigabyte GAMING OC GeForce RTX 5080 16 GB Video Card (GV-N5080GAMING OC-16GD) - PCPartPicker
2025-03-02,119999.0,Gigabyte GAMING OC GeForce RTX 5080 16 GB Video Card (GV-N5080GAMING OC-16GD) - PCPartPicker
2025-03-03,119999.0,Gigabyte GAMING OC GeForce RTX 5080 16 GB Video Card (GV-N5080GAMING OC-16GD) - PCPartPicker
2025-03-04,119999.0,Gigabyte GAMING OC GeForce RTX 5080 16 GB Video Card (GV-N5080GAMING OC-16GD) - PCPartPicker
2025-03-05,119999.0,Gigabyte GAMING OC GeForce RTX 5080 16 GB Video Card (GV-N5080GAMING OC-16GD) - PCPartPicker
2025-03-06,119999.0,Gigabyte GAMING OC GeForce RTX 5080 16 GB Video Card (GV-N5080GAMING OC-16GD) - PCPartPicker
2025-03-07,119999.0,Gigabyte GAMING OC GeForce RTX 5080 16 GB Video Card (GV-N5080GAMING OC-16GD) - PCPartPicker
2025-03-08,119999.0,Gigabyte GAMING OC GeForce RTX 5080 16 GB Video Card (GV-N5080GAMING OC-16GD) - PCPartPicker
2025-03-09,119999.0,Gigabyte GAMING OC GeForce RTX 5080 16 GB Video Card (GV-N5080GAMING OC-16GD) - PCPartPicker
2025-03-10,119999.0,Gigabyte GAMING OC GeForce RTX 5080 16 GB Video Card (GV-N5080GAMING OC-16GD) - PCPartPicker
2025-03-11,119999.0,Gigabyte GAMING OC GeForce RTX 5080 16 GB Video Card (GV-N5080GAMING OC-16GD) - PCPartPicker
2025-03-12,119999.0,Gigabyte GAMING OC GeForce RTX 5080 16 GB Video Card (GV-N5080GAMING OC-16GD) - PCPartPicker
2025-03-13,119999.0,Gigabyte GAMING OC GeForce RTX 5080 16 GB Video Card (GV-N5080GAMING OC-16GD) - PCPartPicker
2025-03-14,119999.0,Gigabyte GAMING OC GeForce RTX 5080 16 GB Video Card (GV-N5080GAMING OC-16GD) - PCPartPicker
2025-03-15,119999.0,Gigabyte GAMING OC GeForce RTX 5080 16 GB Video Card (GV-N5080GAMING OC-16GD) - PCPartPicker
2025-03-16,119999.0,Gigabyte GAMING OC GeForce RTX 5080 16 GB Video Card (GV-N5080GAMING OC-16GD) - PCPartPicker
2025-03-17,119999.0,Gigabyte GAMING OC GeForce RTX 5080 16 GB Video Card (GV-N5080GAMING OC-16GD) - PCPartPicker
2025-03-18,119999.0,Gigabyte GAMING OC GeForce RTX 5080 16 GB Video Card (GV-N5080GAMING OC-16GD) - PCPartPicker
2025-03-19,119999.0,Gigabyte GAMING OC GeForce RTX 5080 16 GB Video Card (GV-N5080GAMING OC-16GD) - PCPartPicker
2025-03-20,119999.0,Gigabyte GAMING OC GeForce RTX 5080 16 GB Video Card (GV-N5080GAMING OC-16GD) - PCPartPicker
2025-03-21,119999.0,Gigabyte GAMING OC GeForce RTX 5080 16 GB Video Card (GV-N5080GAMING OC-16GD) - PCPartPicker
2025-03-22,119999.0,Gigabyte GAMING OC GeForce RTX 5080 16 GB Video Card (GV-N5080GAMING OC-16GD) - PCPartPicker
2025-03-23,119999.0,Gigabyte GAMING OC GeForce RTX 5080 16 GB Video Card (GV-N5080GAMING OC-16GD) - PCPartPicker
2025-03-24,119999.0,Gigabyte GAMING OC GeForce RTX 5080 16 GB Video Card (GV-N5080GAMING OC-16GD) - PCPartPicker
2025-03-25,119999.0,Gigabyte GAMING OC GeForce RTX 5080 16 GB Video Card (GV-N5080GAMING OC-16GD) - PCPartPicker
2025-03-26,119999.0,Gigabyte GAMING OC GeForce RTX 5080 16 GB Video Card (GV-N5080GAMING OC-16GD) - PCPartPicker
2025-03-27,119999.0,Gigabyte GAMING OC GeForce RTX 5080 16 GB Video Card (GV-N5080GAMING OC-16GD) - PCPartPicker
2025-03-28,119999.0,Gigabyte GAMING OC GeForce RTX 5080 16 GB Video Card (GV-N5080GAMING OC-16GD) - PCPartPicker
2025-03-29,119999.0,Gigabyte GAMING OC GeForce RTX 5080 16 GB Video Card (GV-N5080GAMING OC-16GD) - PCPartPicker
2025-03-30,119999.0,Gigabyte GAMING OC GeForce RTX 5080 16 GB Video Card (GV-N5080GAMING OC-16GD) - PCPartPicker
2025-03-31,119999.0,Gigabyte GAMING OC GeForce RTX 5080 16 GB Video Card (GV-N5080GAMING OC-16GD) - PCPartPicker
2025-04-01,119999.0,Gigabyte GAMING OC GeForce RTX 5080 16 GB Video Card (GV-N5080GAMING OC-16GD) - PCPartPicker
2025-04-02,119999.0,Gigabyte GAMING OC GeForce RTX 5080 16 GB Video Card (GV-N5080GAMING OC-16GD) - PCPartPicker
2025-04-03,119999.0,Gigabyte GAMING OC GeForce RTX 5080 16 GB Video Card (GV-N5080GAMING OC-16GD) - PCPartPicker
2025-04-04,119999.0,Gigabyte GAMING OC GeForce RTX 5080 16 GB Video Card (GV-N5080GAMING OC-16GD) - PCPartPicker
2025-04-05,119999.0,Gigabyte GAMING OC GeForce RTX 5080 16 GB Video Card (GV-N5080GAMING OC-16GD) - PCPartPicker
2025-04-06,119999.0,Gigabyte GAMING OC GeForce RTX 5080 16 GB Video Card (GV-N5080GAMING OC-16GD) - PCPartPicker
2025-04-07,119999.0,Gigabyte GAMING OC GeForce RTX 5080 16 GB Video Card (GV-N5080GAMING OC-16GD) - PCPartPicker
2025-04-08,119999.0,Gigabyte GAMING OC GeForce RTX 5080 16 GB Video Card (GV-N5080GAMING OC-16GD) - PCPartPicker
2025-04-09,119999.0,Gigabyte GAMING OC GeForce RTX 5080 16 GB Video Card (GV-N5080GAMING OC-16GD) - PCPartPicker
2025-04-10,119999.0,Gigabyte GAMING OC GeForce RTX 5080 16 GB Video Card (GV-N5080GAMING OC-16GD) - PCPartPicker
2025-04-11,119999.0,Gigabyte GAMING OC GeForce RTX 5080 16 GB Video Card (GV-N5080GAMING OC-16GD) - PCPartPicker
2025-04-12,119999.0,Gigabyte GAMING OC GeForce RTX 5080 16 GB Video Card (GV-N5080GAMING OC-16GD) - PCPartPicker
2025-04-13,119999.0,Gigabyte GAMING OC GeForce RTX 5080 16 GB Video Card (GV-N5080GAMING OC-16GD) - PCPartPicker
2025-04-14,119999.0,Gigabyte GAMING OC GeForce RTX 5080 16 GB Video Card (GV-N5080GAMING OC-16GD) - PCPartPicker
2025-04-15,119999.0,Gigabyte GAMING OC GeForce RTX 5080 16 GB Video Card (GV-N5080GAMING OC-16GD) - PCPartPicker
2025-04-16,119999.0,Gigabyte GAMING OC GeForce RTX 5080 16 GB Video Card (GV-N5080GAMING OC-16GD) - PCPartPicker
2025-04-17,119999.0,Gigabyte GAMING OC GeForce RTX 5080 16 GB Video Card (GV-N5080GAMING OC-16GD) - PCPartPicker
2025-04-18,119999.0,Gigabyte GAMING OC GeForce RTX 5080 16 GB Video Card (GV-N5080GAMING OC-16GD) - PCPartPicker
2025-04-19,119999.0,Gigabyte GAMING OC GeForce RTX 5080 16 GB Video Card (GV-N5080GAMING OC-16GD) - PCPartPicker
2025-04-20,119999.0,Gigabyte GAMING OC GeForce RTX 5080 16 GB Video Card (GV-N5080GAMING OC-16GD) - PCPartPicker
2025-04-21,119999.0,Gigabyte GAMING OC GeForce RTX 5080 16 GB Video Card (GV-N5080GAMING OC-16GD) - PCPartPicker
2025-04-22,119999.0,Gigabyte GAMING OC GeForce RTX 5080 16 GB Video Card (GV-N5080GAMING OC-16GD) - PCPartPicker
2025-04-23,119999.0,Gigabyte GAMING OC GeForce RTX 5080 16 GB Video Card (GV-N5080GAMING OC-16GD) - PCPartPicker
2025-04-24,119999.0,Gigabyte GAMING OC GeForce RTX 5080 16 GB Video Card (GV-N5080GAMING OC-16GD) - PCPartPicker
2025-04-25,153999.0,Gigabyte GAMING OC GeForce RTX 5080 16 GB Video Card (GV-N5080GAMING OC-16GD) - PCPartPicker
2025-04-26,153999.0,Gigabyte GAMING OC GeForce RTX 5080 16 GB Video Card (GV-N5080GAMING OC-16GD) - PCPartPicker
2025-04-27,153999.0,Gigabyte GAMING OC GeForce RTX 5080 16 GB Video Card (GV-N5080GAMING OC-16GD) - PCPartPicker
2025-04-28,153999.0,Gigabyte GAMING OC GeForce RTX 5080 16 GB Video Card (GV-N5080GAMING OC-16GD) - PCPartPicker
2025-04-29,153999.0,Gigabyte GAMING OC GeForce RTX 5080 16 GB Video Card (GV-N5080GAMING OC-16GD) - PCPartPicker
2025-04-30,153999.0,Gigabyte GAMING OC GeForce RTX 5080 16 GB Video Card (GV-N5080GAMING OC-16GD) - PCPartPicker
2025-05-01,153999.0,Gigabyte GAMING OC GeForce RTX 5080 16 GB Video Card (GV-N5080GAMING OC-16GD) - PCPartPicker
2025-05-02,153999.0,Gigabyte GAMING OC GeForce RTX 5080 16 GB Video Card (GV-N5080GAMING OC-16GD) - PCPartPicker
2025-05-03,153999.0,Gigabyte GAMING OC GeForce RTX 5080 16 GB Video Card (GV-N5080GAMING OC-16GD) - PCPartPicker
2025-05-04,153999.0,Gigabyte GAMING OC GeForce RTX 5080 16 GB Video Card (GV-N5080GAMING OC-16GD) - PCPartPicker
2025-05-05,153999.0,Gigabyte GAMING OC GeForce RTX 5080 16 GB Video Card (GV-N5080GAMING OC-16GD) - PCPartPicker
2025-05-06,153999.0,Gigabyte GAMING OC GeForce RTX 5080 16 GB Video Card (GV-N5080GAMING OC-16GD) - PCPartPicker
2025-05-07,153999.0,Gigabyte GAMING OC GeForce RTX 5080 16 GB Video Card (GV-N5080GAMING OC-16GD) - PCPartPicker
2025-05-08,153999.0,Gigabyte GAMING OC GeForce RTX 5080 16 GB Video Card (GV-N5080GAMING OC-16GD) - PCPartPicker
2025-05-09,153999.0,Gigabyte GAMING OC GeForce RTX 5080 16 GB Video Card (GV-N5080GAMING OC-16GD) - PCPartPicker
2025-05-10,153999.0,Gigabyte GAMING OC GeForce RTX 5080 16 GB Video Card (GV-N5080GAMING OC-16GD) - PCPartPicker
2025-05-11,153999.0,Gigabyte GAMING OC GeForce RTX 5080 16 GB Video Card (GV-N5080GAMING OC-16GD) - PCPartPicker
2025-05-12,153999.0,Gigabyte GAMING OC GeForce RTX 5080 16 GB Video Card (GV-N5080GAMING OC-16GD) - PCPartPicker
2025-05-13,153999.0,Gigabyte GAMING OC GeForce RTX 5080 16 GB Video Card (GV-N5080GAMING OC-16GD) - PCPartPicker
2025-05-14,153999.0,Gigabyte GAMING OC GeForce RTX 5080 16 GB Video Card (GV-N5080GAMING OC-16GD) - PCPartPicker
2025-05-15,153999.0,Gigabyte GAMING OC GeForce RTX 5080 16 GB Video Card (GV-N5080GAMING OC-16GD) - PCPartPicker
2025-05-16,153999.0,Gigabyte GAMING OC GeForce RTX 5080 16 GB Video Card (GV-N5080GAMING OC-16GD) - PCPartPicker
2025-05-17,153999.0,Gigabyte GAMING OC GeForce RTX 5080 16 GB Video Card (GV-N5080GAMING OC-16GD) - PCPartPicker
2025-05-18,153999.0,Gigabyte GAMING OC GeForce RTX 5080 16 GB Video Card (GV-N5080GAMING OC-16GD) - PCPartPicker
2025-05-19,153999.0,Gigabyte GAMING OC GeForce RTX 5080 16 GB Video Card (GV-N5080GAMING OC-16GD) - PCPartPicker
2025-05-20,153999.0,Gigabyte GAMING OC GeForce RTX 5080 16 GB Video Card (GV-N5080GAMING OC-16GD) - PCPartPicker
2025-05-21,153999.0,Gigabyte GAMING OC GeForce RTX 5080 16 GB Video Card (GV-N5080GAMING OC-16GD) - PCPartPicker
2025-05-22,153999.0,Gigabyte GAMING OC GeForce RTX 5080 16 GB Video Card (GV-N5080GAMING OC-16GD) - PCPartPicker
2025-05-23,153999.0,Gigabyte GAMING OC GeForce RTX 5080 16 GB Video Card (GV-N5080GAMING OC-16GD) - PCPartPicker
2025-05-24,153999.0,Gigabyte GAMING OC GeForce RTX 5080 16 GB Video Card (GV-N5080GAMING OC-16GD) - PCPartPicker
2025-05-25,153999.0,Gigabyte GAMING OC GeForce RTX 5080 16 GB Video Card (GV-N5080GAMING OC-16GD) - PCPartPicker
2025-05-26,153999.0,Gigabyte GAMING OC GeForce RTX 5080 16 GB Video Card (GV-N5080GAMING OC-16GD) - PCPartPicker
2025-05-27,153999.0,Gigabyte GAMING OC GeForce RTX 5080 16 GB Video Card (GV-N5080GAMING OC-16GD) - PCPartPicker
2025-05-28,153999.0,Gigabyte GAMING OC GeForce RTX 5080 16 GB Video Card (GV-N5080GAMING OC-16GD) - PCPartPicker
2025-05-29,153999.0,Gigabyte GAMING OC GeForce RTX 5080 16 GB Video Card (GV-N5080GAMING OC-16GD) - PCPartPicker
2025-05-30,153999.0,Gigabyte GAMING OC GeForce RTX 5080 16 GB Video Card (GV-N5080GAMING OC-16GD) - PCPartPicker
2025-05-31,153999.0,Gigabyte GAMING OC GeForce RTX 5080 16 GB Video Card (GV-N5080GAMING OC-16GD) - PCPartPicker
2025-06-01,153999.0,Gigabyte GAMING OC GeForce RTX 5080 16 GB Video Card (GV-N5080GAMING OC-16GD) - PCPartPicker
2025-06-02,153999.0,Gigabyte GAMING OC GeForce RTX 5080 16 GB Video Card (GV-N5080GAMING OC-16GD) - PCPartPicker
2025-06-03,153999.0,Gigabyte GAMING OC GeForce RTX 5080 16 GB Video Card (GV-N5080GAMING OC-16GD) - PCPartPicker
2025-06-04,153999.0,Gigabyte GAMING OC GeForce RTX 5080 16 GB Video Card (GV-N5080GAMING OC-16GD) - PCPartPicker
2025-06-05,153999.0,Gigabyte GAMING OC GeForce RTX 5080 16 GB Video Card (GV-N5080GAMING OC-16GD) - PCPartPicker
2025-06-06,153999.0,Gigabyte GAMING OC GeForce RTX 5080 16 GB Video Card (GV-N5080GAMING OC-16GD) - PCPartPicker
2025-06-07,153999.0,Gigabyte GAMING OC GeForce RTX 5080 16 GB Video Card (GV-N5080GAMING OC-16GD) - PCPartPicker
2025-06-08,153999.0,Gigabyte GAMING OC GeForce RTX 5080 16 GB Video Card (GV-N5080GAMING OC-16GD) - PCPartPicker
2025-06-09,153999.0,Gigabyte GAMING OC GeForce RTX 5080 16 GB Video Card (GV-N5080GAMING OC-16GD) - PCPartPicker
2025-06-10,153999.0,Gigabyte GAMING OC GeForce RTX 5080 16 GB Video Card (GV-N5080GAMING OC-16GD) - PCPartPicker
2025-06-11,153999.0,Gigabyte GAMING OC GeForce RTX 5080 16 GB Video Card (GV-N5080GAMING OC-16GD) - PCPartPicker
2025-06-12,153999.0,Gigabyte GAMING OC GeForce RTX 5080 16 GB Video Card (GV-N5080GAMING OC-16GD) - PCPartPicker
2025-06-13,153999.0,Gigabyte GAMING OC GeForce RTX 5080 16 GB Video Card (GV-N5080GAMING OC-16GD) - PCPartPicker
2025-06-14,153999.0,Gigabyte GAMING OC GeForce RTX 5080 16 GB Video Card (GV-N5080GAMING OC-16GD) - PCPartPicker
2025-06-15,153999.0,Gigabyte GAMING OC GeForce RTX 5080 16 GB Video Card (GV-N5080GAMING OC-16GD) - PCPartPicker
2025-06-16,153999.0,Gigabyte GAMING OC GeForce RTX 5080 16 GB Video Card (GV-N5080GAMING OC-16GD) - PCPartPicker
2025-06-17,153999.0,Gigabyte GAMING OC GeForce RTX 5080 16 GB Video Card (GV-N5080GAMING OC-16GD) - PCPartPicker
2025-06-18,153999.0,Gigabyte GAMING OC GeForce RTX 5080 16 GB Video Card (GV-N5080GAMING OC-16GD) - PCPartPicker
2025-06-19,153999.0,Gigabyte GAMING OC GeForce RTX 5080 16 GB Video Card (GV-N5080GAMING OC-16GD) - PCPartPicker
2025-06-20,153999.0,Gigabyte GAMING OC GeForce RTX 5080 16 GB Video Card (GV-N5080GAMING OC-16GD) - PCPartPicker
2025-06-21,153999.0,Gigabyte GAMING OC GeForce RTX 5080 16 GB Video Card (GV-N5080GAMING OC-16GD) - PCPartPicker
2025-06-22,153999.0,Gigabyte GAMING OC GeForce RTX 5080 16 GB Video Card (GV-N5080GAMING OC-16GD) - PCPartPicker
2025-06-23,153999.0,Gigabyte GAMING OC GeForce RTX 5080 16 GB Video Card (GV-N5080GAMING OC-16GD) - PCPartPicker
2025-06-24,153999.0,Gigabyte GAMING OC GeForce RTX 5080 16 GB Video Card (GV-N5080GAMING OC-16GD) - PCPartPicker
2025-06-25,153999.0,Gigabyte GAMING OC GeForce RTX 5080 16 GB Video Card (GV-N5080GAMING OC-16GD) - PCPartPicker
2025-06-26,153999.0,Gigabyte GAMING OC GeForce RTX 5080 16 GB Video Card (GV-N5080GAMING OC-16GD) - PCPartPicker
2025-06-27,153999.0,Gigabyte GAMING OC GeForce RTX 5080 16 GB Video Card (GV-N5080GAMING OC-16GD) - PCPartPicker
2025-06-28,153999.0,Gigabyte GAMING OC GeForce RTX 5080 16 GB Video Card (GV-N5080GAMING OC-16GD) - PCPartPicker
2025-06-29,153999.0,Gigabyte GAMING OC GeForce RTX 5080 16 GB Video Card (GV-N5080GAMING OC-16GD) - PCPartPicker
2025-06-30,153999.0,Gigabyte GAMING OC GeForce RTX 5080 16 GB Video Card (GV-N5080GAMING OC-16GD) - PCPartPicker
2025-07-01,153999.0,Gigabyte GAMING OC GeForce RTX 5080 16 GB Video Card (GV-N5080GAMING OC-16GD) - PCPartPicker
2025-07-02,153999.0,Gigabyte GAMING OC GeForce RTX 5080 16 GB Video Card (GV-N5080GAMING OC-16GD) - PCPartPicker
2025-07-03,153999.0,Gigabyte GAMING OC GeForce RTX 5080 16 GB Video Card (GV-N5080GAMING OC-16GD) - PCPartPicker
2025-07-04,153999.0,Gigabyte GAMING OC GeForce RTX 5080 16 GB Video Card (GV-N5080GAMING OC-16GD) - PCPartPicker
2025-07-05,153999.0,Gigabyte GAMING OC GeForce RTX 5080 16 GB Video Card (GV-N5080GAMING OC-16GD) - PCPartPicker
2025-07-06,153999.0,Gigabyte GAMING OC GeForce RTX 5080 16 GB Video Card (GV-N5080GAMING OC-16GD) - PCPartPicker
2025-07-07,149999.0,Gigabyte GAMING OC GeForce RTX 5080 16 GB Video Card (GV-N5080GAMING OC-16GD) - PCPartPicker
2025-07-08,149999.0,Gigabyte GAMING OC GeForce RTX 5080 16 GB Video Card (GV-N5080GAMING OC-16GD) - PCPartPicker
2025-07-09,149999.0,Gigabyte GAMING OC GeForce RTX 5080 16 GB Video Card (GV-N5080GAMING OC-16GD) - PCPartPicker
2025-07-10,149999.0,Gigabyte GAMING OC GeForce RTX 5080 16 GB Video Card (GV-N5080GAMING OC-16GD) - PCPartPicker
2025-07-11,149999.0,Gigabyte GAMING OC GeForce RTX 5080 16 GB Video Card (GV-N5080GAMING OC-16GD) - PCPartPicker
2025-07-12,149999.0,Gigabyte GAMING OC GeForce RTX 5080 16 GB Video Card (GV-N5080GAMING OC-16GD) - PCPartPicker
2025-07-13,149999.0,Gigabyte GAMING OC GeForce RTX 5080 16 GB Video Card (GV-N5080GAMING OC-16GD) - PCPartPicker
2025-07-14,149999.0,Gigabyte GAMING OC GeForce RTX 5080 16 GB Video Card (GV-N5080GAMING OC-16GD) - PCPartPicker
2025-07-15,149999.0,Gigabyte GAMING OC GeForce RTX 5080 16 GB Video Card (GV-N5080GAMING OC-16GD) - PCPartPicker
2025-07-16,149999.0,Gigabyte GAMING OC GeForce RTX 5080 16 GB Video Card (GV-N5080GAMING OC-16GD) - PCPartPicker
2025-07-17,149999.0,Gigabyte GAMING OC GeForce RTX 5080 16 GB Video Card (GV-N5080GAMING OC-16GD) - PCPartPicker
2025-07-18,149999.0,Gigabyte GAMING OC GeForce RTX 5080 16 GB Video Card (GV-N5080GAMING OC-16GD) - PCPartPicker
2025-07-19,153999.0,Gigabyte GAMING OC GeForce RTX 5080 16 GB Video Card (GV-N5080GAMING OC-16GD) - PCPartPicker
2025-07-20,153999.0,Gigabyte GAMING OC GeForce RTX 5080 16 GB Video Card (GV-N5080GAMING OC-16GD) - PCPartPicker
2025-07-21,153999.0,Gigabyte GAMING OC GeForce RTX 5080 16 GB Video Card (GV-N5080GAMING OC-16GD) - PCPartPicker
2025-07-22,153999.0,Gigabyte GAMING OC GeForce RTX 5080 16 GB Video Card (GV-N5080GAMING OC-16GD) - PCPartPicker
2025-07-23,153999.0,Gigabyte GAMING OC GeForce RTX 5080 16 GB Video Card (GV-N5080GAMING OC-16GD) - PCPartPicker
2025-07-24,153999.0,Gigabyte GAMING OC GeForce RTX 5080 16 GB Video Card (GV-N5080GAMING OC-16GD) - PCPartPicker
2025-07-25,153999.0,Gigabyte GAMING OC GeForce RTX 5080 16 GB Video Card (GV-N5080GAMING OC-16GD) - PCPartPicker
2025-07-26,153999.0,Gigabyte GAMING OC GeForce RTX 5080 16 GB Video Card (GV-N5080GAMING OC-16GD) - PCPartPicker
2025-07-27,153999.0,Gigabyte GAMING OC GeForce RTX 5080 16 GB Video Card (GV-N5080GAMING OC-16GD) - PCPartPicker
2025-07-28,152999.0,Gigabyte GAMING OC GeForce RTX 5080 16 GB Video Card (GV-N5080GAMING OC-16GD) - PCPartPicker
2025-07-29,152999.0,Gigabyte GAMING OC GeForce RTX 5080 16 GB Video Card (GV-N5080GAMING OC-16GD) - PCPartPicker
2025-07-30,152999.0,Gigabyte GAMING OC GeForce RTX 5080 16 GB Video Card (GV-N5080GAMING OC-16GD) - PCPartPicker
2025-07-31,152999.0,Gigabyte GAMING OC GeForce RTX 5080 16 GB Video Card (GV-N5080GAMING OC-16GD) - PCPartPicker
2025-08-01,151999.0,Gigabyte GAMING OC GeForce RTX 5080 16 GB Video Card (GV-N5080GAMING OC-16GD) - PCPartPicker
2025-08-02,152999.0,Gigabyte GAMING OC GeForce RTX 5080 16 GB Video Card (GV-N5080GAMING OC-16GD) - PCPartPicker
2025-08-03,151999.0,Gigabyte GAMING OC GeForce RTX 5080 16 GB Video Card (GV-N5080GAMING OC-16GD) - PCPartPicker
2025-08-04,151999.0,Gigabyte GAMING OC GeForce RTX 5080 16 GB Video Card (GV-N5080GAMING OC-16GD) - PCPartPicker
2025-08-05,151999.0,Gigabyte GAMING OC GeForce RTX 5080 16 GB Video Card (GV-N5080GAMING OC-16GD) - PCPartPicker
2025-08-06,151999.0,Gigabyte GAMING OC GeForce RTX 5080 16 GB Video Card (GV-N5080GAMING OC-16GD) - PCPartPicker
2025-08-07,151999.0,Gigabyte GAMING OC GeForce RTX 5080 16 GB Video Card (GV-N5080GAMING OC-16GD) - PCPartPicker
2025-08-08,151999.0,Gigabyte GAMING OC GeForce RTX 5080 16 GB Video Card (GV-N5080GAMING OC-16GD) - PCPartPicker
2025-08-09,151999.0,Gigabyte GAMING OC GeForce RTX 5080 16 GB Video Card (GV-N5080GAMING OC-16GD) - PCPartPicker
2025-08-10,151999.0,Gigabyte GAMING OC GeForce RTX 5080 16 GB Video Card (GV-N5080GAMING OC-16GD) - PCPartPicker
2025-08-11,151999.0,Gigabyte GAMING OC GeForce RTX 5080 16 GB Video Card (GV-N5080GAMING OC-16GD) - PCPartPicker
2025-08-12,151999.0,Gigabyte GAMING OC GeForce RTX 5080 16 GB Video Card (GV-N5080GAMING OC-16GD) - PCPartPicker
2025-08-13,151999.0,Gigabyte GAMING OC GeForce RTX 5080 16 GB Video Card (GV-N5080GAMING OC-16GD) - PCPartPicker
2025-08-14,151999.0,Gigabyte GAMING OC GeForce RTX 5080 16 GB Video Card (GV-N5080GAMING OC-16GD) - PCPartPicker
2025-08-15,149999.0,Gigabyte GAMING OC GeForce RTX 5080 16 GB Video Card (GV-N5080GAMING OC-16GD) - PCPartPicker
2025-08-16,149999.0,Gigabyte GAMING OC GeForce RTX 5080 16 GB Video Card (GV-N5080GAMING OC-16GD) - PCPartPicker
2025-08-17,149999.0,Gigabyte GAMING OC GeForce RTX 5080 16 GB Video Card (GV-N5080GAMING OC-16GD) - PCPartPicker
2025-08-18,149999.0,Gigabyte GAMING OC GeForce RTX 5080 16 GB Video Card (GV-N5080GAMING OC-16GD) - PCPartPicker
2025-08-19,149999.0,Gigabyte GAMING OC GeForce RTX 5080 16 GB Video Card (GV-N5080GAMING OC-16GD) - PCPartPicker
2025-08-20,149999.0,Gigabyte GAMING OC GeForce RTX 5080 16 GB Video Card (GV-N5080GAMING OC-16GD) - PCPartPicker
2025-08-21,149999.0,Gigabyte GAMING OC GeForce RTX 5080 16 GB Video Card (GV-N5080GAMING OC-16GD) - PCPartPicker
2025-08-22,149999.0,Gigabyte GAMING OC GeForce RTX 5080 16 GB Video Card (GV-N5080GAMING OC-16GD) - PCPartPicker
2025-08-23,149999.0,Gigabyte GAMING OC GeForce RTX 5080 16 GB Video Card (GV-N5080GAMING OC-16GD) - PCPartPicker
2025-08-24,149999.0,Gigabyte GAMING OC GeForce RTX 5080 16 GB Video Card (GV-N5080GAMING OC-16GD) - PCPartPicker
2025-08-25,149999.0,Gigabyte GAMING OC GeForce RTX 5080 16 GB Video Card (GV-N5080GAMING OC-16GD) - PCPartPicker
2025-08-26,149999.0,Gigabyte GAMING OC GeForce RTX 5080 16 GB Video Card (GV-N5080GAMING OC-16GD) - PCPartPicker
2025-08-27,149999.0,Gigabyte GAMING OC GeForce RTX 5080 16 GB Video Card (GV-N5080GAMING OC-16GD) - PCPartPicker
2025-08-28,149999.0,Gigabyte GAMING OC GeForce RTX 5080 16 GB Video Card (GV-N5080GAMING OC-16GD) - PCPartPicker
2025-08-29,149999.0,Gigabyte GAMING OC GeForce RTX 5080 16 GB Video Card (GV-N5080GAMING OC-16GD) - PCPartPicker
2025-08-30,149999.0,Gigabyte GAMING OC GeForce RTX 5080 16 GB Video Card (GV-N5080GAMING OC-16GD) - PCPartPicker
2025-08-31,149999.0,Gigabyte GAMING OC GeForce RTX 5080 16 GB Video Card (GV-N5080GAMING OC-16GD) - PCPartPicker
2025-09-01,145999.0,Gigabyte GAMING OC GeForce RTX 5080 16 GB Video Card (GV-N5080GAMING OC-16GD) - PCPartPicker
2025-09-02,145999.0,Gigabyte GAMING OC GeForce RTX 5080 16 GB Video Card (GV-N5080GAMING OC-16GD) - PCPartPicker
2025-09-03,145999.0,Gigabyte GAMING OC GeForce RTX 5080 16 GB Video Card (GV-N5080GAMING OC-16GD) - PCPartPicker
2025-09-04,145999.0,Gigabyte GAMING OC GeForce RTX 5080 16 GB Video Card (GV-N5080GAMING OC-16GD) - PCPartPicker
2025-09-05,145999.0,Gigabyte GAMING OC GeForce RTX 5080 16 GB Video Card (GV-N5080GAMING OC-16GD) - PCPartPicker
2025-09-06,145999.0,Gigabyte GAMING OC GeForce RTX 5080 16 GB Video Card (GV-N5080GAMING OC-16GD) - PCPartPicker
2025-09-07,145999.0,Gigabyte GAMING OC GeForce RTX 5080 16 GB Video Card (GV-N5080GAMING OC-16GD) - PCPartPicker
2025-09-08,145999.0,Gigabyte GAMING OC GeForce RTX 5080 16 GB Video Card (GV-N5080GAMING OC-16GD) - PCPartPicker
2025-09-09,145999.0,Gigabyte GAMING OC GeForce RTX 5080 16 GB Video Card (GV-N5080GAMING OC-16GD) - PCPartPicker
2025-09-10,145999.0,Gigabyte GAMING OC GeForce RTX 5080 16 GB Video Card (GV-N5080GAMING OC-16GD) - PCPartPicker
2025-09-11,145999.0,Gigabyte GAMING OC GeForce RTX 5080 16 GB Video Card (GV-N5080GAMING OC-16GD) - PCPartPicker
2025-09-12,145999.0,Gigabyte GAMING OC GeForce RTX 5080 16 GB Video Card (GV-N5080GAMING OC-16GD) - PCPartPicker
2025-09-13,145999.0,Gigabyte GAMING OC GeForce RTX 5080 16 GB Video Card (GV-N5080GAMING OC-16GD) - PCPartPicker
2025-09-14,145999.0,Gigabyte GAMING OC GeForce RTX 5080 16 GB Video Card (GV-N5080GAMING OC-16GD) - PCPartPicker
2025-09-15,145999.0,Gigabyte GAMING OC GeForce RTX 5080 16 GB Video Card (GV-N5080GAMING OC-16GD) - PCPartPicker
2025-09-16,145999.0,Gigabyte GAMING OC GeForce RTX 5080 16 GB Video Card (GV-N5080GAMING OC-16GD) - PCPartPicker
2025-09-17,145999.0,Gigabyte GAMING OC GeForce RTX 5080 16 GB Video Card (GV-N5080GAMING OC-16GD) - PCPartPicker
2025-09-18,145999.0,Gigabyte GAMING OC GeForce RTX 5080 16 GB Video Card (GV-N5080GAMING OC-16GD) - PCPartPicker
2025-09-19,145999.0,Gigabyte GAMING OC GeForce RTX 5080 16 GB Video Card (GV-N5080GAMING OC-16GD) - PCPartPicker
2025-09-20,145999.0,Gigabyte GAMING OC GeForce RTX 5080 16 GB Video Card (GV-N5080GAMING OC-16GD) - PCPartPicker
2025-09-21,145999.0,Gigabyte GAMING OC GeForce RTX 5080 16 GB Video Card (GV-N5080GAMING OC-16GD) - PCPartPicker
2025-09-22,145999.0,Gigabyte GAMING OC GeForce RTX 5080 16 GB Video Card (GV-N5080GAMING OC-16GD) - PCPartPicker
2025-09-23,145999.0,Gigabyte GAMING OC GeForce RTX 5080 16 GB Video Card (GV-N5080GAMING OC-16GD) - PCPartPicker
2025-09-24,145999.0,Gigabyte GAMING OC GeForce RTX 5080 16 GB Video Card (GV-N5080GAMING OC-16GD) - PCPartPicker
2025-09-25,145999.0,Gigabyte GAMING OC GeForce RTX 5080 16 GB Video Card (GV-N5080GAMING OC-16GD) - PCPartPicker
2025-09-26,145999.0,Gigabyte GAMING OC GeForce RTX 5080 16 GB Video Card (GV-N5080GAMING OC-16GD) - PCPartPicker
2025-09-27,145999.0,Gigabyte GAMING OC GeForce RTX 5080 16 GB Video Card (GV-N5080GAMING OC-16GD) - PCPartPicker
2025-09-28,145999.0,Gigabyte GAMING OC GeForce RTX 5080 16 GB Video Card (GV-N5080GAMING OC-16GD) - PCPartPicker
2025-09-29,145999.0,Gigabyte GAMING OC GeForce RTX 5080 16 GB Video Card (GV-N5080GAMING OC-16GD) - PCPartPicker
2025-09-30,145999.0,Gigabyte GAMING OC GeForce RTX 5080 16 GB Video Card (GV-N5080GAMING OC-16GD) - PCPartPicker
2025-10-01,142497.0,Gigabyte GAMING OC GeForce RTX 5080 16 GB Video Card (GV-N5080GAMING OC-16GD) - PCPartPicker
2025-10-02,142497.0,Gigabyte GAMING OC GeForce RTX 5080 16 GB Video Card (GV-N5080GAMING OC-16GD) - PCPartPicker
2025-10-03,139999.0,Gigabyte GAMING OC GeForce RTX 5080 16 GB Video Card (GV-N5080GAMING OC-16GD) - PCPartPicker
2025-10-04,142497.0,Gigabyte GAMING OC GeForce RTX 5080 16 GB Video Card (GV-N5080GAMING OC-16GD) - PCPartPicker
2025-10-05,139999.0,Gigabyte GAMING OC GeForce RTX 5080 16 GB Video Card (GV-N5080GAMING OC-16GD) - PCPartPicker
2025-10-06,139999.0,Gigabyte GAMING OC GeForce RTX 5080 16 GB Video Card (GV-N5080GAMING OC-16GD) - PCPartPicker
2025-10-07,119999.0,Gigabyte GAMING OC GeForce RTX 5080 16 GB Video Card (GV-N5080GAMING OC-16GD) - PCPartPicker
2025-10-08,119999.0,Gigabyte GAMING OC GeForce RTX 5080 16 GB Video Card (GV-N5080GAMING OC-16GD) - PCPartPicker
2025-10-09,137497.0,Gigabyte GAMING OC GeForce RTX 5080 16 GB Video Card (GV-N5080GAMING OC-16GD) - PCPartPicker
2025-10-10,137497.0,Gigabyte GAMING OC GeForce RTX 5080 16 GB Video Card (GV-N5080GAMING OC-16GD) - PCPartPicker
2025-10-11,137497.0,Gigabyte GAMING OC GeForce RTX 5080 16 GB Video Card (GV-N5080GAMING OC-16GD) - PCPartPicker
2025-10-12,137497.0,Gigabyte GAMING OC GeForce RTX 5080 16 GB Video Card (GV-N5080GAMING OC-16GD) - PCPartPicker
2025-10-13,142497.0,Gigabyte GAMING OC GeForce RTX 5080 16 GB Video Card (GV-N5080GAMING OC-16GD) - PCPartPicker
2025-10-14,142497.0,Gigabyte GAMING OC GeForce RTX 5080 16 GB Video Card (GV-N5080GAMING OC-16GD) - PCPartPicker
2025-10-15,142497.0,Gigabyte GAMING OC GeForce RTX 5080 16 GB Video Card (GV-N5080GAMING OC-16GD) - PCPartPicker
2025-10-16,139997.0,Gigabyte GAMING OC GeForce RTX 5080 16 GB Video Card (GV-N5080GAMING OC-16GD) - PCPartPicker
2025-10-17,142497.0,Gigabyte GAMING OC GeForce RTX 5080 16 GB Video Card (GV-N5080GAMING OC-16GD) - PCPartPicker
2025-10-18,142497.0,Gigabyte GAMING OC GeForce RTX 5080 16 GB Video Card (GV-N5080GAMING OC-16GD) - PCPartPicker
2025-10-19,142497.0,Gigabyte GAMING OC GeForce RTX 5080 16 GB Video Card (GV-N5080GAMING OC-16GD) - PCPartPicker
2025-10-20,142497.0,Gigabyte GAMING OC GeForce RTX 5080 16 GB Video Card (GV-N5080GAMING OC-16GD) - PCPartPicker
2025-10-21,129999.0,Gigabyte GAMING OC GeForce RTX 5080 16 GB Video Card (GV-N5080GAMING OC-16GD) - PCPartPicker
