2023-10-21,,MSI VENTUS 2X PLUS OC GeForce RTX 5060 Ti 8 GB Video Card (RTX 5060 Ti 8G VENTUS 2X OC PLUS) - PCPartPicker
2023-10-22,,MSI VENTUS 2X PLUS OC GeForce RTX 5060 Ti 8 GB Video Card (RTX 5060 Ti 8G VENTUS 2X OC PLUS) - PCPartPicker
2023-10-23,,MSI VENTUS 2X PLUS OC GeForce RTX 5060 Ti 8 GB Video Card (RTX 5060 Ti 8G VENTUS 2X OC PLUS) - PCPartPicker
2023-10-24,,MSI VENTUS 2X PLUS OC GeForce RTX 5060 Ti 8 GB Video Card (RTX 5060 Ti 8G VENTUS 2X OC PLUS) - PCPartPicker
2023-10-25,,MSI VENTUS 2X PLUS OC GeForce RTX 5060 Ti 8 GB Video Card (RTX 5060 Ti 8G VENTUS 2X OC PLUS) - PCPartPicker
2023-10-26,,MSI VENTUS 2X PLUS OC GeForce RTX 5060 Ti 8 GB Video Card (RTX 5060 Ti 8G VENTUS 2X OC PLUS) - PCPartPicker
2023-10-27,,MSI VENTUS 2X PLUS OC GeForce RTX 5060 Ti 8 GB Video Card (RTX 5060 Ti 8G VENTUS 2X OC PLUS) - PCPartPicker
2023-10-28,,MSI VENTUS 2X PLUS OC GeForce RTX 5060 Ti 8 GB Video Card (RTX 5060 Ti 8G VENTUS 2X OC PLUS) - PCPartPicker
2023-10-29,,MSI VENTUS 2X PLUS OC GeForce RTX 5060 Ti 8 GB Video Card (RTX 5060 Ti 8G VENTUS 2X OC PLUS) - PCPartPicker
2023-10-30,,MSI VENTUS 2X PLUS OC GeForce RTX 5060 Ti 8 GB Video Card (RTX 5060 Ti 8G VENTUS 2X OC PLUS) - PCPartPicker
2023-10-31,,MSI VENTUS 2X PLUS OC GeForce RTX 5060 Ti 8 GB Video Card (RTX 5060 Ti 8G VENTUS 2X OC PLUS) - PCPartPicker
2023-11-01,,MSI VENTUS 2X PLUS OC GeForce RTX 5060 Ti 8 GB Video Card (RTX 5060 Ti 8G VENTUS 2X OC PLUS) - PCPartPicker
2023-11-02,,MSI VENTUS 2X PLUS OC GeForce RTX 5060 Ti 8 GB Video Card (RTX 5060 Ti 8G VENTUS 2X OC PLUS) - PCPartPicker
2023-11-03,,MSI VENTUS 2X PLUS OC GeForce RTX 5060 Ti 8 GB Video Card (RTX 5060 Ti 8G VENTUS 2X OC PLUS) - PCPartPicker
2023-11-04,,MSI VENTUS 2X PLUS OC GeForce RTX 5060 Ti 8 GB Video Card (RTX 5060 Ti 8G VENTUS 2X OC PLUS) - PCPartPicker
2023-11-05,,MSI VENTUS 2X PLUS OC GeForce RTX 5060 Ti 8 GB Video Card (RTX 5060 Ti 8G VENTUS 2X OC PLUS) - PCPartPicker
2023-11-06,,MSI VENTUS 2X PLUS OC GeForce RTX 5060 Ti 8 GB Video Card (RTX 5060 Ti 8G VENTUS 2X OC PLUS) - PCPartPicker
2023-11-07,,MSI VENTUS 2X PLUS OC GeForce RTX 5060 Ti 8 GB Video Card (RTX 5060 Ti 8G VENTUS 2X OC PLUS) - PCPartPicker
2023-11-08,,MSI VENTUS 2X PLUS OC GeForce RTX 5060 Ti 8 GB Video Card (RTX 5060 Ti 8G VENTUS 2X OC PLUS) - PCPartPicker
2023-11-09,,MSI VENTUS 2X PLUS OC GeForce RTX 5060 Ti 8 GB Video Card (RTX 5060 Ti 8G VENTUS 2X OC PLUS) - PCPartPicker
2023-11-10,,MSI VENTUS 2X PLUS OC GeForce RTX 5060 Ti 8 GB Video Card (RTX 5060 Ti 8G VENTUS 2X OC PLUS) - PCPartPicker
2023-11-11,,MSI VENTUS 2X PLUS OC GeForce RTX 5060 Ti 8 GB Video Card (RTX 5060 Ti 8G VENTUS 2X OC PLUS) - PCPartPicker
2023-11-12,,MSI VENTUS 2X PLUS OC GeForce RTX 5060 Ti 8 GB Video Card (RTX 5060 Ti 8G VENTUS 2X OC PLUS) - PCPartPicker
2023-11-13,,MSI VENTUS 2X PLUS OC GeForce RTX 5060 Ti 8 GB Video Card (RTX 5060 Ti 8G VENTUS 2X OC PLUS) - PCPartPicker
2023-11-14,,MSI VENTUS 2X PLUS OC GeForce RTX 5060 Ti 8 GB Video Card (RTX 5060 Ti 8G VENTUS 2X OC PLUS) - PCPartPicker
2023-11-15,,MSI VENTUS 2X PLUS OC GeForce RTX 5060 Ti 8 GB Video Card (RTX 5060 Ti 8G VENTUS 2X OC PLUS) - PCPartPicker
2023-11-16,,MSI VENTUS 2X PLUS OC GeForce RTX 5060 Ti 8 GB Video Card (RTX 5060 Ti 8G VENTUS 2X OC PLUS) - PCPartPicker
2023-11-17,,MSI VENTUS 2X PLUS OC GeForce RTX 5060 Ti 8 GB Video Card (RTX 5060 Ti 8G VENTUS 2X OC PLUS) - PCPartPicker
2023-11-18,,MSI VENTUS 2X PLUS OC GeForce RTX 5060 Ti 8 GB Video Card (RTX 5060 Ti 8G VENTUS 2X OC PLUS) - PCPartPicker
2023-11-19,,MSI VENTUS 2X PLUS OC GeForce RTX 5060 Ti 8 GB Video Card (RTX 5060 Ti 8G VENTUS 2X OC PLUS) - PCPartPicker
2023-11-20,,MSI VENTUS 2X PLUS OC GeForce RTX 5060 Ti 8 GB Video Card (RTX 5060 Ti 8G VENTUS 2X OC PLUS) - PCPartPicker
2023-11-21,,MSI VENTUS 2X PLUS OC GeForce RTX 5060 Ti 8 GB Video Card (RTX 5060 Ti 8G VENTUS 2X OC PLUS) - PCPartPicker
2023-11-22,,MSI VENTUS 2X PLUS OC GeForce RTX 5060 Ti 8 GB Video Card (RTX 5060 Ti 8G VENTUS 2X OC PLUS) - PCPartPicker
2023-11-23,,MSI VENTUS 2X PLUS OC GeForce RTX 5060 Ti 8 GB Video Card (RTX 5060 Ti 8G VENTUS 2X OC PLUS) - PCPartPicker
2023-11-24,,MSI VENTUS 2X PLUS OC GeForce RTX 5060 Ti 8 GB Video Card (RTX 5060 Ti 8G VENTUS 2X OC PLUS) - PCPartPicker
2023-11-25,,MSI VENTUS 2X PLUS OC GeForce RTX 5060 Ti 8 GB Video Card (RTX 5060 Ti 8G VENTUS 2X OC PLUS) - PCPartPicker
2023-11-26,,MSI VENTUS 2X PLUS OC GeForce RTX 5060 Ti 8 GB Video Card (RTX 5060 Ti 8G VENTUS 2X OC PLUS) - PCPartPicker
2023-11-27,,MSI VENTUS 2X PLUS OC GeForce RTX 5060 Ti 8 GB Video Card (RTX 5060 Ti 8G VENTUS 2X OC PLUS) - PCPartPicker
2023-11-28,,MSI VENTUS 2X PLUS OC GeForce RTX 5060 Ti 8 GB Video Card (RTX 5060 Ti 8G VENTUS 2X OC PLUS) - PCPartPicker
2023-11-29,,MSI VENTUS 2X PLUS OC GeForce RTX 5060 Ti 8 GB Video Card (RTX 5060 Ti 8G VENTUS 2X OC PLUS) - PCPartPicker
2023-11-30,,MSI VENTUS 2X PLUS OC GeForce RTX 5060 Ti 8 GB Video Card (RTX 5060 Ti 8G VENTUS 2X OC PLUS) - PCPartPicker
2023-12-01,,MSI VENTUS 2X PLUS OC GeForce RTX 5060 Ti 8 GB Video Card (RTX 5060 Ti 8G VENTUS 2X OC PLUS) - PCPartPicker
2023-12-02,,MSI VENTUS 2X PLUS OC GeForce RTX 5060 Ti 8 GB Video Card (RTX 5060 Ti 8G VENTUS 2X OC PLUS) - PCPartPicker
2023-12-03,,MSI VENTUS 2X PLUS OC GeForce RTX 5060 Ti 8 GB Video Card (RTX 5060 Ti 8G VENTUS 2X OC PLUS) - PCPartPicker
2023-12-04,,MSI VENTUS 2X PLUS OC GeForce RTX 5060 Ti 8 GB Video Card (RTX 5060 Ti 8G VENTUS 2X OC PLUS) - PCPartPicker
2023-12-05,,MSI VENTUS 2X PLUS OC GeForce RTX 5060 Ti 8 GB Video Card (RTX 5060 Ti 8G VENTUS 2X OC PLUS) - PCPartPicker
2023-12-06,,MSI VENTUS 2X PLUS OC GeForce RTX 5060 Ti 8 GB Video Card (RTX 5060 Ti 8G VENTUS 2X OC PLUS) - PCPartPicker
2023-12-07,,MSI VENTUS 2X PLUS OC GeForce RTX 5060 Ti 8 GB Video Card (RTX 5060 Ti 8G VENTUS 2X OC PLUS) - PCPartPicker
2023-12-08,,MSI VENTUS 2X PLUS OC GeForce RTX 5060 Ti 8 GB Video Card (RTX 5060 Ti 8G VENTUS 2X OC PLUS) - PCPartPicker
2023-12-09,,MSI VENTUS 2X PLUS OC GeForce RTX 5060 Ti 8 GB Video Card (RTX 5060 Ti 8G VENTUS 2X OC PLUS) - PCPartPicker
2023-12-10,,MSI VENTUS 2X PLUS OC GeForce RTX 5060 Ti 8 GB Video Card (RTX 5060 Ti 8G VENTUS 2X OC PLUS) - PCPartPicker
2023-12-11,,MSI VENTUS 2X PLUS OC GeForce RTX 5060 Ti 8 GB Video Card (RTX 5060 Ti 8G VENTUS 2X OC PLUS) - PCPartPicker
2023-12-12,,MSI VENTUS 2X PLUS OC GeForce RTX 5060 Ti 8 GB Video Card (RTX 5060 Ti 8G VENTUS 2X OC PLUS) - PCPartPicker
2023-12-13,,MSI VENTUS 2X PLUS OC GeForce RTX 5060 Ti 8 GB Video Card (RTX 5060 Ti 8G VENTUS 2X OC PLUS) - PCPartPicker
2023-12-14,,MSI VENTUS 2X PLUS OC GeForce RTX 5060 Ti 8 GB Video Card (RTX 5060 Ti 8G VENTUS 2X OC PLUS) - PCPartPicker
2023-12-15,,MSI VENTUS 2X PLUS OC GeForce RTX 5060 Ti 8 GB Video Card (RTX 5060 Ti 8G VENTUS 2X OC PLUS) - PCPartPicker
2023-12-16,,MSI VENTUS 2X PLUS OC GeForce RTX 5060 Ti 8 GB Video Card (RTX 5060 Ti 8G VENTUS 2X OC PLUS) - PCPartPicker
2023-12-17,,MSI VENTUS 2X PLUS OC GeForce RTX 5060 Ti 8 GB Video Card (RTX 5060 Ti 8G VENTUS 2X OC PLUS) - PCPartPicker
2023-12-18,,MSI VENTUS 2X PLUS OC GeForce RTX 5060 Ti 8 GB Video Card (RTX 5060 Ti 8G VENTUS 2X OC PLUS) - PCPartPicker
2023-12-19,,MSI VENTUS 2X PLUS OC GeForce RTX 5060 Ti 8 GB Video Card (RTX 5060 Ti 8G VENTUS 2X OC PLUS) - PCPartPicker
2023-12-20,,MSI VENTUS 2X PLUS OC GeForce RTX 5060 Ti 8 GB Video Card (RTX 5060 Ti 8G VENTUS 2X OC PLUS) - PCPartPicker
2023-12-21,,MSI VENTUS 2X PLUS OC GeForce RTX 5060 Ti 8 GB Video Card (RTX 5060 Ti 8G VENTUS 2X OC PLUS) - PCPartPicker
2023-12-22,,MSI VENTUS 2X PLUS OC GeForce RTX 5060 Ti 8 GB Video Card (RTX 5060 Ti 8G VENTUS 2X OC PLUS) - PCPartPicker
2023-12-23,,MSI VENTUS 2X PLUS OC GeForce RTX 5060 Ti 8 GB Video Card (RTX 5060 Ti 8G VENTUS 2X OC PLUS) - PCPartPicker
2023-12-24,,MSI VENTUS 2X PLUS OC GeForce RTX 5060 Ti 8 GB Video Card (RTX 5060 Ti 8G VENTUS 2X OC PLUS) - PCPartPicker
2023-12-25,,MSI VENTUS 2X PLUS OC GeForce RTX 5060 Ti 8 GB Video Card (RTX 5060 Ti 8G VENTUS 2X OC PLUS) - PCPartPicker
2023-12-26,,MSI VENTUS 2X PLUS OC GeForce RTX 5060 Ti 8 GB Video Card (RTX 5060 Ti 8G VENTUS 2X OC PLUS) - PCPartPicker
2023-12-27,,MSI VENTUS 2X PLUS OC GeForce RTX 5060 Ti 8 GB Video Card (RTX 5060 Ti 8G VENTUS 2X OC PLUS) - PCPartPicker
2023-12-28,,MSI VENTUS 2X PLUS OC GeForce RTX 5060 Ti 8 GB Video Card (RTX 5060 Ti 8G VENTUS 2X OC PLUS) - PCPartPicker
2023-12-29,,MSI VENTUS 2X PLUS OC GeForce RTX 5060 Ti 8 GB Video Card (RTX 5060 Ti 8G VENTUS 2X OC PLUS) - PCPartPicker
2023-12-30,,MSI VENTUS 2X PLUS OC GeForce RTX 5060 Ti 8 GB Video Card (RTX 5060 Ti 8G VENTUS 2X OC PLUS) - PCPartPicker
2023-12-31,,MSI VENTUS 2X PLUS OC GeForce RTX 5060 Ti 8 GB Video Card (RTX 5060 Ti 8G VENTUS 2X OC PLUS) - PCPartPicker
2024-01-01,,MSI VENTUS 2X PLUS OC GeForce RTX 5060 Ti 8 GB Video Card (RTX 5060 Ti 8G VENTUS 2X OC PLUS) - PCPartPicker
2024-01-02,,MSI VENTUS 2X PLUS OC GeForce RTX 5060 Ti 8 GB Video Card (RTX 5060 Ti 8G VENTUS 2X OC PLUS) - PCPartPicker
2024-01-03,,MSI VENTUS 2X PLUS OC GeForce RTX 5060 Ti 8 GB Video Card (RTX 5060 Ti 8G VENTUS 2X OC PLUS) - PCPartPicker
2024-01-04,,MSI VENTUS 2X PLUS OC GeForce RTX 5060 Ti 8 GB Video Card (RTX 5060 Ti 8G VENTUS 2X OC PLUS) - PCPartPicker
2024-01-05,,MSI VENTUS 2X PLUS OC GeForce RTX 5060 Ti 8 GB Video Card (RTX 5060 Ti 8G VENTUS 2X OC PLUS) - PCPartPicker
2024-01-06,,MSI VENTUS 2X PLUS OC GeForce RTX 5060 Ti 8 GB Video Card (RTX 5060 Ti 8G VENTUS 2X OC PLUS) - PCPartPicker
2024-01-07,,MSI VENTUS 2X PLUS OC GeForce RTX 5060 Ti 8 GB Video Card (RTX 5060 Ti 8G VENTUS 2X OC PLUS) - PCPartPicker
2024-01-08,,MSI VENTUS 2X PLUS OC GeForce RTX 5060 Ti 8 GB Video Card (RTX 5060 Ti 8G VENTUS 2X OC PLUS) - PCPartPicker
2024-01-09,,MSI VENTUS 2X PLUS OC GeForce RTX 5060 Ti 8 GB Video Card (RTX 5060 Ti 8G VENTUS 2X OC PLUS) - PCPartPicker
2024-01-10,,MSI VENTUS 2X PLUS OC GeForce RTX 5060 Ti 8 GB Video Card (RTX 5060 Ti 8G VENTUS 2X OC PLUS) - PCPartPicker
2024-01-11,,MSI VENTUS 2X PLUS OC GeForce RTX 5060 Ti 8 GB Video Card (RTX 5060 Ti 8G VENTUS 2X OC PLUS) - PCPartPicker
2024-01-12,,MSI VENTUS 2X PLUS OC GeForce RTX 5060 Ti 8 GB Video Card (RTX 5060 Ti 8G VENTUS 2X OC PLUS) - PCPartPicker
2024-01-13,,MSI VENTUS 2X PLUS OC GeForce RTX 5060 Ti 8 GB Video Card (RTX 5060 Ti 8G VENTUS 2X OC PLUS) - PCPartPicker
2024-01-14,,MSI VENTUS 2X PLUS OC GeForce RTX 5060 Ti 8 GB Video Card (RTX 5060 Ti 8G VENTUS 2X OC PLUS) - PCPartPicker
2024-01-15,,MSI VENTUS 2X PLUS OC GeForce RTX 5060 Ti 8 GB Video Card (RTX 5060 Ti 8G VENTUS 2X OC PLUS) - PCPartPicker
2024-01-16,,MSI VENTUS 2X PLUS OC GeForce RTX 5060 Ti 8 GB Video Card (RTX 5060 Ti 8G VENTUS 2X OC PLUS) - PCPartPicker
2024-01-17,,MSI VENTUS 2X PLUS OC GeForce RTX 5060 Ti 8 GB Video Card (RTX 5060 Ti 8G VENTUS 2X OC PLUS) - PCPartPicker
2024-01-18,,MSI VENTUS 2X PLUS OC GeForce RTX 5060 Ti 8 GB Video Card (RTX 5060 Ti 8G VENTUS 2X OC PLUS) - PCPartPicker
2024-01-19,,MSI VENTUS 2X PLUS OC GeForce RTX 5060 Ti 8 GB Video Card (RTX 5060 Ti 8G VENTUS 2X OC PLUS) - PCPartPicker
2024-01-20,,MSI VENTUS 2X PLUS OC GeForce RTX 5060 Ti 8 GB Video Card (RTX 5060 Ti 8G VENTUS 2X OC PLUS) - PCPartPicker
2024-01-21,,MSI VENTUS 2X PLUS OC GeForce RTX 5060 Ti 8 GB Video Card (RTX 5060 Ti 8G VENTUS 2X OC PLUS) - PCPartPicker
2024-01-22,,MSI VENTUS 2X PLUS OC GeForce RTX 5060 Ti 8 GB Video Card (RTX 5060 Ti 8G VENTUS 2X OC PLUS) - PCPartPicker
2024-01-23,,MSI VENTUS 2X PLUS OC GeForce RTX 5060 Ti 8 GB Video Card (RTX 5060 Ti 8G VENTUS 2X OC PLUS) - PCPartPicker
2024-01-24,,MSI VENTUS 2X PLUS OC GeForce RTX 5060 Ti 8 GB Video Card (RTX 5060 Ti 8G VENTUS 2X OC PLUS) - PCPartPicker
2024-01-25,,MSI VENTUS 2X PLUS OC GeForce RTX 5060 Ti 8 GB Video Card (RTX 5060 Ti 8G VENTUS 2X OC PLUS) - PCPartPicker
2024-01-26,,MSI VENTUS 2X PLUS OC GeForce RTX 5060 Ti 8 GB Video Card (RTX 5060 Ti 8G VENTUS 2X OC PLUS) - PCPartPicker
2024-01-27,,MSI VENTUS 2X PLUS OC GeForce RTX 5060 Ti 8 GB Video Card (RTX 5060 Ti 8G VENTUS 2X OC PLUS) - PCPartPicker
2024-01-28,,MSI VENTUS 2X PLUS OC GeForce RTX 5060 Ti 8 GB Video Card (RTX 5060 Ti 8G VENTUS 2X OC PLUS) - PCPartPicker
2024-01-29,,MSI VENTUS 2X PLUS OC GeForce RTX 5060 Ti 8 GB Video Card (RTX 5060 Ti 8G VENTUS 2X OC PLUS) - PCPartPicker
2024-01-30,,MSI VENTUS 2X PLUS OC GeForce RTX 5060 Ti 8 GB Video Card (RTX 5060 Ti 8G VENTUS 2X OC PLUS) - PCPartPicker
2024-01-31,,MSI VENTUS 2X PLUS OC GeForce RTX 5060 Ti 8 GB Video Card (RTX 5060 Ti 8G VENTUS 2X OC PLUS) - PCPartPicker
2024-02-01,,MSI VENTUS 2X PLUS OC GeForce RTX 5060 Ti 8 GB Video Card (RTX 5060 Ti 8G VENTUS 2X OC PLUS) - PCPartPicker
2024-02-02,,MSI VENTUS 2X PLUS OC GeForce RTX 5060 Ti 8 GB Video Card (RTX 5060 Ti 8G VENTUS 2X OC PLUS) - PCPartPicker
2024-02-03,,MSI VENTUS 2X PLUS OC GeForce RTX 5060 Ti 8 GB Video Card (RTX 5060 Ti 8G VENTUS 2X OC PLUS) - PCPartPicker
2024-02-04,,MSI VENTUS 2X PLUS OC GeForce RTX 5060 Ti 8 GB Video Card (RTX 5060 Ti 8G VENTUS 2X OC PLUS) - PCPartPicker
2024-02-05,,MSI VENTUS 2X PLUS OC GeForce RTX 5060 Ti 8 GB Video Card (RTX 5060 Ti 8G VENTUS 2X OC PLUS) - PCPartPicker
2024-02-06,,MSI VENTUS 2X PLUS OC GeForce RTX 5060 Ti 8 GB Video Card (RTX 5060 Ti 8G VENTUS 2X OC PLUS) - PCPartPicker
2024-02-07,,MSI VENTUS 2X PLUS OC GeForce RTX 5060 Ti 8 GB Video Card (RTX 5060 Ti 8G VENTUS 2X OC PLUS) - PCPartPicker
2024-02-08,,MSI VENTUS 2X PLUS OC GeForce RTX 5060 Ti 8 GB Video Card (RTX 5060 Ti 8G VENTUS 2X OC PLUS) - PCPartPicker
2024-02-09,,MSI VENTUS 2X PLUS OC GeForce RTX 5060 Ti 8 GB Video Card (RTX 5060 Ti 8G VENTUS 2X OC PLUS) - PCPartPicker
2024-02-10,,MSI VENTUS 2X PLUS OC GeForce RTX 5060 Ti 8 GB Video Card (RTX 5060 Ti 8G VENTUS 2X OC PLUS) - PCPartPicker
2024-02-11,,MSI VENTUS 2X PLUS OC GeForce RTX 5060 Ti 8 GB Video Card (RTX 5060 Ti 8G VENTUS 2X OC PLUS) - PCPartPicker
2024-02-12,,MSI VENTUS 2X PLUS OC GeForce RTX 5060 Ti 8 GB Video Card (RTX 5060 Ti 8G VENTUS 2X OC PLUS) - PCPartPicker
2024-02-13,,MSI VENTUS 2X PLUS OC GeForce RTX 5060 Ti 8 GB Video Card (RTX 5060 Ti 8G VENTUS 2X OC PLUS) - PCPartPicker
2024-02-14,,MSI VENTUS 2X PLUS OC GeForce RTX 5060 Ti 8 GB Video Card (RTX 5060 Ti 8G VENTUS 2X OC PLUS) - PCPartPicker
2024-02-15,,MSI VENTUS 2X PLUS OC GeForce RTX 5060 Ti 8 GB Video Card (RTX 5060 Ti 8G VENTUS 2X OC PLUS) - PCPartPicker
2024-02-16,,MSI VENTUS 2X PLUS OC GeForce RTX 5060 Ti 8 GB Video Card (RTX 5060 Ti 8G VENTUS 2X OC PLUS) - PCPartPicker
2024-02-17,,MSI VENTUS 2X PLUS OC GeForce RTX 5060 Ti 8 GB Video Card (RTX 5060 Ti 8G VENTUS 2X OC PLUS) - PCPartPicker
2024-02-18,,MSI VENTUS 2X PLUS OC GeForce RTX 5060 Ti 8 GB Video Card (RTX 5060 Ti 8G VENTUS 2X OC PLUS) - PCPartPicker
2024-02-19,,MSI VENTUS 2X PLUS OC GeForce RTX 5060 Ti 8 GB Video Card (RTX 5060 Ti 8G VENTUS 2X OC PLUS) - PCPartPicker
2024-02-20,,MSI VENTUS 2X PLUS OC GeForce RTX 5060 Ti 8 GB Video Card (RTX 5060 Ti 8G VENTUS 2X OC PLUS) - PCPartPicker
2024-02-21,,MSI VENTUS 2X PLUS OC GeForce RTX 5060 Ti 8 GB Video Card (RTX 5060 Ti 8G VENTUS 2X OC PLUS) - PCPartPicker
2024-02-22,,MSI VENTUS 2X PLUS OC GeForce RTX 5060 Ti 8 GB Video Card (RTX 5060 Ti 8G VENTUS 2X OC PLUS) - PCPartPicker
2024-02-23,,MSI VENTUS 2X PLUS OC GeForce RTX 5060 Ti 8 GB Video Card (RTX 5060 Ti 8G VENTUS 2X OC PLUS) - PCPartPicker
2024-02-24,,MSI VENTUS 2X PLUS OC GeForce RTX 5060 Ti 8 GB Video Card (RTX 5060 Ti 8G VENTUS 2X OC PLUS) - PCPartPicker
2024-02-25,,MSI VENTUS 2X PLUS OC GeForce RTX 5060 Ti 8 GB Video Card (RTX 5060 Ti 8G VENTUS 2X OC PLUS) - PCPartPicker
2024-02-26,,MSI VENTUS 2X PLUS OC GeForce RTX 5060 Ti 8 GB Video Card (RTX 5060 Ti 8G VENTUS 2X OC PLUS) - PCPartPicker
2024-02-27,,MSI VENTUS 2X PLUS OC GeForce RTX 5060 Ti 8 GB Video Card (RTX 5060 Ti 8G VENTUS 2X OC PLUS) - PCPartPicker
2024-02-28,,MSI VENTUS 2X PLUS OC GeForce RTX 5060 Ti 8 GB Video Card (RTX 5060 Ti 8G VENTUS 2X OC PLUS) - PCPartPicker
2024-02-29,,MSI VENTUS 2X PLUS OC GeForce RTX 5060 Ti 8 GB Video Card (RTX 5060 Ti 8G VENTUS 2X OC PLUS) - PCPartPicker
2024-03-01,,MSI VENTUS 2X PLUS OC GeForce RTX 5060 Ti 8 GB Video Card (RTX 5060 Ti 8G VENTUS 2X OC PLUS) - PCPartPicker
2024-03-02,,MSI VENTUS 2X PLUS OC GeForce RTX 5060 Ti 8 GB Video Card (RTX 5060 Ti 8G VENTUS 2X OC PLUS) - PCPartPicker
2024-03-03,,MSI VENTUS 2X PLUS OC GeForce RTX 5060 Ti 8 GB Video Card (RTX 5060 Ti 8G VENTUS 2X OC PLUS) - PCPartPicker
2024-03-04,,MSI VENTUS 2X PLUS OC GeForce RTX 5060 Ti 8 GB Video Card (RTX 5060 Ti 8G VENTUS 2X OC PLUS) - PCPartPicker
2024-03-05,,MSI VENTUS 2X PLUS OC GeForce RTX 5060 Ti 8 GB Video Card (RTX 5060 Ti 8G VENTUS 2X OC PLUS) - PCPartPicker
2024-03-06,,MSI VENTUS 2X PLUS OC GeForce RTX 5060 Ti 8 GB Video Card (RTX 5060 Ti 8G VENTUS 2X OC PLUS) - PCPartPicker
2024-03-07,,MSI VENTUS 2X PLUS OC GeForce RTX 5060 Ti 8 GB Video Card (RTX 5060 Ti 8G VENTUS 2X OC PLUS) - PCPartPicker
2024-03-08,,MSI VENTUS 2X PLUS OC GeForce RTX 5060 Ti 8 GB Video Card (RTX 5060 Ti 8G VENTUS 2X OC PLUS) - PCPartPicker
2024-03-09,,MSI VENTUS 2X PLUS OC GeForce RTX 5060 Ti 8 GB Video Card (RTX 5060 Ti 8G VENTUS 2X OC PLUS) - PCPartPicker
2024-03-10,,MSI VENTUS 2X PLUS OC GeForce RTX 5060 Ti 8 GB Video Card (RTX 5060 Ti 8G VENTUS 2X OC PLUS) - PCPartPicker
2024-03-11,,MSI VENTUS 2X PLUS OC GeForce RTX 5060 Ti 8 GB Video Card (RTX 5060 Ti 8G VENTUS 2X OC PLUS) - PCPartPicker
2024-03-12,,MSI VENTUS 2X PLUS OC GeForce RTX 5060 Ti 8 GB Video Card (RTX 5060 Ti 8G VENTUS 2X OC PLUS) - PCPartPicker
2024-03-13,,MSI VENTUS 2X PLUS OC GeForce RTX 5060 Ti 8 GB Video Card (RTX 5060 Ti 8G VENTUS 2X OC PLUS) - PCPartPicker
2024-03-14,,MSI VENTUS 2X PLUS OC GeForce RTX 5060 Ti 8 GB Video Card (RTX 5060 Ti 8G VENTUS 2X OC PLUS) - PCPartPicker
2024-03-15,,MSI VENTUS 2X PLUS OC GeForce RTX 5060 Ti 8 GB Video Card (RTX 5060 Ti 8G VENTUS 2X OC PLUS) - PCPartPicker
2024-03-16,,MSI VENTUS 2X PLUS OC GeForce RTX 5060 Ti 8 GB Video Card (RTX 5060 Ti 8G VENTUS 2X OC PLUS) - PCPartPicker
2024-03-17,,MSI VENTUS 2X PLUS OC GeForce RTX 5060 Ti 8 GB Video Card (RTX 5060 Ti 8G VENTUS 2X OC PLUS) - PCPartPicker
2024-03-18,,MSI VENTUS 2X PLUS OC GeForce RTX 5060 Ti 8 GB Video Card (RTX 5060 Ti 8G VENTUS 2X OC PLUS) - PCPartPicker
2024-03-19,,MSI VENTUS 2X PLUS OC GeForce RTX 5060 Ti 8 GB Video Card (RTX 5060 Ti 8G VENTUS 2X OC PLUS) - PCPartPicker
2024-03-20,,MSI VENTUS 2X PLUS OC GeForce RTX 5060 Ti 8 GB Video Card (RTX 5060 Ti 8G VENTUS 2X OC PLUS) - PCPartPicker
2024-03-21,,MSI VENTUS 2X PLUS OC GeForce RTX 5060 Ti 8 GB Video Card (RTX 5060 Ti 8G VENTUS 2X OC PLUS) - PCPartPicker
2024-03-22,,MSI VENTUS 2X PLUS OC GeForce RTX 5060 Ti 8 GB Video Card (RTX 5060 Ti 8G VENTUS 2X OC PLUS) - PCPartPicker
2024-03-23,,MSI VENTUS 2X PLUS OC GeForce RTX 5060 Ti 8 GB Video Card (RTX 5060 Ti 8G VENTUS 2X OC PLUS) - PCPartPicker
2024-03-24,,MSI VENTUS 2X PLUS OC GeForce RTX 5060 Ti 8 GB Video Card (RTX 5060 Ti 8G VENTUS 2X OC PLUS) - PCPartPicker
2024-03-25,,MSI VENTUS 2X PLUS OC GeForce RTX 5060 Ti 8 GB Video Card (RTX 5060 Ti 8G VENTUS 2X OC PLUS) - PCPartPicker
2024-03-26,,MSI VENTUS 2X PLUS OC GeForce RTX 5060 Ti 8 GB Video Card (RTX 5060 Ti 8G VENTUS 2X OC PLUS) - PCPartPicker
2024-03-27,,MSI VENTUS 2X PLUS OC GeForce RTX 5060 Ti 8 GB Video Card (RTX 5060 Ti 8G VENTUS 2X OC PLUS) - PCPartPicker
2024-03-28,,MSI VENTUS 2X PLUS OC GeForce RTX 5060 Ti 8 GB Video Card (RTX 5060 Ti 8G VENTUS 2X OC PLUS) - PCPartPicker
2024-03-29,,MSI VENTUS 2X PLUS OC GeForce RTX 5060 Ti 8 GB Video Card (RTX 5060 Ti 8G VENTUS 2X OC PLUS) - PCPartPicker
2024-03-30,,MSI VENTUS 2X PLUS OC GeForce RTX 5060 Ti 8 GB Video Card (RTX 5060 Ti 8G VENTUS 2X OC PLUS) - PCPartPicker
2024-03-31,,MSI VENTUS 2X PLUS OC GeForce RTX 5060 Ti 8 GB Video Card (RTX 5060 Ti 8G VENTUS 2X OC PLUS) - PCPartPicker
2024-04-01,,MSI VENTUS 2X PLUS OC GeForce RTX 5060 Ti 8 GB Video Card (RTX 5060 Ti 8G VENTUS 2X OC PLUS) - PCPartPicker
2024-04-02,,MSI VENTUS 2X PLUS OC GeForce RTX 5060 Ti 8 GB Video Card (RTX 5060 Ti 8G VENTUS 2X OC PLUS) - PCPartPicker
2024-04-03,,MSI VENTUS 2X PLUS OC GeForce RTX 5060 Ti 8 GB Video Card (RTX 5060 Ti 8G VENTUS 2X OC PLUS) - PCPartPicker
2024-04-04,,MSI VENTUS 2X PLUS OC GeForce RTX 5060 Ti 8 GB Video Card (RTX 5060 Ti 8G VENTUS 2X OC PLUS) - PCPartPicker
2024-04-05,,MSI VENTUS 2X PLUS OC GeForce RTX 5060 Ti 8 GB Video Card (RTX 5060 Ti 8G VENTUS 2X OC PLUS) - PCPartPicker
2024-04-06,,MSI VENTUS 2X PLUS OC GeForce RTX 5060 Ti 8 GB Video Card (RTX 5060 Ti 8G VENTUS 2X OC PLUS) - PCPartPicker
2024-04-07,,MSI VENTUS 2X PLUS OC GeForce RTX 5060 Ti 8 GB Video Card (RTX 5060 Ti 8G VENTUS 2X OC PLUS) - PCPartPicker
2024-04-08,,MSI VENTUS 2X PLUS OC GeForce RTX 5060 Ti 8 GB Video Card (RTX 5060 Ti 8G VENTUS 2X OC PLUS) - PCPartPicker
2024-04-09,,MSI VENTUS 2X PLUS OC GeForce RTX 5060 Ti 8 GB Video Card (RTX 5060 Ti 8G VENTUS 2X OC PLUS) - PCPartPicker
2024-04-10,,MSI VENTUS 2X PLUS OC GeForce RTX 5060 Ti 8 GB Video Card (RTX 5060 Ti 8G VENTUS 2X OC PLUS) - PCPartPicker
2024-04-11,,MSI VENTUS 2X PLUS OC GeForce RTX 5060 Ti 8 GB Video Card (RTX 5060 Ti 8G VENTUS 2X OC PLUS) - PCPartPicker
2024-04-12,,MSI VENTUS 2X PLUS OC GeForce RTX 5060 Ti 8 GB Video Card (RTX 5060 Ti 8G VENTUS 2X OC PLUS) - PCPartPicker
2024-04-13,,MSI VENTUS 2X PLUS OC GeForce RTX 5060 Ti 8 GB Video Card (RTX 5060 Ti 8G VENTUS 2X OC PLUS) - PCPartPicker
2024-04-14,,MSI VENTUS 2X PLUS OC GeForce RTX 5060 Ti 8 GB Video Card (RTX 5060 Ti 8G VENTUS 2X OC PLUS) - PCPartPicker
2024-04-15,,MSI VENTUS 2X PLUS OC GeForce RTX 5060 Ti 8 GB Video Card (RTX 5060 Ti 8G VENTUS 2X OC PLUS) - PCPartPicker
2024-04-16,,MSI VENTUS 2X PLUS OC GeForce RTX 5060 Ti 8 GB Video Card (RTX 5060 Ti 8G VENTUS 2X OC PLUS) - PCPartPicker
2024-04-17,,MSI VENTUS 2X PLUS OC GeForce RTX 5060 Ti 8 GB Video Card (RTX 5060 Ti 8G VENTUS 2X OC PLUS) - PCPartPicker
2024-04-18,,MSI VENTUS 2X PLUS OC GeForce RTX 5060 Ti 8 GB Video Card (RTX 5060 Ti 8G VENTUS 2X OC PLUS) - PCPartPicker
2024-04-19,,MSI VENTUS 2X PLUS OC GeForce RTX 5060 Ti 8 GB Video Card (RTX 5060 Ti 8G VENTUS 2X OC PLUS) - PCPartPicker
2024-04-20,,MSI VENTUS 2X PLUS OC GeForce RTX 5060 Ti 8 GB Video Card (RTX 5060 Ti 8G VENTUS 2X OC PLUS) - PCPartPicker
2024-04-21,,MSI VENTUS 2X PLUS OC GeForce RTX 5060 Ti 8 GB Video Card (RTX 5060 Ti 8G VENTUS 2X OC PLUS) - PCPartPicker
2024-04-22,,MSI VENTUS 2X PLUS OC GeForce RTX 5060 Ti 8 GB Video Card (RTX 5060 Ti 8G VENTUS 2X OC PLUS) - PCPartPicker
2024-04-23,,MSI VENTUS 2X PLUS OC GeForce RTX 5060 Ti 8 GB Video Card (RTX 5060 Ti 8G VENTUS 2X OC PLUS) - PCPartPicker
2024-04-24,,MSI VENTUS 2X PLUS OC GeForce RTX 5060 Ti 8 GB Video Card (RTX 5060 Ti 8G VENTUS 2X OC PLUS) - PCPartPicker
2024-04-25,,MSI VENTUS 2X PLUS OC GeForce RTX 5060 Ti 8 GB Video Card (RTX 5060 Ti 8G VENTUS 2X OC PLUS) - PCPartPicker
2024-04-26,,MSI VENTUS 2X PLUS OC GeForce RTX 5060 Ti 8 GB Video Card (RTX 5060 Ti 8G VENTUS 2X OC PLUS) - PCPartPicker
2024-04-27,,MSI VENTUS 2X PLUS OC GeForce RTX 5060 Ti 8 GB Video Card (RTX 5060 Ti 8G VENTUS 2X OC PLUS) - PCPartPicker
2024-04-28,,MSI VENTUS 2X PLUS OC GeForce RTX 5060 Ti 8 GB Video Card (RTX 5060 Ti 8G VENTUS 2X OC PLUS) - PCPartPicker
2024-04-29,,MSI VENTUS 2X PLUS OC GeForce RTX 5060 Ti 8 GB Video Card (RTX 5060 Ti 8G VENTUS 2X OC PLUS) - PCPartPicker
2024-04-30,,MSI VENTUS 2X PLUS OC GeForce RTX 5060 Ti 8 GB Video Card (RTX 5060 Ti 8G VENTUS 2X OC PLUS) - PCPartPicker
2024-05-01,,MSI VENTUS 2X PLUS OC GeForce RTX 5060 Ti 8 GB Video Card (RTX 5060 Ti 8G VENTUS 2X OC PLUS) - PCPartPicker
2024-05-02,,MSI VENTUS 2X PLUS OC GeForce RTX 5060 Ti 8 GB Video Card (RTX 5060 Ti 8G VENTUS 2X OC PLUS) - PCPartPicker
2024-05-03,,MSI VENTUS 2X PLUS OC GeForce RTX 5060 Ti 8 GB Video Card (RTX 5060 Ti 8G VENTUS 2X OC PLUS) - PCPartPicker
2024-05-04,,MSI VENTUS 2X PLUS OC GeForce RTX 5060 Ti 8 GB Video Card (RTX 5060 Ti 8G VENTUS 2X OC PLUS) - PCPartPicker
2024-05-05,,MSI VENTUS 2X PLUS OC GeForce RTX 5060 Ti 8 GB Video Card (RTX 5060 Ti 8G VENTUS 2X OC PLUS) - PCPartPicker
2024-05-06,,MSI VENTUS 2X PLUS OC GeForce RTX 5060 Ti 8 GB Video Card (RTX 5060 Ti 8G VENTUS 2X OC PLUS) - PCPartPicker
2024-05-07,,MSI VENTUS 2X PLUS OC GeForce RTX 5060 Ti 8 GB Video Card (RTX 5060 Ti 8G VENTUS 2X OC PLUS) - PCPartPicker
2024-05-08,,MSI VENTUS 2X PLUS OC GeForce RTX 5060 Ti 8 GB Video Card (RTX 5060 Ti 8G VENTUS 2X OC PLUS) - PCPartPicker
2024-05-09,,MSI VENTUS 2X PLUS OC GeForce RTX 5060 Ti 8 GB Video Card (RTX 5060 Ti 8G VENTUS 2X OC PLUS) - PCPartPicker
2024-05-10,,MSI VENTUS 2X PLUS OC GeForce RTX 5060 Ti 8 GB Video Card (RTX 5060 Ti 8G VENTUS 2X OC PLUS) - PCPartPicker
2024-05-11,,MSI VENTUS 2X PLUS OC GeForce RTX 5060 Ti 8 GB Video Card (RTX 5060 Ti 8G VENTUS 2X OC PLUS) - PCPartPicker
2024-05-12,,MSI VENTUS 2X PLUS OC GeForce RTX 5060 Ti 8 GB Video Card (RTX 5060 Ti 8G VENTUS 2X OC PLUS) - PCPartPicker
2024-05-13,,MSI VENTUS 2X PLUS OC GeForce RTX 5060 Ti 8 GB Video Card (RTX 5060 Ti 8G VENTUS 2X OC PLUS) - PCPartPicker
2024-05-14,,MSI VENTUS 2X PLUS OC GeForce RTX 5060 Ti 8 GB Video Card (RTX 5060 Ti 8G VENTUS 2X OC PLUS) - PCPartPicker
2024-05-15,,MSI VENTUS 2X PLUS OC GeForce RTX 5060 Ti 8 GB Video Card (RTX 5060 Ti 8G VENTUS 2X OC PLUS) - PCPartPicker
2024-05-16,,MSI VENTUS 2X PLUS OC GeForce RTX 5060 Ti 8 GB Video Card (RTX 5060 Ti 8G VENTUS 2X OC PLUS) - PCPartPicker
2024-05-17,,MSI VENTUS 2X PLUS OC GeForce RTX 5060 Ti 8 GB Video Card (RTX 5060 Ti 8G VENTUS 2X OC PLUS) - PCPartPicker
2024-05-18,,MSI VENTUS 2X PLUS OC GeForce RTX 5060 Ti 8 GB Video Card (RTX 5060 Ti 8G VENTUS 2X OC PLUS) - PCPartPicker
2024-05-19,,MSI VENTUS 2X PLUS OC GeForce RTX 5060 Ti 8 GB Video Card (RTX 5060 Ti 8G VENTUS 2X OC PLUS) - PCPartPicker
2024-05-20,,MSI VENTUS 2X PLUS OC GeForce RTX 5060 Ti 8 GB Video Card (RTX 5060 Ti 8G VENTUS 2X OC PLUS) - PCPartPicker
2024-05-21,,MSI VENTUS 2X PLUS OC GeForce RTX 5060 Ti 8 GB Video Card (RTX 5060 Ti 8G VENTUS 2X OC PLUS) - PCPartPicker
2024-05-22,,MSI VENTUS 2X PLUS OC GeForce RTX 5060 Ti 8 GB Video Card (RTX 5060 Ti 8G VENTUS 2X OC PLUS) - PCPartPicker
2024-05-23,,MSI VENTUS 2X PLUS OC GeForce RTX 5060 Ti 8 GB Video Card (RTX 5060 Ti 8G VENTUS 2X OC PLUS) - PCPartPicker
2024-05-24,,MSI VENTUS 2X PLUS OC GeForce RTX 5060 Ti 8 GB Video Card (RTX 5060 Ti 8G VENTUS 2X OC PLUS) - PCPartPicker
2024-05-25,,MSI VENTUS 2X PLUS OC GeForce RTX 5060 Ti 8 GB Video Card (RTX 5060 Ti 8G VENTUS 2X OC PLUS) - PCPartPicker
2024-05-26,,MSI VENTUS 2X PLUS OC GeForce RTX 5060 Ti 8 GB Video Card (RTX 5060 Ti 8G VENTUS 2X OC PLUS) - PCPartPicker
2024-05-27,,MSI VENTUS 2X PLUS OC GeForce RTX 5060 Ti 8 GB Video Card (RTX 5060 Ti 8G VENTUS 2X OC PLUS) - PCPartPicker
2024-05-28,,MSI VENTUS 2X PLUS OC GeForce RTX 5060 Ti 8 GB Video Card (RTX 5060 Ti 8G VENTUS 2X OC PLUS) - PCPartPicker
2024-05-29,,MSI VENTUS 2X PLUS OC GeForce RTX 5060 Ti 8 GB Video Card (RTX 5060 Ti 8G VENTUS 2X OC PLUS) - PCPartPicker
2024-05-30,,MSI VENTUS 2X PLUS OC GeForce RTX 5060 Ti 8 GB Video Card (RTX 5060 Ti 8G VENTUS 2X OC PLUS) - PCPartPicker
2024-05-31,,MSI VENTUS 2X PLUS OC GeForce RTX 5060 Ti 8 GB Video Card (RTX 5060 Ti 8G VENTUS 2X OC PLUS) - PCPartPicker
2024-06-01,,MSI VENTUS 2X PLUS OC GeForce RTX 5060 Ti 8 GB Video Card (RTX 5060 Ti 8G VENTUS 2X OC PLUS) - PCPartPicker
2024-06-02,,MSI VENTUS 2X PLUS OC GeForce RTX 5060 Ti 8 GB Video Card (RTX 5060 Ti 8G VENTUS 2X OC PLUS) - PCPartPicker
2024-06-03,,MSI VENTUS 2X PLUS OC GeForce RTX 5060 Ti 8 GB Video Card (RTX 5060 Ti 8G VENTUS 2X OC PLUS) - PCPartPicker
2024-06-04,,MSI VENTUS 2X PLUS OC GeForce RTX 5060 Ti 8 GB Video Card (RTX 5060 Ti 8G VENTUS 2X OC PLUS) - PCPartPicker
2024-06-05,,MSI VENTUS 2X PLUS OC GeForce RTX 5060 Ti 8 GB Video Card (RTX 5060 Ti 8G VENTUS 2X OC PLUS) - PCPartPicker
2024-06-06,,MSI VENTUS 2X PLUS OC GeForce RTX 5060 Ti 8 GB Video Card (RTX 5060 Ti 8G VENTUS 2X OC PLUS) - PCPartPicker
2024-06-07,,MSI VENTUS 2X PLUS OC GeForce RTX 5060 Ti 8 GB Video Card (RTX 5060 Ti 8G VENTUS 2X OC PLUS) - PCPartPicker
2024-06-08,,MSI VENTUS 2X PLUS OC GeForce RTX 5060 Ti 8 GB Video Card (RTX 5060 Ti 8G VENTUS 2X OC PLUS) - PCPartPicker
2024-06-09,,MSI VENTUS 2X PLUS OC GeForce RTX 5060 Ti 8 GB Video Card (RTX 5060 Ti 8G VENTUS 2X OC PLUS) - PCPartPicker
2024-06-10,,MSI VENTUS 2X PLUS OC GeForce RTX 5060 Ti 8 GB Video Card (RTX 5060 Ti 8G VENTUS 2X OC PLUS) - PCPartPicker
2024-06-11,,MSI VENTUS 2X PLUS OC GeForce RTX 5060 Ti 8 GB Video Card (RTX 5060 Ti 8G VENTUS 2X OC PLUS) - PCPartPicker
2024-06-12,,MSI VENTUS 2X PLUS OC GeForce RTX 5060 Ti 8 GB Video Card (RTX 5060 Ti 8G VENTUS 2X OC PLUS) - PCPartPicker
2024-06-13,,MSI VENTUS 2X PLUS OC GeForce RTX 5060 Ti 8 GB Video Card (RTX 5060 Ti 8G VENTUS 2X OC PLUS) - PCPartPicker
2024-06-14,,MSI VENTUS 2X PLUS OC GeForce RTX 5060 Ti 8 GB Video Card (RTX 5060 Ti 8G VENTUS 2X OC PLUS) - PCPartPicker
2024-06-15,,MSI VENTUS 2X PLUS OC GeForce RTX 5060 Ti 8 GB Video Card (RTX 5060 Ti 8G VENTUS 2X OC PLUS) - PCPartPicker
2024-06-16,,MSI VENTUS 2X PLUS OC GeForce RTX 5060 Ti 8 GB Video Card (RTX 5060 Ti 8G VENTUS 2X OC PLUS) - PCPartPicker
2024-06-17,,MSI VENTUS 2X PLUS OC GeForce RTX 5060 Ti 8 GB Video Card (RTX 5060 Ti 8G VENTUS 2X OC PLUS) - PCPartPicker
2024-06-18,,MSI VENTUS 2X PLUS OC GeForce RTX 5060 Ti 8 GB Video Card (RTX 5060 Ti 8G VENTUS 2X OC PLUS) - PCPartPicker
2024-06-19,,MSI VENTUS 2X PLUS OC GeForce RTX 5060 Ti 8 GB Video Card (RTX 5060 Ti 8G VENTUS 2X OC PLUS) - PCPartPicker
2024-06-20,,MSI VENTUS 2X PLUS OC GeForce RTX 5060 Ti 8 GB Video Card (RTX 5060 Ti 8G VENTUS 2X OC PLUS) - PCPartPicker
2024-06-21,,MSI VENTUS 2X PLUS OC GeForce RTX 5060 Ti 8 GB Video Card (RTX 5060 Ti 8G VENTUS 2X OC PLUS) - PCPartPicker
2024-06-22,,MSI VENTUS 2X PLUS OC GeForce RTX 5060 Ti 8 GB Video Card (RTX 5060 Ti 8G VENTUS 2X OC PLUS) - PCPartPicker
2024-06-23,,MSI VENTUS 2X PLUS OC GeForce RTX 5060 Ti 8 GB Video Card (RTX 5060 Ti 8G VENTUS 2X OC PLUS) - PCPartPicker
2024-06-24,,MSI VENTUS 2X PLUS OC GeForce RTX 5060 Ti 8 GB Video Card (RTX 5060 Ti 8G VENTUS 2X OC PLUS) - PCPartPicker
2024-06-25,,MSI VENTUS 2X PLUS OC GeForce RTX 5060 Ti 8 GB Video Card (RTX 5060 Ti 8G VENTUS 2X OC PLUS) - PCPartPicker
2024-06-26,,MSI VENTUS 2X PLUS OC GeForce RTX 5060 Ti 8 GB Video Card (RTX 5060 Ti 8G VENTUS 2X OC PLUS) - PCPartPicker
2024-06-27,,MSI VENTUS 2X PLUS OC GeForce RTX 5060 Ti 8 GB Video Card (RTX 5060 Ti 8G VENTUS 2X OC PLUS) - PCPartPicker
2024-06-28,,MSI VENTUS 2X PLUS OC GeForce RTX 5060 Ti 8 GB Video Card (RTX 5060 Ti 8G VENTUS 2X OC PLUS) - PCPartPicker
2024-06-29,,MSI VENTUS 2X PLUS OC GeForce RTX 5060 Ti 8 GB Video Card (RTX 5060 Ti 8G VENTUS 2X OC PLUS) - PCPartPicker
2024-06-30,,MSI VENTUS 2X PLUS OC GeForce RTX 5060 Ti 8 GB Video Card (RTX 5060 Ti 8G VENTUS 2X OC PLUS) - PCPartPicker
2024-07-01,,MSI VENTUS 2X PLUS OC GeForce RTX 5060 Ti 8 GB Video Card (RTX 5060 Ti 8G VENTUS 2X OC PLUS) - PCPartPicker
2024-07-02,,MSI VENTUS 2X PLUS OC GeForce RTX 5060 Ti 8 GB Video Card (RTX 5060 Ti 8G VENTUS 2X OC PLUS) - PCPartPicker
2024-07-03,,MSI VENTUS 2X PLUS OC GeForce RTX 5060 Ti 8 GB Video Card (RTX 5060 Ti 8G VENTUS 2X OC PLUS) - PCPartPicker
2024-07-04,,MSI VENTUS 2X PLUS OC GeForce RTX 5060 Ti 8 GB Video Card (RTX 5060 Ti 8G VENTUS 2X OC PLUS) - PCPartPicker
2024-07-05,,MSI VENTUS 2X PLUS OC GeForce RTX 5060 Ti 8 GB Video Card (RTX 5060 Ti 8G VENTUS 2X OC PLUS) - PCPartPicker
2024-07-06,,MSI VENTUS 2X PLUS OC GeForce RTX 5060 Ti 8 GB Video Card (RTX 5060 Ti 8G VENTUS 2X OC PLUS) - PCPartPicker
2024-07-07,,MSI VENTUS 2X PLUS OC GeForce RTX 5060 Ti 8 GB Video Card (RTX 5060 Ti 8G VENTUS 2X OC PLUS) - PCPartPicker
2024-07-08,,MSI VENTUS 2X PLUS OC GeForce RTX 5060 Ti 8 GB Video Card (RTX 5060 Ti 8G VENTUS 2X OC PLUS) - PCPartPicker
2024-07-09,,MSI VENTUS 2X PLUS OC GeForce RTX 5060 Ti 8 GB Video Card (RTX 5060 Ti 8G VENTUS 2X OC PLUS) - PCPartPicker
2024-07-10,,MSI VENTUS 2X PLUS OC GeForce RTX 5060 Ti 8 GB Video Card (RTX 5060 Ti 8G VENTUS 2X OC PLUS) - PCPartPicker
2024-07-11,,MSI VENTUS 2X PLUS OC GeForce RTX 5060 Ti 8 GB Video Card (RTX 5060 Ti 8G VENTUS 2X OC PLUS) - PCPartPicker
2024-07-12,,MSI VENTUS 2X PLUS OC GeForce RTX 5060 Ti 8 GB Video Card (RTX 5060 Ti 8G VENTUS 2X OC PLUS) - PCPartPicker
2024-07-13,,MSI VENTUS 2X PLUS OC GeForce RTX 5060 Ti 8 GB Video Card (RTX 5060 Ti 8G VENTUS 2X OC PLUS) - PCPartPicker
2024-07-14,,MSI VENTUS 2X PLUS OC GeForce RTX 5060 Ti 8 GB Video Card (RTX 5060 Ti 8G VENTUS 2X OC PLUS) - PCPartPicker
2024-07-15,,MSI VENTUS 2X PLUS OC GeForce RTX 5060 Ti 8 GB Video Card (RTX 5060 Ti 8G VENTUS 2X OC PLUS) - PCPartPicker
2024-07-16,,MSI VENTUS 2X PLUS OC GeForce RTX 5060 Ti 8 GB Video Card (RTX 5060 Ti 8G VENTUS 2X OC PLUS) - PCPartPicker
2024-07-17,,MSI VENTUS 2X PLUS OC GeForce RTX 5060 Ti 8 GB Video Card (RTX 5060 Ti 8G VENTUS 2X OC PLUS) - PCPartPicker
2024-07-18,,MSI VENTUS 2X PLUS OC GeForce RTX 5060 Ti 8 GB Video Card (RTX 5060 Ti 8G VENTUS 2X OC PLUS) - PCPartPicker
2024-07-19,,MSI VENTUS 2X PLUS OC GeForce RTX 5060 Ti 8 GB Video Card (RTX 5060 Ti 8G VENTUS 2X OC PLUS) - PCPartPicker
2024-07-20,,MSI VENTUS 2X PLUS OC GeForce RTX 5060 Ti 8 GB Video Card (RTX 5060 Ti 8G VENTUS 2X OC PLUS) - PCPartPicker
2024-07-21,,MSI VENTUS 2X PLUS OC GeForce RTX 5060 Ti 8 GB Video Card (RTX 5060 Ti 8G VENTUS 2X OC PLUS) - PCPartPicker
2024-07-22,,MSI VENTUS 2X PLUS OC GeForce RTX 5060 Ti 8 GB Video Card (RTX 5060 Ti 8G VENTUS 2X OC PLUS) - PCPartPicker
2024-07-23,,MSI VENTUS 2X PLUS OC GeForce RTX 5060 Ti 8 GB Video Card (RTX 5060 Ti 8G VENTUS 2X OC PLUS) - PCPartPicker
2024-07-24,,MSI VENTUS 2X PLUS OC GeForce RTX 5060 Ti 8 GB Video Card (RTX 5060 Ti 8G VENTUS 2X OC PLUS) - PCPartPicker
2024-07-25,,MSI VENTUS 2X PLUS OC GeForce RTX 5060 Ti 8 GB Video Card (RTX 5060 Ti 8G VENTUS 2X OC PLUS) - PCPartPicker
2024-07-26,,MSI VENTUS 2X PLUS OC GeForce RTX 5060 Ti 8 GB Video Card (RTX 5060 Ti 8G VENTUS 2X OC PLUS) - PCPartPicker
2024-07-27,,MSI VENTUS 2X PLUS OC GeForce RTX 5060 Ti 8 GB Video Card (RTX 5060 Ti 8G VENTUS 2X OC PLUS) - PCPartPicker
2024-07-28,,MSI VENTUS 2X PLUS OC GeForce RTX 5060 Ti 8 GB Video Card (RTX 5060 Ti 8G VENTUS 2X OC PLUS) - PCPartPicker
2024-07-29,,MSI VENTUS 2X PLUS OC GeForce RTX 5060 Ti 8 GB Video Card (RTX 5060 Ti 8G VENTUS 2X OC PLUS) - PCPartPicker
2024-07-30,,MSI VENTUS 2X PLUS OC GeForce RTX 5060 Ti 8 GB Video Card (RTX 5060 Ti 8G VENTUS 2X OC PLUS) - PCPartPicker
2024-07-31,,MSI VENTUS 2X PLUS OC GeForce RTX 5060 Ti 8 GB Video Card (RTX 5060 Ti 8G VENTUS 2X OC PLUS) - PCPartPicker
2024-08-01,,MSI VENTUS 2X PLUS OC GeForce RTX 5060 Ti 8 GB Video Card (RTX 5060 Ti 8G VENTUS 2X OC PLUS) - PCPartPicker
2024-08-02,,MSI VENTUS 2X PLUS OC GeForce RTX 5060 Ti 8 GB Video Card (RTX 5060 Ti 8G VENTUS 2X OC PLUS) - PCPartPicker
2024-08-03,,MSI VENTUS 2X PLUS OC GeForce RTX 5060 Ti 8 GB Video Card (RTX 5060 Ti 8G VENTUS 2X OC PLUS) - PCPartPicker
2024-08-04,,MSI VENTUS 2X PLUS OC GeForce RTX 5060 Ti 8 GB Video Card (RTX 5060 Ti 8G VENTUS 2X OC PLUS) - PCPartPicker
2024-08-05,,MSI VENTUS 2X PLUS OC GeForce RTX 5060 Ti 8 GB Video Card (RTX 5060 Ti 8G VENTUS 2X OC PLUS) - PCPartPicker
2024-08-06,,MSI VENTUS 2X PLUS OC GeForce RTX 5060 Ti 8 GB Video Card (RTX 5060 Ti 8G VENTUS 2X OC PLUS) - PCPartPicker
2024-08-07,,MSI VENTUS 2X PLUS OC GeForce RTX 5060 Ti 8 GB Video Card (RTX 5060 Ti 8G VENTUS 2X OC PLUS) - PCPartPicker
2024-08-08,,MSI VENTUS 2X PLUS OC GeForce RTX 5060 Ti 8 GB Video Card (RTX 5060 Ti 8G VENTUS 2X OC PLUS) - PCPartPicker
2024-08-09,,MSI VENTUS 2X PLUS OC GeForce RTX 5060 Ti 8 GB Video Card (RTX 5060 Ti 8G VENTUS 2X OC PLUS) - PCPartPicker
2024-08-10,,MSI VENTUS 2X PLUS OC GeForce RTX 5060 Ti 8 GB Video Card (RTX 5060 Ti 8G VENTUS 2X OC PLUS) - PCPartPicker
2024-08-11,,MSI VENTUS 2X PLUS OC GeForce RTX 5060 Ti 8 GB Video Card (RTX 5060 Ti 8G VENTUS 2X OC PLUS) - PCPartPicker
2024-08-12,,MSI VENTUS 2X PLUS OC GeForce RTX 5060 Ti 8 GB Video Card (RTX 5060 Ti 8G VENTUS 2X OC PLUS) - PCPartPicker
2024-08-13,,MSI VENTUS 2X PLUS OC GeForce RTX 5060 Ti 8 GB Video Card (RTX 5060 Ti 8G VENTUS 2X OC PLUS) - PCPartPicker
2024-08-14,,MSI VENTUS 2X PLUS OC GeForce RTX 5060 Ti 8 GB Video Card (RTX 5060 Ti 8G VENTUS 2X OC PLUS) - PCPartPicker
2024-08-15,,MSI VENTUS 2X PLUS OC GeForce RTX 5060 Ti 8 GB Video Card (RTX 5060 Ti 8G VENTUS 2X OC PLUS) - PCPartPicker
2024-08-16,,MSI VENTUS 2X PLUS OC GeForce RTX 5060 Ti 8 GB Video Card (RTX 5060 Ti 8G VENTUS 2X OC PLUS) - PCPartPicker
2024-08-17,,MSI VENTUS 2X PLUS OC GeForce RTX 5060 Ti 8 GB Video Card (RTX 5060 Ti 8G VENTUS 2X OC PLUS) - PCPartPicker
2024-08-18,,MSI VENTUS 2X PLUS OC GeForce RTX 5060 Ti 8 GB Video Card (RTX 5060 Ti 8G VENTUS 2X OC PLUS) - PCPartPicker
2024-08-19,,MSI VENTUS 2X PLUS OC GeForce RTX 5060 Ti 8 GB Video Card (RTX 5060 Ti 8G VENTUS 2X OC PLUS) - PCPartPicker
2024-08-20,,MSI VENTUS 2X PLUS OC GeForce RTX 5060 Ti 8 GB Video Card (RTX 5060 Ti 8G VENTUS 2X OC PLUS) - PCPartPicker
2024-08-21,,MSI VENTUS 2X PLUS OC GeForce RTX 5060 Ti 8 GB Video Card (RTX 5060 Ti 8G VENTUS 2X OC PLUS) - PCPartPicker
2024-08-22,,MSI VENTUS 2X PLUS OC GeForce RTX 5060 Ti 8 GB Video Card (RTX 5060 Ti 8G VENTUS 2X OC PLUS) - PCPartPicker
2024-08-23,,MSI VENTUS 2X PLUS OC GeForce RTX 5060 Ti 8 GB Video Card (RTX 5060 Ti 8G VENTUS 2X OC PLUS) - PCPartPicker
2024-08-24,,MSI VENTUS 2X PLUS OC GeForce RTX 5060 Ti 8 GB Video Card (RTX 5060 Ti 8G VENTUS 2X OC PLUS) - PCPartPicker
2024-08-25,,MSI VENTUS 2X PLUS OC GeForce RTX 5060 Ti 8 GB Video Card (RTX 5060 Ti 8G VENTUS 2X OC PLUS) - PCPartPicker
2024-08-26,,MSI VENTUS 2X PLUS OC GeForce RTX 5060 Ti 8 GB Video Card (RTX 5060 Ti 8G VENTUS 2X OC PLUS) - PCPartPicker
2024-08-27,,MSI VENTUS 2X PLUS OC GeForce RTX 5060 Ti 8 GB Video Card (RTX 5060 Ti 8G VENTUS 2X OC PLUS) - PCPartPicker
2024-08-28,,MSI VENTUS 2X PLUS OC GeForce RTX 5060 Ti 8 GB Video Card (RTX 5060 Ti 8G VENTUS 2X OC PLUS) - PCPartPicker
2024-08-29,,MSI VENTUS 2X PLUS OC GeForce RTX 5060 Ti 8 GB Video Card (RTX 5060 Ti 8G VENTUS 2X OC PLUS) - PCPartPicker
2024-08-30,,MSI VENTUS 2X PLUS OC GeForce RTX 5060 Ti 8 GB Video Card (RTX 5060 Ti 8G VENTUS 2X OC PLUS) - PCPartPicker
2024-08-31,,MSI VENTUS 2X PLUS OC GeForce RTX 5060 Ti 8 GB Video Card (RTX 5060 Ti 8G VENTUS 2X OC PLUS) - PCPartPicker
2024-09-01,,MSI VENTUS 2X PLUS OC GeForce RTX 5060 Ti 8 GB Video Card (RTX 5060 Ti 8G VENTUS 2X OC PLUS) - PCPartPicker
2024-09-02,,MSI VENTUS 2X PLUS OC GeForce RTX 5060 Ti 8 GB Video Card (RTX 5060 Ti 8G VENTUS 2X OC PLUS) - PCPartPicker
2024-09-03,,MSI VENTUS 2X PLUS OC GeForce RTX 5060 Ti 8 GB Video Card (RTX 5060 Ti 8G VENTUS 2X OC PLUS) - PCPartPicker
2024-09-04,,MSI VENTUS 2X PLUS OC GeForce RTX 5060 Ti 8 GB Video Card (RTX 5060 Ti 8G VENTUS 2X OC PLUS) - PCPartPicker
2024-09-05,,MSI VENTUS 2X PLUS OC GeForce RTX 5060 Ti 8 GB Video Card (RTX 5060 Ti 8G VENTUS 2X OC PLUS) - PCPartPicker
2024-09-06,,MSI VENTUS 2X PLUS OC GeForce RTX 5060 Ti 8 GB Video Card (RTX 5060 Ti 8G VENTUS 2X OC PLUS) - PCPartPicker
2024-09-07,,MSI VENTUS 2X PLUS OC GeForce RTX 5060 Ti 8 GB Video Card (RTX 5060 Ti 8G VENTUS 2X OC PLUS) - PCPartPicker
2024-09-08,,MSI VENTUS 2X PLUS OC GeForce RTX 5060 Ti 8 GB Video Card (RTX 5060 Ti 8G VENTUS 2X OC PLUS) - PCPartPicker
2024-09-09,,MSI VENTUS 2X PLUS OC GeForce RTX 5060 Ti 8 GB Video Card (RTX 5060 Ti 8G VENTUS 2X OC PLUS) - PCPartPicker
2024-09-10,,MSI VENTUS 2X PLUS OC GeForce RTX 5060 Ti 8 GB Video Card (RTX 5060 Ti 8G VENTUS 2X OC PLUS) - PCPartPicker
2024-09-11,,MSI VENTUS 2X PLUS OC GeForce RTX 5060 Ti 8 GB Video Card (RTX 5060 Ti 8G VENTUS 2X OC PLUS) - PCPartPicker
2024-09-12,,MSI VENTUS 2X PLUS OC GeForce RTX 5060 Ti 8 GB Video Card (RTX 5060 Ti 8G VENTUS 2X OC PLUS) - PCPartPicker
2024-09-13,,MSI VENTUS 2X PLUS OC GeForce RTX 5060 Ti 8 GB Video Card (RTX 5060 Ti 8G VENTUS 2X OC PLUS) - PCPartPicker
2024-09-14,,MSI VENTUS 2X PLUS OC GeForce RTX 5060 Ti 8 GB Video Card (RTX 5060 Ti 8G VENTUS 2X OC PLUS) - PCPartPicker
2024-09-15,,MSI VENTUS 2X PLUS OC GeForce RTX 5060 Ti 8 GB Video Card (RTX 5060 Ti 8G VENTUS 2X OC PLUS) - PCPartPicker
2024-09-16,,MSI VENTUS 2X PLUS OC GeForce RTX 5060 Ti 8 GB Video Card (RTX 5060 Ti 8G VENTUS 2X OC PLUS) - PCPartPicker
2024-09-17,,MSI VENTUS 2X PLUS OC GeForce RTX 5060 Ti 8 GB Video Card (RTX 5060 Ti 8G VENTUS 2X OC PLUS) - PCPartPicker
2024-09-18,,MSI VENTUS 2X PLUS OC GeForce RTX 5060 Ti 8 GB Video Card (RTX 5060 Ti 8G VENTUS 2X OC PLUS) - PCPartPicker
2024-09-19,,MSI VENTUS 2X PLUS OC GeForce RTX 5060 Ti 8 GB Video Card (RTX 5060 Ti 8G VENTUS 2X OC PLUS) - PCPartPicker
2024-09-20,,MSI VENTUS 2X PLUS OC GeForce RTX 5060 Ti 8 GB Video Card (RTX 5060 Ti 8G VENTUS 2X OC PLUS) - PCPartPicker
2024-09-21,,MSI VENTUS 2X PLUS OC GeForce RTX 5060 Ti 8 GB Video Card (RTX 5060 Ti 8G VENTUS 2X OC PLUS) - PCPartPicker
2024-09-22,,MSI VENTUS 2X PLUS OC GeForce RTX 5060 Ti 8 GB Video Card (RTX 5060 Ti 8G VENTUS 2X OC PLUS) - PCPartPicker
2024-09-23,,MSI VENTUS 2X PLUS OC GeForce RTX 5060 Ti 8 GB Video Card (RTX 5060 Ti 8G VENTUS 2X OC PLUS) - PCPartPicker
2024-09-24,,MSI VENTUS 2X PLUS OC GeForce RTX 5060 Ti 8 GB Video Card (RTX 5060 Ti 8G VENTUS 2X OC PLUS) - PCPartPicker
2024-09-25,,MSI VENTUS 2X PLUS OC GeForce RTX 5060 Ti 8 GB Video Card (RTX 5060 Ti 8G VENTUS 2X OC PLUS) - PCPartPicker
2024-09-26,,MSI VENTUS 2X PLUS OC GeForce RTX 5060 Ti 8 GB Video Card (RTX 5060 Ti 8G VENTUS 2X OC PLUS) - PCPartPicker
2024-09-27,,MSI VENTUS 2X PLUS OC GeForce RTX 5060 Ti 8 GB Video Card (RTX 5060 Ti 8G VENTUS 2X OC PLUS) - PCPartPicker
2024-09-28,,MSI VENTUS 2X PLUS OC GeForce RTX 5060 Ti 8 GB Video Card (RTX 5060 Ti 8G VENTUS 2X OC PLUS) - PCPartPicker
2024-09-29,,MSI VENTUS 2X PLUS OC GeForce RTX 5060 Ti 8 GB Video Card (RTX 5060 Ti 8G VENTUS 2X OC PLUS) - PCPartPicker
2024-09-30,,MSI VENTUS 2X PLUS OC GeForce RTX 5060 Ti 8 GB Video Card (RTX 5060 Ti 8G VENTUS 2X OC PLUS) - PCPartPicker
2024-10-01,,MSI VENTUS 2X PLUS OC GeForce RTX 5060 Ti 8 GB Video Card (RTX 5060 Ti 8G VENTUS 2X OC PLUS) - PCPartPicker
2024-10-02,,MSI VENTUS 2X PLUS OC GeForce RTX 5060 Ti 8 GB Video Card (RTX 5060 Ti 8G VENTUS 2X OC PLUS) - PCPartPicker
2024-10-03,,MSI VENTUS 2X PLUS OC GeForce RTX 5060 Ti 8 GB Video Card (RTX 5060 Ti 8G VENTUS 2X OC PLUS) - PCPartPicker
2024-10-04,,MSI VENTUS 2X PLUS OC GeForce RTX 5060 Ti 8 GB Video Card (RTX 5060 Ti 8G VENTUS 2X OC PLUS) - PCPartPicker
2024-10-05,,MSI VENTUS 2X PLUS OC GeForce RTX 5060 Ti 8 GB Video Card (RTX 5060 Ti 8G VENTUS 2X OC PLUS) - PCPartPicker
2024-10-06,,MSI VENTUS 2X PLUS OC GeForce RTX 5060 Ti 8 GB Video Card (RTX 5060 Ti 8G VENTUS 2X OC PLUS) - PCPartPicker
2024-10-07,,MSI VENTUS 2X PLUS OC GeForce RTX 5060 Ti 8 GB Video Card (RTX 5060 Ti 8G VENTUS 2X OC PLUS) - PCPartPicker
2024-10-08,,MSI VENTUS 2X PLUS OC GeForce RTX 5060 Ti 8 GB Video Card (RTX 5060 Ti 8G VENTUS 2X OC PLUS) - PCPartPicker
2024-10-09,,MSI VENTUS 2X PLUS OC GeForce RTX 5060 Ti 8 GB Video Card (RTX 5060 Ti 8G VENTUS 2X OC PLUS) - PCPartPicker
2024-10-10,,MSI VENTUS 2X PLUS OC GeForce RTX 5060 Ti 8 GB Video Card (RTX 5060 Ti 8G VENTUS 2X OC PLUS) - PCPartPicker
2024-10-11,,MSI VENTUS 2X PLUS OC GeForce RTX 5060 Ti 8 GB Video Card (RTX 5060 Ti 8G VENTUS 2X OC PLUS) - PCPartPicker
2024-10-12,,MSI VENTUS 2X PLUS OC GeForce RTX 5060 Ti 8 GB Video Card (RTX 5060 Ti 8G VENTUS 2X OC PLUS) - PCPartPicker
2024-10-13,,MSI VENTUS 2X PLUS OC GeForce RTX 5060 Ti 8 GB Video Card (RTX 5060 Ti 8G VENTUS 2X OC PLUS) - PCPartPicker
2024-10-14,,MSI VENTUS 2X PLUS OC GeForce RTX 5060 Ti 8 GB Video Card (RTX 5060 Ti 8G VENTUS 2X OC PLUS) - PCPartPicker
2024-10-15,,MSI VENTUS 2X PLUS OC GeForce RTX 5060 Ti 8 GB Video Card (RTX 5060 Ti 8G VENTUS 2X OC PLUS) - PCPartPicker
2024-10-16,,MSI VENTUS 2X PLUS OC GeForce RTX 5060 Ti 8 GB Video Card (RTX 5060 Ti 8G VENTUS 2X OC PLUS) - PCPartPicker
2024-10-17,,MSI VENTUS 2X PLUS OC GeForce RTX 5060 Ti 8 GB Video Card (RTX 5060 Ti 8G VENTUS 2X OC PLUS) - PCPartPicker
2024-10-18,,MSI VENTUS 2X PLUS OC GeForce RTX 5060 Ti 8 GB Video Card (RTX 5060 Ti 8G VENTUS 2X OC PLUS) - PCPartPicker
2024-10-19,,MSI VENTUS 2X PLUS OC GeForce RTX 5060 Ti 8 GB Video Card (RTX 5060 Ti 8G VENTUS 2X OC PLUS) - PCPartPicker
2024-10-20,,MSI VENTUS 2X PLUS OC GeForce RTX 5060 Ti 8 GB Video Card (RTX 5060 Ti 8G VENTUS 2X OC PLUS) - PCPartPicker
2024-10-21,,MSI VENTUS 2X PLUS OC GeForce RTX 5060 Ti 8 GB Video Card (RTX 5060 Ti 8G VENTUS 2X OC PLUS) - PCPartPicker
2024-10-22,,MSI VENTUS 2X PLUS OC GeForce RTX 5060 Ti 8 GB Video Card (RTX 5060 Ti 8G VENTUS 2X OC PLUS) - PCPartPicker
2024-10-23,,MSI VENTUS 2X PLUS OC GeForce RTX 5060 Ti 8 GB Video Card (RTX 5060 Ti 8G VENTUS 2X OC PLUS) - PCPartPicker
2024-10-24,,MSI VENTUS 2X PLUS OC GeForce RTX 5060 Ti 8 GB Video Card (RTX 5060 Ti 8G VENTUS 2X OC PLUS) - PCPartPicker
2024-10-25,,MSI VENTUS 2X PLUS OC GeForce RTX 5060 Ti 8 GB Video Card (RTX 5060 Ti 8G VENTUS 2X OC PLUS) - PCPartPicker
2024-10-26,,MSI VENTUS 2X PLUS OC GeForce RTX 5060 Ti 8 GB Video Card (RTX 5060 Ti 8G VENTUS 2X OC PLUS) - PCPartPicker
2024-10-27,,MSI VENTUS 2X PLUS OC GeForce RTX 5060 Ti 8 GB Video Card (RTX 5060 Ti 8G VENTUS 2X OC PLUS) - PCPartPicker
2024-10-28,,MSI VENTUS 2X PLUS OC GeForce RTX 5060 Ti 8 GB Video Card (RTX 5060 Ti 8G VENTUS 2X OC PLUS) - PCPartPicker
2024-10-29,,MSI VENTUS 2X PLUS OC GeForce RTX 5060 Ti 8 GB Video Card (RTX 5060 Ti 8G VENTUS 2X OC PLUS) - PCPartPicker
2024-10-30,,MSI VENTUS 2X PLUS OC GeForce RTX 5060 Ti 8 GB Video Card (RTX 5060 Ti 8G VENTUS 2X OC PLUS) - PCPartPicker
2024-10-31,,MSI VENTUS 2X PLUS OC GeForce RTX 5060 Ti 8 GB Video Card (RTX 5060 Ti 8G VENTUS 2X OC PLUS) - PCPartPicker
2024-11-01,,MSI VENTUS 2X PLUS OC GeForce RTX 5060 Ti 8 GB Video Card (RTX 5060 Ti 8G VENTUS 2X OC PLUS) - PCPartPicker
2024-11-02,,MSI VENTUS 2X PLUS OC GeForce RTX 5060 Ti 8 GB Video Card (RTX 5060 Ti 8G VENTUS 2X OC PLUS) - PCPartPicker
2024-11-03,,MSI VENTUS 2X PLUS OC GeForce RTX 5060 Ti 8 GB Video Card (RTX 5060 Ti 8G VENTUS 2X OC PLUS) - PCPartPicker
2024-11-04,,MSI VENTUS 2X PLUS OC GeForce RTX 5060 Ti 8 GB Video Card (RTX 5060 Ti 8G VENTUS 2X OC PLUS) - PCPartPicker
2024-11-05,,MSI VENTUS 2X PLUS OC GeForce RTX 5060 Ti 8 GB Video Card (RTX 5060 Ti 8G VENTUS 2X OC PLUS) - PCPartPicker
2024-11-06,,MSI VENTUS 2X PLUS OC GeForce RTX 5060 Ti 8 GB Video Card (RTX 5060 Ti 8G VENTUS 2X OC PLUS) - PCPartPicker
2024-11-07,,MSI VENTUS 2X PLUS OC GeForce RTX 5060 Ti 8 GB Video Card (RTX 5060 Ti 8G VENTUS 2X OC PLUS) - PCPartPicker
2024-11-08,,MSI VENTUS 2X PLUS OC GeForce RTX 5060 Ti 8 GB Video Card (RTX 5060 Ti 8G VENTUS 2X OC PLUS) - PCPartPicker
2024-11-09,,MSI VENTUS 2X PLUS OC GeForce RTX 5060 Ti 8 GB Video Card (RTX 5060 Ti 8G VENTUS 2X OC PLUS) - PCPartPicker
2024-11-10,,MSI VENTUS 2X PLUS OC GeForce RTX 5060 Ti 8 GB Video Card (RTX 5060 Ti 8G VENTUS 2X OC PLUS) - PCPartPicker
2024-11-11,,MSI VENTUS 2X PLUS OC GeForce RTX 5060 Ti 8 GB Video Card (RTX 5060 Ti 8G VENTUS 2X OC PLUS) - PCPartPicker
2024-11-12,,MSI VENTUS 2X PLUS OC GeForce RTX 5060 Ti 8 GB Video Card (RTX 5060 Ti 8G VENTUS 2X OC PLUS) - PCPartPicker
2024-11-13,,MSI VENTUS 2X PLUS OC GeForce RTX 5060 Ti 8 GB Video Card (RTX 5060 Ti 8G VENTUS 2X OC PLUS) - PCPartPicker
2024-11-14,,MSI VENTUS 2X PLUS OC GeForce RTX 5060 Ti 8 GB Video Card (RTX 5060 Ti 8G VENTUS 2X OC PLUS) - PCPartPicker
2024-11-15,,MSI VENTUS 2X PLUS OC GeForce RTX 5060 Ti 8 GB Video Card (RTX 5060 Ti 8G VENTUS 2X OC PLUS) - PCPartPicker
2024-11-16,,MSI VENTUS 2X PLUS OC GeForce RTX 5060 Ti 8 GB Video Card (RTX 5060 Ti 8G VENTUS 2X OC PLUS) - PCPartPicker
2024-11-17,,MSI VENTUS 2X PLUS OC GeForce RTX 5060 Ti 8 GB Video Card (RTX 5060 Ti 8G VENTUS 2X OC PLUS) - PCPartPicker
2024-11-18,,MSI VENTUS 2X PLUS OC GeForce RTX 5060 Ti 8 GB Video Card (RTX 5060 Ti 8G VENTUS 2X OC PLUS) - PCPartPicker
2024-11-19,,MSI VENTUS 2X PLUS OC GeForce RTX 5060 Ti 8 GB Video Card (RTX 5060 Ti 8G VENTUS 2X OC PLUS) - PCPartPicker
2024-11-20,,MSI VENTUS 2X PLUS OC GeForce RTX 5060 Ti 8 GB Video Card (RTX 5060 Ti 8G VENTUS 2X OC PLUS) - PCPartPicker
2024-11-21,,MSI VENTUS 2X PLUS OC GeForce RTX 5060 Ti 8 GB Video Card (RTX 5060 Ti 8G VENTUS 2X OC PLUS) - PCPartPicker
2024-11-22,,MSI VENTUS 2X PLUS OC GeForce RTX 5060 Ti 8 GB Video Card (RTX 5060 Ti 8G VENTUS 2X OC PLUS) - PCPartPicker
2024-11-23,,MSI VENTUS 2X PLUS OC GeForce RTX 5060 Ti 8 GB Video Card (RTX 5060 Ti 8G VENTUS 2X OC PLUS) - PCPartPicker
2024-11-24,,MSI VENTUS 2X PLUS OC GeForce RTX 5060 Ti 8 GB Video Card (RTX 5060 Ti 8G VENTUS 2X OC PLUS) - PCPartPicker
2024-11-25,,MSI VENTUS 2X PLUS OC GeForce RTX 5060 Ti 8 GB Video Card (RTX 5060 Ti 8G VENTUS 2X OC PLUS) - PCPartPicker
2024-11-26,,MSI VENTUS 2X PLUS OC GeForce RTX 5060 Ti 8 GB Video Card (RTX 5060 Ti 8G VENTUS 2X OC PLUS) - PCPartPicker
2024-11-27,,MSI VENTUS 2X PLUS OC GeForce RTX 5060 Ti 8 GB Video Card (RTX 5060 Ti 8G VENTUS 2X OC PLUS) - PCPartPicker
2024-11-28,,MSI VENTUS 2X PLUS OC GeForce RTX 5060 Ti 8 GB Video Card (RTX 5060 Ti 8G VENTUS 2X OC PLUS) - PCPartPicker
2024-11-29,,MSI VENTUS 2X PLUS OC GeForce RTX 5060 Ti 8 GB Video Card (RTX 5060 Ti 8G VENTUS 2X OC PLUS) - PCPartPicker
2024-11-30,,MSI VENTUS 2X PLUS OC GeForce RTX 5060 Ti 8 GB Video Card (RTX 5060 Ti 8G VENTUS 2X OC PLUS) - PCPartPicker
2024-12-01,,MSI VENTUS 2X PLUS OC GeForce RTX 5060 Ti 8 GB Video Card (RTX 5060 Ti 8G VENTUS 2X OC PLUS) - PCPartPicker
2024-12-02,,MSI VENTUS 2X PLUS OC GeForce RTX 5060 Ti 8 GB Video Card (RTX 5060 Ti 8G VENTUS 2X OC PLUS) - PCPartPicker
2024-12-03,,MSI VENTUS 2X PLUS OC GeForce RTX 5060 Ti 8 GB Video Card (RTX 5060 Ti 8G VENTUS 2X OC PLUS) - PCPartPicker
2024-12-04,,MSI VENTUS 2X PLUS OC GeForce RTX 5060 Ti 8 GB Video Card (RTX 5060 Ti 8G VENTUS 2X OC PLUS) - PCPartPicker
2024-12-05,,MSI VENTUS 2X PLUS OC GeForce RTX 5060 Ti 8 GB Video Card (RTX 5060 Ti 8G VENTUS 2X OC PLUS) - PCPartPicker
2024-12-06,,MSI VENTUS 2X PLUS OC GeForce RTX 5060 Ti 8 GB Video Card (RTX 5060 Ti 8G VENTUS 2X OC PLUS) - PCPartPicker
2024-12-07,,MSI VENTUS 2X PLUS OC GeForce RTX 5060 Ti 8 GB Video Card (RTX 5060 Ti 8G VENTUS 2X OC PLUS) - PCPartPicker
2024-12-08,,MSI VENTUS 2X PLUS OC GeForce RTX 5060 Ti 8 GB Video Card (RTX 5060 Ti 8G VENTUS 2X OC PLUS) - PCPartPicker
2024-12-09,,MSI VENTUS 2X PLUS OC GeForce RTX 5060 Ti 8 GB Video Card (RTX 5060 Ti 8G VENTUS 2X OC PLUS) - PCPartPicker
2024-12-10,,MSI VENTUS 2X PLUS OC GeForce RTX 5060 Ti 8 GB Video Card (RTX 5060 Ti 8G VENTUS 2X OC PLUS) - PCPartPicker
2024-12-11,,MSI VENTUS 2X PLUS OC GeForce RTX 5060 Ti 8 GB Video Card (RTX 5060 Ti 8G VENTUS 2X OC PLUS) - PCPartPicker
2024-12-12,,MSI VENTUS 2X PLUS OC GeForce RTX 5060 Ti 8 GB Video Card (RTX 5060 Ti 8G VENTUS 2X OC PLUS) - PCPartPicker
2024-12-13,,MSI VENTUS 2X PLUS OC GeForce RTX 5060 Ti 8 GB Video Card (RTX 5060 Ti 8G VENTUS 2X OC PLUS) - PCPartPicker
2024-12-14,,MSI VENTUS 2X PLUS OC GeForce RTX 5060 Ti 8 GB Video Card (RTX 5060 Ti 8G VENTUS 2X OC PLUS) - PCPartPicker
2024-12-15,,MSI VENTUS 2X PLUS OC GeForce RTX 5060 Ti 8 GB Video Card (RTX 5060 Ti 8G VENTUS 2X OC PLUS) - PCPartPicker
2024-12-16,,MSI VENTUS 2X PLUS OC GeForce RTX 5060 Ti 8 GB Video Card (RTX 5060 Ti 8G VENTUS 2X OC PLUS) - PCPartPicker
2024-12-17,,MSI VENTUS 2X PLUS OC GeForce RTX 5060 Ti 8 GB Video Card (RTX 5060 Ti 8G VENTUS 2X OC PLUS) - PCPartPicker
2024-12-18,,MSI VENTUS 2X PLUS OC GeForce RTX 5060 Ti 8 GB Video Card (RTX 5060 Ti 8G VENTUS 2X OC PLUS) - PCPartPicker
2024-12-19,,MSI VENTUS 2X PLUS OC GeForce RTX 5060 Ti 8 GB Video Card (RTX 5060 Ti 8G VENTUS 2X OC PLUS) - PCPartPicker
2024-12-20,,MSI VENTUS 2X PLUS OC GeForce RTX 5060 Ti 8 GB Video Card (RTX 5060 Ti 8G VENTUS 2X OC PLUS) - PCPartPicker
2024-12-21,,MSI VENTUS 2X PLUS OC GeForce RTX 5060 Ti 8 GB Video Card (RTX 5060 Ti 8G VENTUS 2X OC PLUS) - PCPartPicker
2024-12-22,,MSI VENTUS 2X PLUS OC GeForce RTX 5060 Ti 8 GB Video Card (RTX 5060 Ti 8G VENTUS 2X OC PLUS) - PCPartPicker
2024-12-23,,MSI VENTUS 2X PLUS OC GeForce RTX 5060 Ti 8 GB Video Card (RTX 5060 Ti 8G VENTUS 2X OC PLUS) - PCPartPicker
2024-12-24,,MSI VENTUS 2X PLUS OC GeForce RTX 5060 Ti 8 GB Video Card (RTX 5060 Ti 8G VENTUS 2X OC PLUS) - PCPartPicker
2024-12-25,,MSI VENTUS 2X PLUS OC GeForce RTX 5060 Ti 8 GB Video Card (RTX 5060 Ti 8G VENTUS 2X OC PLUS) - PCPartPicker
2024-12-26,,MSI VENTUS 2X PLUS OC GeForce RTX 5060 Ti 8 GB Video Card (RTX 5060 Ti 8G VENTUS 2X OC PLUS) - PCPartPicker
2024-12-27,,MSI VENTUS 2X PLUS OC GeForce RTX 5060 Ti 8 GB Video Card (RTX 5060 Ti 8G VENTUS 2X OC PLUS) - PCPartPicker
2024-12-28,,MSI VENTUS 2X PLUS OC GeForce RTX 5060 Ti 8 GB Video Card (RTX 5060 Ti 8G VENTUS 2X OC PLUS) - PCPartPicker
2024-12-29,,MSI VENTUS 2X PLUS OC GeForce RTX 5060 Ti 8 GB Video Card (RTX 5060 Ti 8G VENTUS 2X OC PLUS) - PCPartPicker
2024-12-30,,MSI VENTUS 2X PLUS OC GeForce RTX 5060 Ti 8 GB Video Card (RTX 5060 Ti 8G VENTUS 2X OC PLUS) - PCPartPicker
2024-12-31,,MSI VENTUS 2X PLUS OC GeForce RTX 5060 Ti 8 GB Video Card (RTX 5060 Ti 8G VENTUS 2X OC PLUS) - PCPartPicker
2025-01-01,,MSI VENTUS 2X PLUS OC GeForce RTX 5060 Ti 8 GB Video Card (RTX 5060 Ti 8G VENTUS 2X OC PLUS) - PCPartPicker
2025-01-02,,MSI VENTUS 2X PLUS OC GeForce RTX 5060 Ti 8 GB Video Card (RTX 5060 Ti 8G VENTUS 2X OC PLUS) - PCPartPicker
2025-01-03,,MSI VENTUS 2X PLUS OC GeForce RTX 5060 Ti 8 GB Video Card (RTX 5060 Ti 8G VENTUS 2X OC PLUS) - PCPartPicker
2025-01-04,,MSI VENTUS 2X PLUS OC GeForce RTX 5060 Ti 8 GB Video Card (RTX 5060 Ti 8G VENTUS 2X OC PLUS) - PCPartPicker
2025-01-05,,MSI VENTUS 2X PLUS OC GeForce RTX 5060 Ti 8 GB Video Card (RTX 5060 Ti 8G VENTUS 2X OC PLUS) - PCPartPicker
2025-01-06,,MSI VENTUS 2X PLUS OC GeForce RTX 5060 Ti 8 GB Video Card (RTX 5060 Ti 8G VENTUS 2X OC PLUS) - PCPartPicker
2025-01-07,,MSI VENTUS 2X PLUS OC GeForce RTX 5060 Ti 8 GB Video Card (RTX 5060 Ti 8G VENTUS 2X OC PLUS) - PCPartPicker
2025-01-08,,MSI VENTUS 2X PLUS OC GeForce RTX 5060 Ti 8 GB Video Card (RTX 5060 Ti 8G VENTUS 2X OC PLUS) - PCPartPicker
2025-01-09,,MSI VENTUS 2X PLUS OC GeForce RTX 5060 Ti 8 GB Video Card (RTX 5060 Ti 8G VENTUS 2X OC PLUS) - PCPartPicker
2025-01-10,,MSI VENTUS 2X PLUS OC GeForce RTX 5060 Ti 8 GB Video Card (RTX 5060 Ti 8G VENTUS 2X OC PLUS) - PCPartPicker
2025-01-11,,MSI VENTUS 2X PLUS OC GeForce RTX 5060 Ti 8 GB Video Card (RTX 5060 Ti 8G VENTUS 2X OC PLUS) - PCPartPicker
2025-01-12,,MSI VENTUS 2X PLUS OC GeForce RTX 5060 Ti 8 GB Video Card (RTX 5060 Ti 8G VENTUS 2X OC PLUS) - PCPartPicker
2025-01-13,,MSI VENTUS 2X PLUS OC GeForce RTX 5060 Ti 8 GB Video Card (RTX 5060 Ti 8G VENTUS 2X OC PLUS) - PCPartPicker
2025-01-14,,MSI VENTUS 2X PLUS OC GeForce RTX 5060 Ti 8 GB Video Card (RTX 5060 Ti 8G VENTUS 2X OC PLUS) - PCPartPicker
2025-01-15,,MSI VENTUS 2X PLUS OC GeForce RTX 5060 Ti 8 GB Video Card (RTX 5060 Ti 8G VENTUS 2X OC PLUS) - PCPartPicker
2025-01-16,,MSI VENTUS 2X PLUS OC GeForce RTX 5060 Ti 8 GB Video Card (RTX 5060 Ti 8G VENTUS 2X OC PLUS) - PCPartPicker
2025-01-17,,MSI VENTUS 2X PLUS OC GeForce RTX 5060 Ti 8 GB Video Card (RTX 5060 Ti 8G VENTUS 2X OC PLUS) - PCPartPicker
2025-01-18,,MSI VENTUS 2X PLUS OC GeForce RTX 5060 Ti 8 GB Video Card (RTX 5060 Ti 8G VENTUS 2X OC PLUS) - PCPartPicker
2025-01-19,,MSI VENTUS 2X PLUS OC GeForce RTX 5060 Ti 8 GB Video Card (RTX 5060 Ti 8G VENTUS 2X OC PLUS) - PCPartPicker
2025-01-20,,MSI VENTUS 2X PLUS OC GeForce RTX 5060 Ti 8 GB Video Card (RTX 5060 Ti 8G VENTUS 2X OC PLUS) - PCPartPicker
2025-01-21,,MSI VENTUS 2X PLUS OC GeForce RTX 5060 Ti 8 GB Video Card (RTX 5060 Ti 8G VENTUS 2X OC PLUS) - PCPartPicker
2025-01-22,,MSI VENTUS 2X PLUS OC GeForce RTX 5060 Ti 8 GB Video Card (RTX 5060 Ti 8G VENTUS 2X OC PLUS) - PCPartPicker
2025-01-23,,MSI VENTUS 2X PLUS OC GeForce RTX 5060 Ti 8 GB Video Card (RTX 5060 Ti 8G VENTUS 2X OC PLUS) - PCPartPicker
2025-01-24,,MSI VENTUS 2X PLUS OC GeForce RTX 5060 Ti 8 GB Video Card (RTX 5060 Ti 8G VENTUS 2X OC PLUS) - PCPartPicker
2025-01-25,,MSI VENTUS 2X PLUS OC GeForce RTX 5060 Ti 8 GB Video Card (RTX 5060 Ti 8G VENTUS 2X OC PLUS) - PCPartPicker
2025-01-26,,MSI VENTUS 2X PLUS OC GeForce RTX 5060 Ti 8 GB Video Card (RTX 5060 Ti 8G VENTUS 2X OC PLUS) - PCPartPicker
2025-01-27,,MSI VENTUS 2X PLUS OC GeForce RTX 5060 Ti 8 GB Video Card (RTX 5060 Ti 8G VENTUS 2X OC PLUS) - PCPartPicker
2025-01-28,,MSI VENTUS 2X PLUS OC GeForce RTX 5060 Ti 8 GB Video Card (RTX 5060 Ti 8G VENTUS 2X OC PLUS) - PCPartPicker
2025-01-29,,MSI VENTUS 2X PLUS OC GeForce RTX 5060 Ti 8 GB Video Card (RTX 5060 Ti 8G VENTUS 2X OC PLUS) - PCPartPicker
2025-01-30,,MSI VENTUS 2X PLUS OC GeForce RTX 5060 Ti 8 GB Video Card (RTX 5060 Ti 8G VENTUS 2X OC PLUS) - PCPartPicker
2025-01-31,,MSI VENTUS 2X PLUS OC GeForce RTX 5060 Ti 8 GB Video Card (RTX 5060 Ti 8G VENTUS 2X OC PLUS) - PCPartPicker
2025-02-01,,MSI VENTUS 2X PLUS OC GeForce RTX 5060 Ti 8 GB Video Card (RTX 5060 Ti 8G VENTUS 2X OC PLUS) - PCPartPicker
2025-02-02,,MSI VENTUS 2X PLUS OC GeForce RTX 5060 Ti 8 GB Video Card (RTX 5060 Ti 8G VENTUS 2X OC PLUS) - PCPartPicker
2025-02-03,,MSI VENTUS 2X PLUS OC GeForce RTX 5060 Ti 8 GB Video Card (RTX 5060 Ti 8G VENTUS 2X OC PLUS) - PCPartPicker
2025-02-04,,MSI VENTUS 2X PLUS OC GeForce RTX 5060 Ti 8 GB Video Card (RTX 5060 Ti 8G VENTUS 2X OC PLUS) - PCPartPicker
2025-02-05,,MSI VENTUS 2X PLUS OC GeForce RTX 5060 Ti 8 GB Video Card (RTX 5060 Ti 8G VENTUS 2X OC PLUS) - PCPartPicker
2025-02-06,,MSI VENTUS 2X PLUS OC GeForce RTX 5060 Ti 8 GB Video Card (RTX 5060 Ti 8G VENTUS 2X OC PLUS) - PCPartPicker
2025-02-07,,MSI VENTUS 2X PLUS OC GeForce RTX 5060 Ti 8 GB Video Card (RTX 5060 Ti 8G VENTUS 2X OC PLUS) - PCPartPicker
2025-02-08,,MSI VENTUS 2X PLUS OC GeForce RTX 5060 Ti 8 GB Video Card (RTX 5060 Ti 8G VENTUS 2X OC PLUS) - PCPartPicker
2025-02-09,,MSI VENTUS 2X PLUS OC GeForce RTX 5060 Ti 8 GB Video Card (RTX 5060 Ti 8G VENTUS 2X OC PLUS) - PCPartPicker
2025-02-10,,MSI VENTUS 2X PLUS OC GeForce RTX 5060 Ti 8 GB Video Card (RTX 5060 Ti 8G VENTUS 2X OC PLUS) - PCPartPicker
2025-02-11,,MSI VENTUS 2X PLUS OC GeForce RTX 5060 Ti 8 GB Video Card (RTX 5060 Ti 8G VENTUS 2X OC PLUS) - PCPartPicker
2025-02-12,,MSI VENTUS 2X PLUS OC GeForce RTX 5060 Ti 8 GB Video Card (RTX 5060 Ti 8G VENTUS 2X OC PLUS) - PCPartPicker
2025-02-13,,MSI VENTUS 2X PLUS OC GeForce RTX 5060 Ti 8 GB Video Card (RTX 5060 Ti 8G VENTUS 2X OC PLUS) - PCPartPicker
2025-02-14,,MSI VENTUS 2X PLUS OC GeForce RTX 5060 Ti 8 GB Video Card (RTX 5060 Ti 8G VENTUS 2X OC PLUS) - PCPartPicker
2025-02-15,,MSI VENTUS 2X PLUS OC GeForce RTX 5060 Ti 8 GB Video Card (RTX 5060 Ti 8G VENTUS 2X OC PLUS) - PCPartPicker
2025-02-16,,MSI VENTUS 2X PLUS OC GeForce RTX 5060 Ti 8 GB Video Card (RTX 5060 Ti 8G VENTUS 2X OC PLUS) - PCPartPicker
2025-02-17,,MSI VENTUS 2X PLUS OC GeForce RTX 5060 Ti 8 GB Video Card (RTX 5060 Ti 8G VENTUS 2X OC PLUS) - PCPartPicker
2025-02-18,,MSI VENTUS 2X PLUS OC GeForce RTX 5060 Ti 8 GB Video Card (RTX 5060 Ti 8G VENTUS 2X OC PLUS) - PCPartPicker
2025-02-19,,MSI VENTUS 2X PLUS OC GeForce RTX 5060 Ti 8 GB Video Card (RTX 5060 Ti 8G VENTUS 2X OC PLUS) - PCPartPicker
2025-02-20,,MSI VENTUS 2X PLUS OC GeForce RTX 5060 Ti 8 GB Video Card (RTX 5060 Ti 8G VENTUS 2X OC PLUS) - PCPartPicker
2025-02-21,,MSI VENTUS 2X PLUS OC GeForce RTX 5060 Ti 8 GB Video Card (RTX 5060 Ti 8G VENTUS 2X OC PLUS) - PCPartPicker
2025-02-22,,MSI VENTUS 2X PLUS OC GeForce RTX 5060 Ti 8 GB Video Card (RTX 5060 Ti 8G VENTUS 2X OC PLUS) - PCPartPicker
2025-02-23,,MSI VENTUS 2X PLUS OC GeForce RTX 5060 Ti 8 GB Video Card (RTX 5060 Ti 8G VENTUS 2X OC PLUS) - PCPartPicker
2025-02-24,,MSI VENTUS 2X PLUS OC GeForce RTX 5060 Ti 8 GB Video Card (RTX 5060 Ti 8G VENTUS 2X OC PLUS) - PCPartPicker
2025-02-25,,MSI VENTUS 2X PLUS OC GeForce RTX 5060 Ti 8 GB Video Card (RTX 5060 Ti 8G VENTUS 2X OC PLUS) - PCPartPicker
2025-02-26,,MSI VENTUS 2X PLUS OC GeForce RTX 5060 Ti 8 GB Video Card (RTX 5060 Ti 8G VENTUS 2X OC PLUS) - PCPartPicker
2025-02-27,,MSI VENTUS 2X PLUS OC GeForce RTX 5060 Ti 8 GB Video Card (RTX 5060 Ti 8G VENTUS 2X OC PLUS) - PCPartPicker
2025-02-28,,MSI VENTUS 2X PLUS OC GeForce RTX 5060 Ti 8 GB Video Card (RTX 5060 Ti 8G VENTUS 2X OC PLUS) - PCPartPicker
2025-03-01,,MSI VENTUS 2X PLUS OC GeForce RTX 5060 Ti 8 GB Video Card (RTX 5060 Ti 8G VENTUS 2X OC PLUS) - PCPartPicker
2025-03-02,,MSI VENTUS 2X PLUS OC GeForce RTX 5060 Ti 8 GB Video Card (RTX 5060 Ti 8G VENTUS 2X OC PLUS) - PCPartPicker
2025-03-03,,MSI VENTUS 2X PLUS OC GeForce RTX 5060 Ti 8 GB Video Card (RTX 5060 Ti 8G VENTUS 2X OC PLUS) - PCPartPicker
2025-03-04,,MSI VENTUS 2X PLUS OC GeForce RTX 5060 Ti 8 GB Video Card (RTX 5060 Ti 8G VENTUS 2X OC PLUS) - PCPartPicker
2025-03-05,,MSI VENTUS 2X PLUS OC GeForce RTX 5060 Ti 8 GB Video Card (RTX 5060 Ti 8G VENTUS 2X OC PLUS) - PCPartPicker
2025-03-06,,MSI VENTUS 2X PLUS OC GeForce RTX 5060 Ti 8 GB Video Card (RTX 5060 Ti 8G VENTUS 2X OC PLUS) - PCPartPicker
2025-03-07,,MSI VENTUS 2X PLUS OC GeForce RTX 5060 Ti 8 GB Video Card (RTX 5060 Ti 8G VENTUS 2X OC PLUS) - PCPartPicker
2025-03-08,,MSI VENTUS 2X PLUS OC GeForce RTX 5060 Ti 8 GB Video Card (RTX 5060 Ti 8G VENTUS 2X OC PLUS) - PCPartPicker
2025-03-09,,MSI VENTUS 2X PLUS OC GeForce RTX 5060 Ti 8 GB Video Card (RTX 5060 Ti 8G VENTUS 2X OC PLUS) - PCPartPicker
2025-03-10,,MSI VENTUS 2X PLUS OC GeForce RTX 5060 Ti 8 GB Video Card (RTX 5060 Ti 8G VENTUS 2X OC PLUS) - PCPartPicker
2025-03-11,,MSI VENTUS 2X PLUS OC GeForce RTX 5060 Ti 8 GB Video Card (RTX 5060 Ti 8G VENTUS 2X OC PLUS) - PCPartPicker
2025-03-12,,MSI VENTUS 2X PLUS OC GeForce RTX 5060 Ti 8 GB Video Card (RTX 5060 Ti 8G VENTUS 2X OC PLUS) - PCPartPicker
2025-03-13,,MSI VENTUS 2X PLUS OC GeForce RTX 5060 Ti 8 GB Video Card (RTX 5060 Ti 8G VENTUS 2X OC PLUS) - PCPartPicker
2025-03-14,,MSI VENTUS 2X PLUS OC GeForce RTX 5060 Ti 8 GB Video Card (RTX 5060 Ti 8G VENTUS 2X OC PLUS) - PCPartPicker
2025-03-15,,MSI VENTUS 2X PLUS OC GeForce RTX 5060 Ti 8 GB Video Card (RTX 5060 Ti 8G VENTUS 2X OC PLUS) - PCPartPicker
2025-03-16,,MSI VENTUS 2X PLUS OC GeForce RTX 5060 Ti 8 GB Video Card (RTX 5060 Ti 8G VENTUS 2X OC PLUS) - PCPartPicker
2025-03-17,,MSI VENTUS 2X PLUS OC GeForce RTX 5060 Ti 8 GB Video Card (RTX 5060 Ti 8G VENTUS 2X OC PLUS) - PCPartPicker
2025-03-18,,MSI VENTUS 2X PLUS OC GeForce RTX 5060 Ti 8 GB Video Card (RTX 5060 Ti 8G VENTUS 2X OC PLUS) - PCPartPicker
2025-03-19,,MSI VENTUS 2X PLUS OC GeForce RTX 5060 Ti 8 GB Video Card (RTX 5060 Ti 8G VENTUS 2X OC PLUS) - PCPartPicker
2025-03-20,,MSI VENTUS 2X PLUS OC GeForce RTX 5060 Ti 8 GB Video Card (RTX 5060 Ti 8G VENTUS 2X OC PLUS) - PCPartPicker
2025-03-21,,MSI VENTUS 2X PLUS OC GeForce RTX 5060 Ti 8 GB Video Card (RTX 5060 Ti 8G VENTUS 2X OC PLUS) - PCPartPicker
2025-03-22,,MSI VENTUS 2X PLUS OC GeForce RTX 5060 Ti 8 GB Video Card (RTX 5060 Ti 8G VENTUS 2X OC PLUS) - PCPartPicker
2025-03-23,,MSI VENTUS 2X PLUS OC GeForce RTX 5060 Ti 8 GB Video Card (RTX 5060 Ti 8G VENTUS 2X OC PLUS) - PCPartPicker
2025-03-24,,MSI VENTUS 2X PLUS OC GeForce RTX 5060 Ti 8 GB Video Card (RTX 5060 Ti 8G VENTUS 2X OC PLUS) - PCPartPicker
2025-03-25,,MSI VENTUS 2X PLUS OC GeForce RTX 5060 Ti 8 GB Video Card (RTX 5060 Ti 8G VENTUS 2X OC PLUS) - PCPartPicker
2025-03-26,,MSI VENTUS 2X PLUS OC GeForce RTX 5060 Ti 8 GB Video Card (RTX 5060 Ti 8G VENTUS 2X OC PLUS) - PCPartPicker
2025-03-27,,MSI VENTUS 2X PLUS OC GeForce RTX 5060 Ti 8 GB Video Card (RTX 5060 Ti 8G VENTUS 2X OC PLUS) - PCPartPicker
2025-03-28,,MSI VENTUS 2X PLUS OC GeForce RTX 5060 Ti 8 GB Video Card (RTX 5060 Ti 8G VENTUS 2X OC PLUS) - PCPartPicker
2025-03-29,,MSI VENTUS 2X PLUS OC GeForce RTX 5060 Ti 8 GB Video Card (RTX 5060 Ti 8G VENTUS 2X OC PLUS) - PCPartPicker
2025-03-30,,MSI VENTUS 2X PLUS OC GeForce RTX 5060 Ti 8 GB Video Card (RTX 5060 Ti 8G VENTUS 2X OC PLUS) - PCPartPicker
2025-03-31,,MSI VENTUS 2X PLUS OC GeForce RTX 5060 Ti 8 GB Video Card (RTX 5060 Ti 8G VENTUS 2X OC PLUS) - PCPartPicker
2025-04-01,,MSI VENTUS 2X PLUS OC GeForce RTX 5060 Ti 8 GB Video Card (RTX 5060 Ti 8G VENTUS 2X OC PLUS) - PCPartPicker
2025-04-02,,MSI VENTUS 2X PLUS OC GeForce RTX 5060 Ti 8 GB Video Card (RTX 5060 Ti 8G VENTUS 2X OC PLUS) - PCPartPicker
2025-04-03,,MSI VENTUS 2X PLUS OC GeForce RTX 5060 Ti 8 GB Video Card (RTX 5060 Ti 8G VENTUS 2X OC PLUS) - PCPartPicker
2025-04-04,,MSI VENTUS 2X PLUS OC GeForce RTX 5060 Ti 8 GB Video Card (RTX 5060 Ti 8G VENTUS 2X OC PLUS) - PCPartPicker
2025-04-05,,MSI VENTUS 2X PLUS OC GeForce RTX 5060 Ti 8 GB Video Card (RTX 5060 Ti 8G VENTUS 2X OC PLUS) - PCPartPicker
2025-04-06,,MSI VENTUS 2X PLUS OC GeForce RTX 5060 Ti 8 GB Video Card (RTX 5060 Ti 8G VENTUS 2X OC PLUS) - PCPartPicker
2025-04-07,,MSI VENTUS 2X PLUS OC GeForce RTX 5060 Ti 8 GB Video Card (RTX 5060 Ti 8G VENTUS 2X OC PLUS) - PCPartPicker
2025-04-08,,MSI VENTUS 2X PLUS OC GeForce RTX 5060 Ti 8 GB Video Card (RTX 5060 Ti 8G VENTUS 2X OC PLUS) - PCPartPicker
2025-04-09,,MSI VENTUS 2X PLUS OC GeForce RTX 5060 Ti 8 GB Video Card (RTX 5060 Ti 8G VENTUS 2X OC PLUS) - PCPartPicker
2025-04-10,,MSI VENTUS 2X PLUS OC GeForce RTX 5060 Ti 8 GB Video Card (RTX 5060 Ti 8G VENTUS 2X OC PLUS) - PCPartPicker
2025-04-11,,MSI VENTUS 2X PLUS OC GeForce RTX 5060 Ti 8 GB Video Card (RTX 5060 Ti 8G VENTUS 2X OC PLUS) - PCPartPicker
2025-04-12,,MSI VENTUS 2X PLUS OC GeForce RTX 5060 Ti 8 GB Video Card (RTX 5060 Ti 8G VENTUS 2X OC PLUS) - PCPartPicker
2025-04-13,,MSI VENTUS 2X PLUS OC GeForce RTX 5060 Ti 8 GB Video Card (RTX 5060 Ti 8G VENTUS 2X OC PLUS) - PCPartPicker
2025-04-14,,MSI VENTUS 2X PLUS OC GeForce RTX 5060 Ti 8 GB Video Card (RTX 5060 Ti 8G VENTUS 2X OC PLUS) - PCPartPicker
2025-04-15,,MSI VENTUS 2X PLUS OC GeForce RTX 5060 Ti 8 GB Video Card (RTX 5060 Ti 8G VENTUS 2X OC PLUS) - PCPartPicker
2025-04-16,43498.5,MSI VENTUS 2X PLUS OC GeForce RTX 5060 Ti 8 GB Video Card (RTX 5060 Ti 8G VENTUS 2X OC PLUS) - PCPartPicker
2025-04-17,43498.5,MSI VENTUS 2X PLUS OC GeForce RTX 5060 Ti 8 GB Video Card (RTX 5060 Ti 8G VENTUS 2X OC PLUS) - PCPartPicker
2025-04-18,43498.5,MSI VENTUS 2X PLUS OC GeForce RTX 5060 Ti 8 GB Video Card (RTX 5060 Ti 8G VENTUS 2X OC PLUS) - PCPartPicker
2025-04-19,43498.5,MSI VENTUS 2X PLUS OC GeForce RTX 5060 Ti 8 GB Video Card (RTX 5060 Ti 8G VENTUS 2X OC PLUS) - PCPartPicker
2025-04-20,43498.5,MSI VENTUS 2X PLUS OC GeForce RTX 5060 Ti 8 GB Video Card (RTX 5060 Ti 8G VENTUS 2X OC PLUS) - PCPartPicker
2025-04-21,43498.5,MSI VENTUS 2X PLUS OC GeForce RTX 5060 Ti 8 GB Video Card (RTX 5060 Ti 8G VENTUS 2X OC PLUS) - PCPartPicker
2025-04-22,43498.5,MSI VENTUS 2X PLUS OC GeForce RTX 5060 Ti 8 GB Video Card (RTX 5060 Ti 8G VENTUS 2X OC PLUS) - PCPartPicker
2025-04-23,43498.5,MSI VENTUS 2X PLUS OC GeForce RTX 5060 Ti 8 GB Video Card (RTX 5060 Ti 8G VENTUS 2X OC PLUS) - PCPartPicker
2025-04-24,43498.5,MSI VENTUS 2X PLUS OC GeForce RTX 5060 Ti 8 GB Video Card (RTX 5060 Ti 8G VENTUS 2X OC PLUS) - PCPartPicker
2025-04-25,43498.5,MSI VENTUS 2X PLUS OC GeForce RTX 5060 Ti 8 GB Video Card (RTX 5060 Ti 8G VENTUS 2X OC PLUS) - PCPartPicker
2025-04-26,43498.5,MSI VENTUS 2X PLUS OC GeForce RTX 5060 Ti 8 GB Video Card (RTX 5060 Ti 8G VENTUS 2X OC PLUS) - PCPartPicker
2025-04-27,43498.5,MSI VENTUS 2X PLUS OC GeForce RTX 5060 Ti 8 GB Video Card (RTX 5060 Ti 8G VENTUS 2X OC PLUS) - PCPartPicker
2025-04-28,43498.5,MSI VENTUS 2X PLUS OC GeForce RTX 5060 Ti 8 GB Video Card (RTX 5060 Ti 8G VENTUS 2X OC PLUS) - PCPartPicker
2025-04-29,43498.5,MSI VENTUS 2X PLUS OC GeForce RTX 5060 Ti 8 GB Video Card (RTX 5060 Ti 8G VENTUS 2X OC PLUS) - PCPartPicker
2025-04-30,43498.5,MSI VENTUS 2X PLUS OC GeForce RTX 5060 Ti 8 GB Video Card (RTX 5060 Ti 8G VENTUS 2X OC PLUS) - PCPartPicker
2025-05-01,43498.5,MSI VENTUS 2X PLUS OC GeForce RTX 5060 Ti 8 GB Video Card (RTX 5060 Ti 8G VENTUS 2X OC PLUS) - PCPartPicker
2025-05-02,43498.5,MSI VENTUS 2X PLUS OC GeForce RTX 5060 Ti 8 GB Video Card (RTX 5060 Ti 8G VENTUS 2X OC PLUS) - PCPartPicker
2025-05-03,43498.5,MSI VENTUS 2X PLUS OC GeForce RTX 5060 Ti 8 GB Video Card (RTX 5060 Ti 8G VENTUS 2X OC PLUS) - PCPartPicker
2025-05-04,43498.5,MSI VENTUS 2X PLUS OC GeForce RTX 5060 Ti 8 GB Video Card (RTX 5060 Ti 8G VENTUS 2X OC PLUS) - PCPartPicker
2025-05-05,43498.5,MSI VENTUS 2X PLUS OC GeForce RTX 5060 Ti 8 GB Video Card (RTX 5060 Ti 8G VENTUS 2X OC PLUS) - PCPartPicker
2025-05-06,43498.5,MSI VENTUS 2X PLUS OC GeForce RTX 5060 Ti 8 GB Video Card (RTX 5060 Ti 8G VENTUS 2X OC PLUS) - PCPartPicker
2025-05-07,42999.0,MSI VENTUS 2X PLUS OC GeForce RTX 5060 Ti 8 GB Video Card (RTX 5060 Ti 8G VENTUS 2X OC PLUS) - PCPartPicker
2025-05-08,42999.0,MSI VENTUS 2X PLUS OC GeForce RTX 5060 Ti 8 GB Video Card (RTX 5060 Ti 8G VENTUS 2X OC PLUS) - PCPartPicker
2025-05-09,42999.0,MSI VENTUS 2X PLUS OC GeForce RTX 5060 Ti 8 GB Video Card (RTX 5060 Ti 8G VENTUS 2X OC PLUS) - PCPartPicker
2025-05-10,42999.0,MSI VENTUS 2X PLUS OC GeForce RTX 5060 Ti 8 GB Video Card (RTX 5060 Ti 8G VENTUS 2X OC PLUS) - PCPartPicker
2025-05-11,42999.0,MSI VENTUS 2X PLUS OC GeForce RTX 5060 Ti 8 GB Video Card (RTX 5060 Ti 8G VENTUS 2X OC PLUS) - PCPartPicker
2025-05-12,42999.0,MSI VENTUS 2X PLUS OC GeForce RTX 5060 Ti 8 GB Video Card (RTX 5060 Ti 8G VENTUS 2X OC PLUS) - PCPartPicker
2025-05-13,42999.0,MSI VENTUS 2X PLUS OC GeForce RTX 5060 Ti 8 GB Video Card (RTX 5060 Ti 8G VENTUS 2X OC PLUS) - PCPartPicker
2025-05-14,42999.0,MSI VENTUS 2X PLUS OC GeForce RTX 5060 Ti 8 GB Video Card (RTX 5060 Ti 8G VENTUS 2X OC PLUS) - PCPartPicker
2025-05-15,42999.0,MSI VENTUS 2X PLUS OC GeForce RTX 5060 Ti 8 GB Video Card (RTX 5060 Ti 8G VENTUS 2X OC PLUS) - PCPartPicker
2025-05-16,42999.0,MSI VENTUS 2X PLUS OC GeForce RTX 5060 Ti 8 GB Video Card (RTX 5060 Ti 8G VENTUS 2X OC PLUS) - PCPartPicker
2025-05-17,42999.0,MSI VENTUS 2X PLUS OC GeForce RTX 5060 Ti 8 GB Video Card (RTX 5060 Ti 8G VENTUS 2X OC PLUS) - PCPartPicker
2025-05-18,42999.0,MSI VENTUS 2X PLUS OC GeForce RTX 5060 Ti 8 GB Video Card (RTX 5060 Ti 8G VENTUS 2X OC PLUS) - PCPartPicker
2025-05-19,42999.0,MSI VENTUS 2X PLUS OC GeForce RTX 5060 Ti 8 GB Video Card (RTX 5060 Ti 8G VENTUS 2X OC PLUS) - PCPartPicker
2025-05-20,42999.0,MSI VENTUS 2X PLUS OC GeForce RTX 5060 Ti 8 GB Video Card (RTX 5060 Ti 8G VENTUS 2X OC PLUS) - PCPartPicker
2025-05-21,42999.0,MSI VENTUS 2X PLUS OC GeForce RTX 5060 Ti 8 GB Video Card (RTX 5060 Ti 8G VENTUS 2X OC PLUS) - PCPartPicker
2025-05-22,42999.0,MSI VENTUS 2X PLUS OC GeForce RTX 5060 Ti 8 GB Video Card (RTX 5060 Ti 8G VENTUS 2X OC PLUS) - PCPartPicker
2025-05-23,42999.0,MSI VENTUS 2X PLUS OC GeForce RTX 5060 Ti 8 GB Video Card (RTX 5060 Ti 8G VENTUS 2X OC PLUS) - PCPartPicker
2025-05-24,42999.0,MSI VENTUS 2X PLUS OC GeForce RTX 5060 Ti 8 GB Video Card (RTX 5060 Ti 8G VENTUS 2X OC PLUS) - PCPartPicker
2025-05-25,42999.0,MSI VENTUS 2X PLUS OC GeForce RTX 5060 Ti 8 GB Video Card (RTX 5060 Ti 8G VENTUS 2X OC PLUS) - PCPartPicker
2025-05-26,42999.0,MSI VENTUS 2X PLUS OC GeForce RTX 5060 Ti 8 GB Video Card (RTX 5060 Ti 8G VENTUS 2X OC PLUS) - PCPartPicker
2025-05-27,42999.0,MSI VENTUS 2X PLUS OC GeForce RTX 5060 Ti 8 GB Video Card (RTX 5060 Ti 8G VENTUS 2X OC PLUS) - PCPartPicker
2025-05-28,42999.0,MSI VENTUS 2X PLUS OC GeForce RTX 5060 Ti 8 GB Video Card (RTX 5060 Ti 8G VENTUS 2X OC PLUS) - PCPartPicker
2025-05-29,42999.0,MSI VENTUS 2X PLUS OC GeForce RTX 5060 Ti 8 GB Video Card (RTX 5060 Ti 8G VENTUS 2X OC PLUS) - PCPartPicker
2025-05-30,42999.0,MSI VENTUS 2X PLUS OC GeForce RTX 5060 Ti 8 GB Video Card (RTX 5060 Ti 8G VENTUS 2X OC PLUS) - PCPartPicker
2025-05-31,42999.0,MSI VENTUS 2X PLUS OC GeForce RTX 5060 Ti 8 GB Video Card (RTX 5060 Ti 8G VENTUS 2X OC PLUS) - PCPartPicker
2025-06-01,40999.0,MSI VENTUS 2X PLUS OC GeForce RTX 5060 Ti 8 GB Video Card (RTX 5060 Ti 8G VENTUS 2X OC PLUS) - PCPartPicker
2025-06-02,40999.0,MSI VENTUS 2X PLUS OC GeForce RTX 5060 Ti 8 GB Video Card (RTX 5060 Ti 8G VENTUS 2X OC PLUS) - PCPartPicker
2025-06-03,40999.0,MSI VENTUS 2X PLUS OC GeForce RTX 5060 Ti 8 GB Video Card (RTX 5060 Ti 8G VENTUS 2X OC PLUS) - PCPartPicker
2025-06-04,40999.0,MSI VENTUS 2X PLUS OC GeForce RTX 5060 Ti 8 GB Video Card (RTX 5060 Ti 8G VENTUS 2X OC PLUS) - PCPartPicker
2025-06-05,40999.0,MSI VENTUS 2X PLUS OC GeForce RTX 5060 Ti 8 GB Video Card (RTX 5060 Ti 8G VENTUS 2X OC PLUS) - PCPartPicker
2025-06-06,38999.0,MSI VENTUS 2X PLUS OC GeForce RTX 5060 Ti 8 GB Video Card (RTX 5060 Ti 8G VENTUS 2X OC PLUS) - PCPartPicker
2025-06-07,40999.0,MSI VENTUS 2X PLUS OC GeForce RTX 5060 Ti 8 GB Video Card (RTX 5060 Ti 8G VENTUS 2X OC PLUS) - PCPartPicker
2025-06-08,38999.0,MSI VENTUS 2X PLUS OC GeForce RTX 5060 Ti 8 GB Video Card (RTX 5060 Ti 8G VENTUS 2X OC PLUS) - PCPartPicker
2025-06-09,38999.0,MSI VENTUS 2X PLUS OC GeForce RTX 5060 Ti 8 GB Video Card (RTX 5060 Ti 8G VENTUS 2X OC PLUS) - PCPartPicker
2025-06-10,38999.0,MSI VENTUS 2X PLUS OC GeForce RTX 5060 Ti 8 GB Video Card (RTX 5060 Ti 8G VENTUS 2X OC PLUS) - PCPartPicker
2025-06-11,38999.0,MSI VENTUS 2X PLUS OC GeForce RTX 5060 Ti 8 GB Video Card (RTX 5060 Ti 8G VENTUS 2X OC PLUS) - PCPartPicker
2025-06-12,38999.0,MSI VENTUS 2X PLUS OC GeForce RTX 5060 Ti 8 GB Video Card (RTX 5060 Ti 8G VENTUS 2X OC PLUS) - PCPartPicker
2025-06-13,38999.0,MSI VENTUS 2X PLUS OC GeForce RTX 5060 Ti 8 GB Video Card (RTX 5060 Ti 8G VENTUS 2X OC PLUS) - PCPartPicker
2025-06-14,38999.0,MSI VENTUS 2X PLUS OC GeForce RTX 5060 Ti 8 GB Video Card (RTX 5060 Ti 8G VENTUS 2X OC PLUS) - PCPartPicker
2025-06-15,38999.0,MSI VENTUS 2X PLUS OC GeForce RTX 5060 Ti 8 GB Video Card (RTX 5060 Ti 8G VENTUS 2X OC PLUS) - PCPartPicker
2025-06-16,38999.0,MSI VENTUS 2X PLUS OC GeForce RTX 5060 Ti 8 GB Video Card (RTX 5060 Ti 8G VENTUS 2X OC PLUS) - PCPartPicker
2025-06-17,38999.0,MSI VENTUS 2X PLUS OC GeForce RTX 5060 Ti 8 GB Video Card (RTX 5060 Ti 8G VENTUS 2X OC PLUS) - PCPartPicker
2025-06-18,38999.0,MSI VENTUS 2X PLUS OC GeForce RTX 5060 Ti 8 GB Video Card (RTX 5060 Ti 8G VENTUS 2X OC PLUS) - PCPartPicker
2025-06-19,38999.0,MSI VENTUS 2X PLUS OC GeForce RTX 5060 Ti 8 GB Video Card (RTX 5060 Ti 8G VENTUS 2X OC PLUS) - PCPartPicker
2025-06-20,38999.0,MSI VENTUS 2X PLUS OC GeForce RTX 5060 Ti 8 GB Video Card (RTX 5060 Ti 8G VENTUS 2X OC PLUS) - PCPartPicker
2025-06-21,38999.0,MSI VENTUS 2X PLUS OC GeForce RTX 5060 Ti 8 GB Video Card (RTX 5060 Ti 8G VENTUS 2X OC PLUS) - PCPartPicker
2025-06-22,38999.0,MSI VENTUS 2X PLUS OC GeForce RTX 5060 Ti 8 GB Video Card (RTX 5060 Ti 8G VENTUS 2X OC PLUS) - PCPartPicker
2025-06-23,38999.0,MSI VENTUS 2X PLUS OC GeForce RTX 5060 Ti 8 GB Video Card (RTX 5060 Ti 8G VENTUS 2X OC PLUS) - PCPartPicker
2025-06-24,38999.0,MSI VENTUS 2X PLUS OC GeForce RTX 5060 Ti 8 GB Video Card (RTX 5060 Ti 8G VENTUS 2X OC PLUS) - PCPartPicker
2025-06-25,38999.0,MSI VENTUS 2X PLUS OC GeForce RTX 5060 Ti 8 GB Video Card (RTX 5060 Ti 8G VENTUS 2X OC PLUS) - PCPartPicker
2025-06-26,38999.0,MSI VENTUS 2X PLUS OC GeForce RTX 5060 Ti 8 GB Video Card (RTX 5060 Ti 8G VENTUS 2X OC PLUS) - PCPartPicker
2025-06-27,38999.0,MSI VENTUS 2X PLUS OC GeForce RTX 5060 Ti 8 GB Video Card (RTX 5060 Ti 8G VENTUS 2X OC PLUS) - PCPartPicker
2025-06-28,38999.0,MSI VENTUS 2X PLUS OC GeForce RTX 5060 Ti 8 GB Video Card (RTX 5060 Ti 8G VENTUS 2X OC PLUS) - PCPartPicker
2025-06-29,38999.0,MSI VENTUS 2X PLUS OC GeForce RTX 5060 Ti 8 GB Video Card (RTX 5060 Ti 8G VENTUS 2X OC PLUS) - PCPartPicker
2025-06-30,38999.0,MSI VENTUS 2X PLUS OC GeForce RTX 5060 Ti 8 GB Video Card (RTX 5060 Ti 8G VENTUS 2X OC PLUS) - PCPartPicker
2025-07-01,38999.0,MSI VENTUS 2X PLUS OC GeForce RTX 5060 Ti 8 GB Video Card (RTX 5060 Ti 8G VENTUS 2X OC PLUS) - PCPartPicker
2025-07-02,38999.0,MSI VENTUS 2X PLUS OC GeForce RTX 5060 Ti 8 GB Video Card (RTX 5060 Ti 8G VENTUS 2X OC PLUS) - PCPartPicker
2025-07-03,38999.0,MSI VENTUS 2X PLUS OC GeForce RTX 5060 Ti 8 GB Video Card (RTX 5060 Ti 8G VENTUS 2X OC PLUS) - PCPartPicker
2025-07-04,38999.0,MSI VENTUS 2X PLUS OC GeForce RTX 5060 Ti 8 GB Video Card (RTX 5060 Ti 8G VENTUS 2X OC PLUS) - PCPartPicker
2025-07-05,38999.0,MSI VENTUS 2X PLUS OC GeForce RTX 5060 Ti 8 GB Video Card (RTX 5060 Ti 8G VENTUS 2X OC PLUS) - PCPartPicker
2025-07-06,38999.0,MSI VENTUS 2X PLUS OC GeForce RTX 5060 Ti 8 GB Video Card (RTX 5060 Ti 8G VENTUS 2X OC PLUS) - PCPartPicker
2025-07-07,38999.0,MSI VENTUS 2X PLUS OC GeForce RTX 5060 Ti 8 GB Video Card (RTX 5060 Ti 8G VENTUS 2X OC PLUS) - PCPartPicker
2025-07-08,38999.0,MSI VENTUS 2X PLUS OC GeForce RTX 5060 Ti 8 GB Video Card (RTX 5060 Ti 8G VENTUS 2X OC PLUS) - PCPartPicker
2025-07-09,38999.0,MSI VENTUS 2X PLUS OC GeForce RTX 5060 Ti 8 GB Video Card (RTX 5060 Ti 8G VENTUS 2X OC PLUS) - PCPartPicker
2025-07-10,38999.0,MSI VENTUS 2X PLUS OC GeForce RTX 5060 Ti 8 GB Video Card (RTX 5060 Ti 8G VENTUS 2X OC PLUS) - PCPartPicker
2025-07-11,38999.0,MSI VENTUS 2X PLUS OC GeForce RTX 5060 Ti 8 GB Video Card (RTX 5060 Ti 8G VENTUS 2X OC PLUS) - PCPartPicker
2025-07-12,38999.0,MSI VENTUS 2X PLUS OC GeForce RTX 5060 Ti 8 GB Video Card (RTX 5060 Ti 8G VENTUS 2X OC PLUS) - PCPartPicker
2025-07-13,38999.0,MSI VENTUS 2X PLUS OC GeForce RTX 5060 Ti 8 GB Video Card (RTX 5060 Ti 8G VENTUS 2X OC PLUS) - PCPartPicker
2025-07-14,38999.0,MSI VENTUS 2X PLUS OC GeForce RTX 5060 Ti 8 GB Video Card (RTX 5060 Ti 8G VENTUS 2X OC PLUS) - PCPartPicker
2025-07-15,38999.0,MSI VENTUS 2X PLUS OC GeForce RTX 5060 Ti 8 GB Video Card (RTX 5060 Ti 8G VENTUS 2X OC PLUS) - PCPartPicker
2025-07-16,38999.0,MSI VENTUS 2X PLUS OC GeForce RTX 5060 Ti 8 GB Video Card (RTX 5060 Ti 8G VENTUS 2X OC PLUS) - PCPartPicker
2025-07-17,38999.0,MSI VENTUS 2X PLUS OC GeForce RTX 5060 Ti 8 GB Video Card (RTX 5060 Ti 8G VENTUS 2X OC PLUS) - PCPartPicker
2025-07-18,38999.0,MSI VENTUS 2X PLUS OC GeForce RTX 5060 Ti 8 GB Video Card (RTX 5060 Ti 8G VENTUS 2X OC PLUS) - PCPartPicker
2025-07-19,38999.0,MSI VENTUS 2X PLUS OC GeForce RTX 5060 Ti 8 GB Video Card (RTX 5060 Ti 8G VENTUS 2X OC PLUS) - PCPartPicker
2025-07-20,38999.0,MSI VENTUS 2X PLUS OC GeForce RTX 5060 Ti 8 GB Video Card (RTX 5060 Ti 8G VENTUS 2X OC PLUS) - PCPartPicker
2025-07-21,38999.0,MSI VENTUS 2X PLUS OC GeForce RTX 5060 Ti 8 GB Video Card (RTX 5060 Ti 8G VENTUS 2X OC PLUS) - PCPartPicker
2025-07-22,38999.0,MSI VENTUS 2X PLUS OC GeForce RTX 5060 Ti 8 GB Video Card (RTX 5060 Ti 8G VENTUS 2X OC PLUS) - PCPartPicker
2025-07-23,38999.0,MSI VENTUS 2X PLUS OC GeForce RTX 5060 Ti 8 GB Video Card (RTX 5060 Ti 8G VENTUS 2X OC PLUS) - PCPartPicker
2025-07-24,38999.0,MSI VENTUS 2X PLUS OC GeForce RTX 5060 Ti 8 GB Video Card (RTX 5060 Ti 8G VENTUS 2X OC PLUS) - PCPartPicker
2025-07-25,38099.0,MSI VENTUS 2X PLUS OC GeForce RTX 5060 Ti 8 GB Video Card (RTX 5060 Ti 8G VENTUS 2X OC PLUS) - PCPartPicker
2025-07-26,38999.0,MSI VENTUS 2X PLUS OC GeForce RTX 5060 Ti 8 GB Video Card (RTX 5060 Ti 8G VENTUS 2X OC PLUS) - PCPartPicker
2025-07-27,38999.0,MSI VENTUS 2X PLUS OC GeForce RTX 5060 Ti 8 GB Video Card (RTX 5060 Ti 8G VENTUS 2X OC PLUS) - PCPartPicker
2025-07-28,38999.0,MSI VENTUS 2X PLUS OC GeForce RTX 5060 Ti 8 GB Video Card (RTX 5060 Ti 8G VENTUS 2X OC PLUS) - PCPartPicker
2025-07-29,38999.0,MSI VENTUS 2X PLUS OC GeForce RTX 5060 Ti 8 GB Video Card (RTX 5060 Ti 8G VENTUS 2X OC PLUS) - PCPartPicker
2025-07-30,38999.0,MSI VENTUS 2X PLUS OC GeForce RTX 5060 Ti 8 GB Video Card (RTX 5060 Ti 8G VENTUS 2X OC PLUS) - PCPartPicker
2025-07-31,38999.0,MSI VENTUS 2X PLUS OC GeForce RTX 5060 Ti 8 GB Video Card (RTX 5060 Ti 8G VENTUS 2X OC PLUS) - PCPartPicker
2025-08-01,38999.0,MSI VENTUS 2X PLUS OC GeForce RTX 5060 Ti 8 GB Video Card (RTX 5060 Ti 8G VENTUS 2X OC PLUS) - PCPartPicker
2025-08-02,37999.0,MSI VENTUS 2X PLUS OC GeForce RTX 5060 Ti 8 GB Video Card (RTX 5060 Ti 8G VENTUS 2X OC PLUS) - PCPartPicker
2025-08-03,37999.0,MSI VENTUS 2X PLUS OC GeForce RTX 5060 Ti 8 GB Video Card (RTX 5060 Ti 8G VENTUS 2X OC PLUS) - PCPartPicker
2025-08-04,37999.0,MSI VENTUS 2X PLUS OC GeForce RTX 5060 Ti 8 GB Video Card (RTX 5060 Ti 8G VENTUS 2X OC PLUS) - PCPartPicker
2025-08-05,37999.0,MSI VENTUS 2X PLUS OC GeForce RTX 5060 Ti 8 GB Video Card (RTX 5060 Ti 8G VENTUS 2X OC PLUS) - PCPartPicker
2025-08-06,37999.0,MSI VENTUS 2X PLUS OC GeForce RTX 5060 Ti 8 GB Video Card (RTX 5060 Ti 8G VENTUS 2X OC PLUS) - PCPartPicker
2025-08-07,37999.0,MSI VENTUS 2X PLUS OC GeForce RTX 5060 Ti 8 GB Video Card (RTX 5060 Ti 8G VENTUS 2X OC PLUS) - PCPartPicker
2025-08-08,37999.0,MSI VENTUS 2X PLUS OC GeForce RTX 5060 Ti 8 GB Video Card (RTX 5060 Ti 8G VENTUS 2X OC PLUS) - PCPartPicker
2025-08-09,37999.0,MSI VENTUS 2X PLUS OC GeForce RTX 5060 Ti 8 GB Video Card (RTX 5060 Ti 8G VENTUS 2X OC PLUS) - PCPartPicker
2025-08-10,37999.0,MSI VENTUS 2X PLUS OC GeForce RTX 5060 Ti 8 GB Video Card (RTX 5060 Ti 8G VENTUS 2X OC PLUS) - PCPartPicker
2025-08-11,37999.0,MSI VENTUS 2X PLUS OC GeForce RTX 5060 Ti 8 GB Video Card (RTX 5060 Ti 8G VENTUS 2X OC PLUS) - PCPartPicker
2025-08-12,37999.0,MSI VENTUS 2X PLUS OC GeForce RTX 5060 Ti 8 GB Video Card (RTX 5060 Ti 8G VENTUS 2X OC PLUS) - PCPartPicker
2025-08-13,37999.0,MSI VENTUS 2X PLUS OC GeForce RTX 5060 Ti 8 GB Video Card (RTX 5060 Ti 8G VENTUS 2X OC PLUS) - PCPartPicker
2025-08-14,37999.0,MSI VENTUS 2X PLUS OC GeForce RTX 5060 Ti 8 GB Video Card (RTX 5060 Ti 8G VENTUS 2X OC PLUS) - PCPartPicker
2025-08-15,37999.0,MSI VENTUS 2X PLUS OC GeForce RTX 5060 Ti 8 GB Video Card (RTX 5060 Ti 8G VENTUS 2X OC PLUS) - PCPartPicker
2025-08-16,37899.0,MSI VENTUS 2X PLUS OC GeForce RTX 5060 Ti 8 GB Video Card (RTX 5060 Ti 8G VENTUS 2X OC PLUS) - PCPartPicker
2025-08-17,36999.0,MSI VENTUS 2X PLUS OC GeForce RTX 5060 Ti 8 GB Video Card (RTX 5060 Ti 8G VENTUS 2X OC PLUS) - PCPartPicker
2025-08-18,36999.0,MSI VENTUS 2X PLUS OC GeForce RTX 5060 Ti 8 GB Video Card (RTX 5060 Ti 8G VENTUS 2X OC PLUS) - PCPartPicker
2025-08-19,36999.0,MSI VENTUS 2X PLUS OC GeForce RTX 5060 Ti 8 GB Video Card (RTX 5060 Ti 8G VENTUS 2X OC PLUS) - PCPartPicker
2025-08-20,36999.0,MSI VENTUS 2X PLUS OC GeForce RTX 5060 Ti 8 GB Video Card (RTX 5060 Ti 8G VENTUS 2X OC PLUS) - PCPartPicker
2025-08-21,36999.0,MSI VENTUS 2X PLUS OC GeForce RTX 5060 Ti 8 GB Video Card (RTX 5060 Ti 8G VENTUS 2X OC PLUS) - PCPartPicker
2025-08-22,36999.0,MSI VENTUS 2X PLUS OC GeForce RTX 5060 Ti 8 GB Video Card (RTX 5060 Ti 8G VENTUS 2X OC PLUS) - PCPartPicker
2025-08-23,36999.0,MSI VENTUS 2X PLUS OC GeForce RTX 5060 Ti 8 GB Video Card (RTX 5060 Ti 8G VENTUS 2X OC PLUS) - PCPartPicker
2025-08-24,36999.0,MSI VENTUS 2X PLUS OC GeForce RTX 5060 Ti 8 GB Video Card (RTX 5060 Ti 8G VENTUS 2X OC PLUS) - PCPartPicker
2025-08-25,36999.0,MSI VENTUS 2X PLUS OC GeForce RTX 5060 Ti 8 GB Video Card (RTX 5060 Ti 8G VENTUS 2X OC PLUS) - PCPartPicker
2025-08-26,36999.0,MSI VENTUS 2X PLUS OC GeForce RTX 5060 Ti 8 GB Video Card (RTX 5060 Ti 8G VENTUS 2X OC PLUS) - PCPartPicker
2025-08-27,36999.0,MSI VENTUS 2X PLUS OC GeForce RTX 5060 Ti 8 GB Video Card (RTX 5060 Ti 8G VENTUS 2X OC PLUS) - PCPartPicker
2025-08-28,36999.0,MSI VENTUS 2X PLUS OC GeForce RTX 5060 Ti 8 GB Video Card (RTX 5060 Ti 8G VENTUS 2X OC PLUS) - PCPartPicker
2025-08-29,36999.0,MSI VENTUS 2X PLUS OC GeForce RTX 5060 Ti 8 GB Video Card (RTX 5060 Ti 8G VENTUS 2X OC PLUS) - PCPartPicker
2025-08-30,36999.0,MSI VENTUS 2X PLUS OC GeForce RTX 5060 Ti 8 GB Video Card (RTX 5060 Ti 8G VENTUS 2X OC PLUS) - PCPartPicker
2025-08-31,36999.0,MSI VENTUS 2X PLUS OC GeForce RTX 5060 Ti 8 GB Video Card (RTX 5060 Ti 8G VENTUS 2X OC PLUS) - PCPartPicker
2025-09-01,36999.0,MSI VENTUS 2X PLUS OC GeForce RTX 5060 Ti 8 GB Video Card (RTX 5060 Ti 8G VENTUS 2X OC PLUS) - PCPartPicker
2025-09-02,36999.0,MSI VENTUS 2X PLUS OC GeForce RTX 5060 Ti 8 GB Video Card (RTX 5060 Ti 8G VENTUS 2X OC PLUS) - PCPartPicker
2025-09-03,37999.0,MSI VENTUS 2X PLUS OC GeForce RTX 5060 Ti 8 GB Video Card (RTX 5060 Ti 8G VENTUS 2X OC PLUS) - PCPartPicker
2025-09-04,37999.0,MSI VENTUS 2X PLUS OC GeForce RTX 5060 Ti 8 GB Video Card (RTX 5060 Ti 8G VENTUS 2X OC PLUS) - PCPartPicker
2025-09-05,36999.0,MSI VENTUS 2X PLUS OC GeForce RTX 5060 Ti 8 GB Video Card (RTX 5060 Ti 8G VENTUS 2X OC PLUS) - PCPartPicker
2025-09-06,36999.0,MSI VENTUS 2X PLUS OC GeForce RTX 5060 Ti 8 GB Video Card (RTX 5060 Ti 8G VENTUS 2X OC PLUS) - PCPartPicker
2025-09-07,36999.0,MSI VENTUS 2X PLUS OC GeForce RTX 5060 Ti 8 GB Video Card (RTX 5060 Ti 8G VENTUS 2X OC PLUS) - PCPartPicker
2025-09-08,36999.0,MSI VENTUS 2X PLUS OC GeForce RTX 5060 Ti 8 GB Video Card (RTX 5060 Ti 8G VENTUS 2X OC PLUS) - PCPartPicker
2025-09-09,37999.0,MSI VENTUS 2X PLUS OC GeForce RTX 5060 Ti 8 GB Video Card (RTX 5060 Ti 8G VENTUS 2X OC PLUS) - PCPartPicker
2025-09-10,36999.0,MSI VENTUS 2X PLUS OC GeForce RTX 5060 Ti 8 GB Video Card (RTX 5060 Ti 8G VENTUS 2X OC PLUS) - PCPartPicker
2025-09-11,36999.0,MSI VENTUS 2X PLUS OC GeForce RTX 5060 Ti 8 GB Video Card (RTX 5060 Ti 8G VENTUS 2X OC PLUS) - PCPartPicker
2025-09-12,36999.0,MSI VENTUS 2X PLUS OC GeForce RTX 5060 Ti 8 GB Video Card (RTX 5060 Ti 8G VENTUS 2X OC PLUS) - PCPartPicker
2025-09-13,37999.0,MSI VENTUS 2X PLUS OC GeForce RTX 5060 Ti 8 GB Video Card (RTX 5060 Ti 8G VENTUS 2X OC PLUS) - PCPartPicker
2025-09-14,37999.0,MSI VENTUS 2X PLUS OC GeForce RTX 5060 Ti 8 GB Video Card (RTX 5060 Ti 8G VENTUS 2X OC PLUS) - PCPartPicker
2025-09-15,37999.0,MSI VENTUS 2X PLUS OC GeForce RTX 5060 Ti 8 GB Video Card (RTX 5060 Ti 8G VENTUS 2X OC PLUS) - PCPartPicker
2025-09-16,37999.0,MSI VENTUS 2X PLUS OC GeForce RTX 5060 Ti 8 GB Video Card (RTX 5060 Ti 8G VENTUS 2X OC PLUS) - PCPartPicker
2025-09-17,37999.0,MSI VENTUS 2X PLUS OC GeForce RTX 5060 Ti 8 GB Video Card (RTX 5060 Ti 8G VENTUS 2X OC PLUS) - PCPartPicker
2025-09-18,37999.0,MSI VENTUS 2X PLUS OC GeForce RTX 5060 Ti 8 GB Video Card (RTX 5060 Ti 8G VENTUS 2X OC PLUS) - PCPartPicker
2025-09-19,37999.0,MSI VENTUS 2X PLUS OC GeForce RTX 5060 Ti 8 GB Video Card (RTX 5060 Ti 8G VENTUS 2X OC PLUS) - PCPartPicker
2025-09-20,37999.0,MSI VENTUS 2X PLUS OC GeForce RTX 5060 Ti 8 GB Video Card (RTX 5060 Ti 8G VENTUS 2X OC PLUS) - PCPartPicker
2025-09-21,37999.0,MSI VENTUS 2X PLUS OC GeForce RTX 5060 Ti 8 GB Video Card (RTX 5060 Ti 8G VENTUS 2X OC PLUS) - PCPartPicker
2025-09-22,37999.0,MSI VENTUS 2X PLUS OC GeForce RTX 5060 Ti 8 GB Video Card (RTX 5060 Ti 8G VENTUS 2X OC PLUS) - PCPartPicker
2025-09-23,37999.0,MSI VENTUS 2X PLUS OC GeForce RTX 5060 Ti 8 GB Video Card (RTX 5060 Ti 8G VENTUS 2X OC PLUS) - PCPartPicker
2025-09-24,37999.0,MSI VENTUS 2X PLUS OC GeForce RTX 5060 Ti 8 GB Video Card (RTX 5060 Ti 8G VENTUS 2X OC PLUS) - PCPartPicker
2025-09-25,37999.0,MSI VENTUS 2X PLUS OC GeForce RTX 5060 Ti 8 GB Video Card (RTX 5060 Ti 8G VENTUS 2X OC PLUS) - PCPartPicker
2025-09-26,37999.0,MSI VENTUS 2X PLUS OC GeForce RTX 5060 Ti 8 GB Video Card (RTX 5060 Ti 8G VENTUS 2X OC PLUS) - PCPartPicker
2025-09-27,37999.0,MSI VENTUS 2X PLUS OC GeForce RTX 5060 Ti 8 GB Video Card (RTX 5060 Ti 8G VENTUS 2X OC PLUS) - PCPartPicker
2025-09-28,37999.0,MSI VENTUS 2X PLUS OC GeForce RTX 5060 Ti 8 GB Video Card (RTX 5060 Ti 8G VENTUS 2X OC PLUS) - PCPartPicker
2025-09-29,37999.0,MSI VENTUS 2X PLUS OC GeForce RTX 5060 Ti 8 GB Video Card (RTX 5060 Ti 8G VENTUS 2X OC PLUS) - PCPartPicker
2025-09-30,37999.0,MSI VENTUS 2X PLUS OC GeForce RTX 5060 Ti 8 GB Video Card (RTX 5060 Ti 8G VENTUS 2X OC PLUS) - PCPartPicker
2025-10-01,37999.0,MSI VENTUS 2X PLUS OC GeForce RTX 5060 Ti 8 GB Video Card (RTX 5060 Ti 8G VENTUS 2X OC PLUS) - PCPartPicker
2025-10-02,37999.0,MSI VENTUS 2X PLUS OC GeForce RTX 5060 Ti 8 GB Video Card (RTX 5060 Ti 8G VENTUS 2X OC PLUS) - PCPartPicker
2025-10-03,37999.0,MSI VENTUS 2X PLUS OC GeForce RTX 5060 Ti 8 GB Video Card (RTX 5060 Ti 8G VENTUS 2X OC PLUS) - PCPartPicker
2025-10-04,37999.0,MSI VENTUS 2X PLUS OC GeForce RTX 5060 Ti 8 GB Video Card (RTX 5060 Ti 8G VENTUS 2X OC PLUS) - PCPartPicker
2025-10-05,37999.0,MSI VENTUS 2X PLUS OC GeForce RTX 5060 Ti 8 GB Video Card (RTX 5060 Ti 8G VENTUS 2X OC PLUS) - PCPartPicker
2025-10-06,37999.0,MSI VENTUS 2X PLUS OC GeForce RTX 5060 Ti 8 GB Video Card (RTX 5060 Ti 8G VENTUS 2X OC PLUS) - PCPartPicker
2025-10-07,37999.0,MSI VENTUS 2X PLUS OC GeForce RTX 5060 Ti 8 GB Video Card (RTX 5060 Ti 8G VENTUS 2X OC PLUS) - PCPartPicker
2025-10-08,37999.0,MSI VENTUS 2X PLUS OC GeForce RTX 5060 Ti 8 GB Video Card (RTX 5060 Ti 8G VENTUS 2X OC PLUS) - PCPartPicker
2025-10-09,37999.0,MSI VENTUS 2X PLUS OC GeForce RTX 5060 Ti 8 GB Video Card (RTX 5060 Ti 8G VENTUS 2X OC PLUS) - PCPartPicker
2025-10-10,37999.0,MSI VENTUS 2X PLUS OC GeForce RTX 5060 Ti 8 GB Video Card (RTX 5060 Ti 8G VENTUS 2X OC PLUS) - PCPartPicker
2025-10-11,37999.0,MSI VENTUS 2X PLUS OC GeForce RTX 5060 Ti 8 GB Video Card (RTX 5060 Ti 8G VENTUS 2X OC PLUS) - PCPartPicker
2025-10-12,37999.0,MSI VENTUS 2X PLUS OC GeForce RTX 5060 Ti 8 GB Video Card (RTX 5060 Ti 8G VENTUS 2X OC PLUS) - PCPartPicker
2025-10-13,37999.0,MSI VENTUS 2X PLUS OC GeForce RTX 5060 Ti 8 GB Video Card (RTX 5060 Ti 8G VENTUS 2X OC PLUS) - PCPartPicker
2025-10-14,37999.0,MSI VENTUS 2X PLUS OC GeForce RTX 5060 Ti 8 GB Video Card (RTX 5060 Ti 8G VENTUS 2X OC PLUS) - PCPartPicker
2025-10-15,37999.0,MSI VENTUS 2X PLUS OC GeForce RTX 5060 Ti 8 GB Video Card (RTX 5060 Ti 8G VENTUS 2X OC PLUS) - PCPartPicker
2025-10-16,37999.0,MSI VENTUS 2X PLUS OC GeForce RTX 5060 Ti 8 GB Video Card (RTX 5060 Ti 8G VENTUS 2X OC PLUS) - PCPartPicker
2025-10-17,37999.0,MSI VENTUS 2X PLUS OC GeForce RTX 5060 Ti 8 GB Video Card (RTX 5060 Ti 8G VENTUS 2X OC PLUS) - PCPartPicker
2025-10-18,37999.0,MSI VENTUS 2X PLUS OC GeForce RTX 5060 Ti 8 GB Video Card (RTX 5060 Ti 8G VENTUS 2X OC PLUS) - PCPartPicker
2025-10-19,37999.0,MSI VENTUS 2X PLUS OC GeForce RTX 5060 Ti 8 GB Video Card (RTX 5060 Ti 8G VENTUS 2X OC PLUS) - PCPartPicker
2025-10-20,37999.0,MSI VENTUS 2X PLUS OC GeForce RTX 5060 Ti 8 GB Video Card (RTX 5060 Ti 8G VENTUS 2X OC PLUS) - PCPartPicker
2025-10-21,37999.0,MSI VENTUS 2X PLUS OC GeForce RTX 5060 Ti 8 GB Video Card (RTX 5060 Ti 8G VENTUS 2X OC PLUS) - PCPartPicker
