2023-10-21,,MSI VENTUS 2X BLACK OC GeForce RTX 4060 8 GB Video Card (RTX 4060 VENTUS 2X BLACK 8G OC) - PCPartPicker
2023-10-22,29900.0,MSI VENTUS 2X BLACK OC GeForce RTX 4060 8 GB Video Card (RTX 4060 VENTUS 2X BLACK 8G OC) - PCPartPicker
2023-10-23,29900.0,MSI VENTUS 2X BLACK OC GeForce RTX 4060 8 GB Video Card (RTX 4060 VENTUS 2X BLACK 8G OC) - PCPartPicker
2023-10-24,29900.0,MSI VENTUS 2X BLACK OC GeForce RTX 4060 8 GB Video Card (RTX 4060 VENTUS 2X BLACK 8G OC) - PCPartPicker
2023-10-25,29900.0,MSI VENTUS 2X BLACK OC GeForce RTX 4060 8 GB Video Card (RTX 4060 VENTUS 2X BLACK 8G OC) - PCPartPicker
2023-10-26,29900.0,MSI VENTUS 2X BLACK OC GeForce RTX 4060 8 GB Video Card (RTX 4060 VENTUS 2X BLACK 8G OC) - PCPartPicker
2023-10-27,29900.0,MSI VENTUS 2X BLACK OC GeForce RTX 4060 8 GB Video Card (RTX 4060 VENTUS 2X BLACK 8G OC) - PCPartPicker
2023-10-28,29900.0,MSI VENTUS 2X BLACK OC GeForce RTX 4060 8 GB Video Card (RTX 4060 VENTUS 2X BLACK 8G OC) - PCPartPicker
2023-10-29,29900.0,MSI VENTUS 2X BLACK OC GeForce RTX 4060 8 GB Video Card (RTX 4060 VENTUS 2X BLACK 8G OC) - PCPartPicker
2023-10-30,29900.0,MSI VENTUS 2X BLACK OC GeForce RTX 4060 8 GB Video Card (RTX 4060 VENTUS 2X BLACK 8G OC) - PCPartPicker
2023-10-31,29900.0,MSI VENTUS 2X BLACK OC GeForce RTX 4060 8 GB Video Card (RTX 4060 VENTUS 2X BLACK 8G OC) - PCPartPicker
2023-11-01,29900.0,MSI VENTUS 2X BLACK OC GeForce RTX 4060 8 GB Video Card (RTX 4060 VENTUS 2X BLACK 8G OC) - PCPartPicker
2023-11-02,29995.0,MSI VENTUS 2X BLACK OC GeForce RTX 4060 8 GB Video Card (RTX 4060 VENTUS 2X BLACK 8G OC) - PCPartPicker
2023-11-03,29995.0,MSI VENTUS 2X BLACK OC GeForce RTX 4060 8 GB Video Card (RTX 4060 VENTUS 2X BLACK 8G OC) - PCPartPicker
2023-11-04,29999.0,MSI VENTUS 2X BLACK OC GeForce RTX 4060 8 GB Video Card (RTX 4060 VENTUS 2X BLACK 8G OC) - PCPartPicker
2023-11-05,29999.0,MSI VENTUS 2X BLACK OC GeForce RTX 4060 8 GB Video Card (RTX 4060 VENTUS 2X BLACK 8G OC) - PCPartPicker
2023-11-06,29999.0,MSI VENTUS 2X BLACK OC GeForce RTX 4060 8 GB Video Card (RTX 4060 VENTUS 2X BLACK 8G OC) - PCPartPicker
2023-11-07,29900.0,MSI VENTUS 2X BLACK OC GeForce RTX 4060 8 GB Video Card (RTX 4060 VENTUS 2X BLACK 8G OC) - PCPartPicker
2023-11-08,29900.0,MSI VENTUS 2X BLACK OC GeForce RTX 4060 8 GB Video Card (RTX 4060 VENTUS 2X BLACK 8G OC) - PCPartPicker
2023-11-09,29900.0,MSI VENTUS 2X BLACK OC GeForce RTX 4060 8 GB Video Card (RTX 4060 VENTUS 2X BLACK 8G OC) - PCPartPicker
2023-11-10,29900.0,MSI VENTUS 2X BLACK OC GeForce RTX 4060 8 GB Video Card (RTX 4060 VENTUS 2X BLACK 8G OC) - PCPartPicker
2023-11-11,29900.0,MSI VENTUS 2X BLACK OC GeForce RTX 4060 8 GB Video Card (RTX 4060 VENTUS 2X BLACK 8G OC) - PCPartPicker
2023-11-12,29900.0,MSI VENTUS 2X BLACK OC GeForce RTX 4060 8 GB Video Card (RTX 4060 VENTUS 2X BLACK 8G OC) - PCPartPicker
2023-11-13,29900.0,MSI VENTUS 2X BLACK OC GeForce RTX 4060 8 GB Video Card (RTX 4060 VENTUS 2X BLACK 8G OC) - PCPartPicker
2023-11-14,29999.0,MSI VENTUS 2X BLACK OC GeForce RTX 4060 8 GB Video Card (RTX 4060 VENTUS 2X BLACK 8G OC) - PCPartPicker
2023-11-15,29999.0,MSI VENTUS 2X BLACK OC GeForce RTX 4060 8 GB Video Card (RTX 4060 VENTUS 2X BLACK 8G OC) - PCPartPicker
2023-11-16,29999.0,MSI VENTUS 2X BLACK OC GeForce RTX 4060 8 GB Video Card (RTX 4060 VENTUS 2X BLACK 8G OC) - PCPartPicker
2023-11-17,29900.0,MSI VENTUS 2X BLACK OC GeForce RTX 4060 8 GB Video Card (RTX 4060 VENTUS 2X BLACK 8G OC) - PCPartPicker
2023-11-18,29900.0,MSI VENTUS 2X BLACK OC GeForce RTX 4060 8 GB Video Card (RTX 4060 VENTUS 2X BLACK 8G OC) - PCPartPicker
2023-11-19,29900.0,MSI VENTUS 2X BLACK OC GeForce RTX 4060 8 GB Video Card (RTX 4060 VENTUS 2X BLACK 8G OC) - PCPartPicker
2023-11-20,29900.0,MSI VENTUS 2X BLACK OC GeForce RTX 4060 8 GB Video Card (RTX 4060 VENTUS 2X BLACK 8G OC) - PCPartPicker
2023-11-21,29900.0,MSI VENTUS 2X BLACK OC GeForce RTX 4060 8 GB Video Card (RTX 4060 VENTUS 2X BLACK 8G OC) - PCPartPicker
2023-11-22,29900.0,MSI VENTUS 2X BLACK OC GeForce RTX 4060 8 GB Video Card (RTX 4060 VENTUS 2X BLACK 8G OC) - PCPartPicker
2023-11-23,29900.0,MSI VENTUS 2X BLACK OC GeForce RTX 4060 8 GB Video Card (RTX 4060 VENTUS 2X BLACK 8G OC) - PCPartPicker
2023-11-24,29900.0,MSI VENTUS 2X BLACK OC GeForce RTX 4060 8 GB Video Card (RTX 4060 VENTUS 2X BLACK 8G OC) - PCPartPicker
2023-11-25,29900.0,MSI VENTUS 2X BLACK OC GeForce RTX 4060 8 GB Video Card (RTX 4060 VENTUS 2X BLACK 8G OC) - PCPartPicker
2023-11-26,29999.0,MSI VENTUS 2X BLACK OC GeForce RTX 4060 8 GB Video Card (RTX 4060 VENTUS 2X BLACK 8G OC) - PCPartPicker
2023-11-27,29999.0,MSI VENTUS 2X BLACK OC GeForce RTX 4060 8 GB Video Card (RTX 4060 VENTUS 2X BLACK 8G OC) - PCPartPicker
2023-11-28,29999.0,MSI VENTUS 2X BLACK OC GeForce RTX 4060 8 GB Video Card (RTX 4060 VENTUS 2X BLACK 8G OC) - PCPartPicker
2023-11-29,29999.0,MSI VENTUS 2X BLACK OC GeForce RTX 4060 8 GB Video Card (RTX 4060 VENTUS 2X BLACK 8G OC) - PCPartPicker
2023-11-30,29999.0,MSI VENTUS 2X BLACK OC GeForce RTX 4060 8 GB Video Card (RTX 4060 VENTUS 2X BLACK 8G OC) - PCPartPicker
2023-12-01,29999.0,MSI VENTUS 2X BLACK OC GeForce RTX 4060 8 GB Video Card (RTX 4060 VENTUS 2X BLACK 8G OC) - PCPartPicker
2023-12-02,29999.0,MSI VENTUS 2X BLACK OC GeForce RTX 4060 8 GB Video Card (RTX 4060 VENTUS 2X BLACK 8G OC) - PCPartPicker
2023-12-03,29999.0,MSI VENTUS 2X BLACK OC GeForce RTX 4060 8 GB Video Card (RTX 4060 VENTUS 2X BLACK 8G OC) - PCPartPicker
2023-12-04,29999.0,MSI VENTUS 2X BLACK OC GeForce RTX 4060 8 GB Video Card (RTX 4060 VENTUS 2X BLACK 8G OC) - PCPartPicker
2023-12-05,29999.0,MSI VENTUS 2X BLACK OC GeForce RTX 4060 8 GB Video Card (RTX 4060 VENTUS 2X BLACK 8G OC) - PCPartPicker
2023-12-06,30999.0,MSI VENTUS 2X BLACK OC GeForce RTX 4060 8 GB Video Card (RTX 4060 VENTUS 2X BLACK 8G OC) - PCPartPicker
2023-12-07,30999.0,MSI VENTUS 2X BLACK OC GeForce RTX 4060 8 GB Video Card (RTX 4060 VENTUS 2X BLACK 8G OC) - PCPartPicker
2023-12-08,30999.0,MSI VENTUS 2X BLACK OC GeForce RTX 4060 8 GB Video Card (RTX 4060 VENTUS 2X BLACK 8G OC) - PCPartPicker
2023-12-09,30999.0,MSI VENTUS 2X BLACK OC GeForce RTX 4060 8 GB Video Card (RTX 4060 VENTUS 2X BLACK 8G OC) - PCPartPicker
2023-12-10,30999.0,MSI VENTUS 2X BLACK OC GeForce RTX 4060 8 GB Video Card (RTX 4060 VENTUS 2X BLACK 8G OC) - PCPartPicker
2023-12-11,30999.0,MSI VENTUS 2X BLACK OC GeForce RTX 4060 8 GB Video Card (RTX 4060 VENTUS 2X BLACK 8G OC) - PCPartPicker
2023-12-12,30999.0,MSI VENTUS 2X BLACK OC GeForce RTX 4060 8 GB Video Card (RTX 4060 VENTUS 2X BLACK 8G OC) - PCPartPicker
2023-12-13,30999.0,MSI VENTUS 2X BLACK OC GeForce RTX 4060 8 GB Video Card (RTX 4060 VENTUS 2X BLACK 8G OC) - PCPartPicker
2023-12-14,30999.0,MSI VENTUS 2X BLACK OC GeForce RTX 4060 8 GB Video Card (RTX 4060 VENTUS 2X BLACK 8G OC) - PCPartPicker
2023-12-15,30999.0,MSI VENTUS 2X BLACK OC GeForce RTX 4060 8 GB Video Card (RTX 4060 VENTUS 2X BLACK 8G OC) - PCPartPicker
2023-12-16,30999.0,MSI VENTUS 2X BLACK OC GeForce RTX 4060 8 GB Video Card (RTX 4060 VENTUS 2X BLACK 8G OC) - PCPartPicker
2023-12-17,30999.0,MSI VENTUS 2X BLACK OC GeForce RTX 4060 8 GB Video Card (RTX 4060 VENTUS 2X BLACK 8G OC) - PCPartPicker
2023-12-18,30999.0,MSI VENTUS 2X BLACK OC GeForce RTX 4060 8 GB Video Card (RTX 4060 VENTUS 2X BLACK 8G OC) - PCPartPicker
2023-12-19,30999.0,MSI VENTUS 2X BLACK OC GeForce RTX 4060 8 GB Video Card (RTX 4060 VENTUS 2X BLACK 8G OC) - PCPartPicker
2023-12-20,30999.0,MSI VENTUS 2X BLACK OC GeForce RTX 4060 8 GB Video Card (RTX 4060 VENTUS 2X BLACK 8G OC) - PCPartPicker
2023-12-21,30999.0,MSI VENTUS 2X BLACK OC GeForce RTX 4060 8 GB Video Card (RTX 4060 VENTUS 2X BLACK 8G OC) - PCPartPicker
2023-12-22,30499.0,MSI VENTUS 2X BLACK OC GeForce RTX 4060 8 GB Video Card (RTX 4060 VENTUS 2X BLACK 8G OC) - PCPartPicker
2023-12-23,30499.0,MSI VENTUS 2X BLACK OC GeForce RTX 4060 8 GB Video Card (RTX 4060 VENTUS 2X BLACK 8G OC) - PCPartPicker
2023-12-24,30499.0,MSI VENTUS 2X BLACK OC GeForce RTX 4060 8 GB Video Card (RTX 4060 VENTUS 2X BLACK 8G OC) - PCPartPicker
2023-12-25,30499.0,MSI VENTUS 2X BLACK OC GeForce RTX 4060 8 GB Video Card (RTX 4060 VENTUS 2X BLACK 8G OC) - PCPartPicker
2023-12-26,29999.0,MSI VENTUS 2X BLACK OC GeForce RTX 4060 8 GB Video Card (RTX 4060 VENTUS 2X BLACK 8G OC) - PCPartPicker
2023-12-27,29999.0,MSI VENTUS 2X BLACK OC GeForce RTX 4060 8 GB Video Card (RTX 4060 VENTUS 2X BLACK 8G OC) - PCPartPicker
2023-12-28,29999.0,MSI VENTUS 2X BLACK OC GeForce RTX 4060 8 GB Video Card (RTX 4060 VENTUS 2X BLACK 8G OC) - PCPartPicker
2023-12-29,29999.0,MSI VENTUS 2X BLACK OC GeForce RTX 4060 8 GB Video Card (RTX 4060 VENTUS 2X BLACK 8G OC) - PCPartPicker
2023-12-30,29999.0,MSI VENTUS 2X BLACK OC GeForce RTX 4060 8 GB Video Card (RTX 4060 VENTUS 2X BLACK 8G OC) - PCPartPicker
2023-12-31,29999.0,MSI VENTUS 2X BLACK OC GeForce RTX 4060 8 GB Video Card (RTX 4060 VENTUS 2X BLACK 8G OC) - PCPartPicker
2024-01-01,29999.0,MSI VENTUS 2X BLACK OC GeForce RTX 4060 8 GB Video Card (RTX 4060 VENTUS 2X BLACK 8G OC) - PCPartPicker
2024-01-02,29999.0,MSI VENTUS 2X BLACK OC GeForce RTX 4060 8 GB Video Card (RTX 4060 VENTUS 2X BLACK 8G OC) - PCPartPicker
2024-01-03,29999.0,MSI VENTUS 2X BLACK OC GeForce RTX 4060 8 GB Video Card (RTX 4060 VENTUS 2X BLACK 8G OC) - PCPartPicker
2024-01-04,29999.0,MSI VENTUS 2X BLACK OC GeForce RTX 4060 8 GB Video Card (RTX 4060 VENTUS 2X BLACK 8G OC) - PCPartPicker
2024-01-05,29999.0,MSI VENTUS 2X BLACK OC GeForce RTX 4060 8 GB Video Card (RTX 4060 VENTUS 2X BLACK 8G OC) - PCPartPicker
2024-01-06,29999.0,MSI VENTUS 2X BLACK OC GeForce RTX 4060 8 GB Video Card (RTX 4060 VENTUS 2X BLACK 8G OC) - PCPartPicker
2024-01-07,29999.0,MSI VENTUS 2X BLACK OC GeForce RTX 4060 8 GB Video Card (RTX 4060 VENTUS 2X BLACK 8G OC) - PCPartPicker
2024-01-08,29999.0,MSI VENTUS 2X BLACK OC GeForce RTX 4060 8 GB Video Card (RTX 4060 VENTUS 2X BLACK 8G OC) - PCPartPicker
2024-01-09,29999.0,MSI VENTUS 2X BLACK OC GeForce RTX 4060 8 GB Video Card (RTX 4060 VENTUS 2X BLACK 8G OC) - PCPartPicker
2024-01-10,29999.0,MSI VENTUS 2X BLACK OC GeForce RTX 4060 8 GB Video Card (RTX 4060 VENTUS 2X BLACK 8G OC) - PCPartPicker
2024-01-11,29999.0,MSI VENTUS 2X BLACK OC GeForce RTX 4060 8 GB Video Card (RTX 4060 VENTUS 2X BLACK 8G OC) - PCPartPicker
2024-01-12,29999.0,MSI VENTUS 2X BLACK OC GeForce RTX 4060 8 GB Video Card (RTX 4060 VENTUS 2X BLACK 8G OC) - PCPartPicker
2024-01-13,29999.0,MSI VENTUS 2X BLACK OC GeForce RTX 4060 8 GB Video Card (RTX 4060 VENTUS 2X BLACK 8G OC) - PCPartPicker
2024-01-14,29999.0,MSI VENTUS 2X BLACK OC GeForce RTX 4060 8 GB Video Card (RTX 4060 VENTUS 2X BLACK 8G OC) - PCPartPicker
2024-01-15,29999.0,MSI VENTUS 2X BLACK OC GeForce RTX 4060 8 GB Video Card (RTX 4060 VENTUS 2X BLACK 8G OC) - PCPartPicker
2024-01-16,29999.0,MSI VENTUS 2X BLACK OC GeForce RTX 4060 8 GB Video Card (RTX 4060 VENTUS 2X BLACK 8G OC) - PCPartPicker
2024-01-17,29999.0,MSI VENTUS 2X BLACK OC GeForce RTX 4060 8 GB Video Card (RTX 4060 VENTUS 2X BLACK 8G OC) - PCPartPicker
2024-01-18,29999.0,MSI VENTUS 2X BLACK OC GeForce RTX 4060 8 GB Video Card (RTX 4060 VENTUS 2X BLACK 8G OC) - PCPartPicker
2024-01-19,29999.0,MSI VENTUS 2X BLACK OC GeForce RTX 4060 8 GB Video Card (RTX 4060 VENTUS 2X BLACK 8G OC) - PCPartPicker
2024-01-20,29999.0,MSI VENTUS 2X BLACK OC GeForce RTX 4060 8 GB Video Card (RTX 4060 VENTUS 2X BLACK 8G OC) - PCPartPicker
2024-01-21,29499.0,MSI VENTUS 2X BLACK OC GeForce RTX 4060 8 GB Video Card (RTX 4060 VENTUS 2X BLACK 8G OC) - PCPartPicker
2024-01-22,29499.0,MSI VENTUS 2X BLACK OC GeForce RTX 4060 8 GB Video Card (RTX 4060 VENTUS 2X BLACK 8G OC) - PCPartPicker
2024-01-23,29499.0,MSI VENTUS 2X BLACK OC GeForce RTX 4060 8 GB Video Card (RTX 4060 VENTUS 2X BLACK 8G OC) - PCPartPicker
2024-01-24,29499.0,MSI VENTUS 2X BLACK OC GeForce RTX 4060 8 GB Video Card (RTX 4060 VENTUS 2X BLACK 8G OC) - PCPartPicker
2024-01-25,29499.0,MSI VENTUS 2X BLACK OC GeForce RTX 4060 8 GB Video Card (RTX 4060 VENTUS 2X BLACK 8G OC) - PCPartPicker
2024-01-26,29499.0,MSI VENTUS 2X BLACK OC GeForce RTX 4060 8 GB Video Card (RTX 4060 VENTUS 2X BLACK 8G OC) - PCPartPicker
2024-01-27,29499.0,MSI VENTUS 2X BLACK OC GeForce RTX 4060 8 GB Video Card (RTX 4060 VENTUS 2X BLACK 8G OC) - PCPartPicker
2024-01-28,29499.0,MSI VENTUS 2X BLACK OC GeForce RTX 4060 8 GB Video Card (RTX 4060 VENTUS 2X BLACK 8G OC) - PCPartPicker
2024-01-29,29499.0,MSI VENTUS 2X BLACK OC GeForce RTX 4060 8 GB Video Card (RTX 4060 VENTUS 2X BLACK 8G OC) - PCPartPicker
2024-01-30,29499.0,MSI VENTUS 2X BLACK OC GeForce RTX 4060 8 GB Video Card (RTX 4060 VENTUS 2X BLACK 8G OC) - PCPartPicker
2024-01-31,29499.0,MSI VENTUS 2X BLACK OC GeForce RTX 4060 8 GB Video Card (RTX 4060 VENTUS 2X BLACK 8G OC) - PCPartPicker
2024-02-01,29499.0,MSI VENTUS 2X BLACK OC GeForce RTX 4060 8 GB Video Card (RTX 4060 VENTUS 2X BLACK 8G OC) - PCPartPicker
2024-02-02,29499.0,MSI VENTUS 2X BLACK OC GeForce RTX 4060 8 GB Video Card (RTX 4060 VENTUS 2X BLACK 8G OC) - PCPartPicker
2024-02-03,29499.0,MSI VENTUS 2X BLACK OC GeForce RTX 4060 8 GB Video Card (RTX 4060 VENTUS 2X BLACK 8G OC) - PCPartPicker
2024-02-04,29499.0,MSI VENTUS 2X BLACK OC GeForce RTX 4060 8 GB Video Card (RTX 4060 VENTUS 2X BLACK 8G OC) - PCPartPicker
2024-02-05,29499.0,MSI VENTUS 2X BLACK OC GeForce RTX 4060 8 GB Video Card (RTX 4060 VENTUS 2X BLACK 8G OC) - PCPartPicker
2024-02-06,29499.0,MSI VENTUS 2X BLACK OC GeForce RTX 4060 8 GB Video Card (RTX 4060 VENTUS 2X BLACK 8G OC) - PCPartPicker
2024-02-07,29499.0,MSI VENTUS 2X BLACK OC GeForce RTX 4060 8 GB Video Card (RTX 4060 VENTUS 2X BLACK 8G OC) - PCPartPicker
2024-02-08,29499.0,MSI VENTUS 2X BLACK OC GeForce RTX 4060 8 GB Video Card (RTX 4060 VENTUS 2X BLACK 8G OC) - PCPartPicker
2024-02-09,29499.0,MSI VENTUS 2X BLACK OC GeForce RTX 4060 8 GB Video Card (RTX 4060 VENTUS 2X BLACK 8G OC) - PCPartPicker
2024-02-10,29499.0,MSI VENTUS 2X BLACK OC GeForce RTX 4060 8 GB Video Card (RTX 4060 VENTUS 2X BLACK 8G OC) - PCPartPicker
2024-02-11,29499.0,MSI VENTUS 2X BLACK OC GeForce RTX 4060 8 GB Video Card (RTX 4060 VENTUS 2X BLACK 8G OC) - PCPartPicker
2024-02-12,29499.0,MSI VENTUS 2X BLACK OC GeForce RTX 4060 8 GB Video Card (RTX 4060 VENTUS 2X BLACK 8G OC) - PCPartPicker
2024-02-13,29499.0,MSI VENTUS 2X BLACK OC GeForce RTX 4060 8 GB Video Card (RTX 4060 VENTUS 2X BLACK 8G OC) - PCPartPicker
2024-02-14,29499.0,MSI VENTUS 2X BLACK OC GeForce RTX 4060 8 GB Video Card (RTX 4060 VENTUS 2X BLACK 8G OC) - PCPartPicker
2024-02-15,29499.0,MSI VENTUS 2X BLACK OC GeForce RTX 4060 8 GB Video Card (RTX 4060 VENTUS 2X BLACK 8G OC) - PCPartPicker
2024-02-16,29499.0,MSI VENTUS 2X BLACK OC GeForce RTX 4060 8 GB Video Card (RTX 4060 VENTUS 2X BLACK 8G OC) - PCPartPicker
2024-02-17,29499.0,MSI VENTUS 2X BLACK OC GeForce RTX 4060 8 GB Video Card (RTX 4060 VENTUS 2X BLACK 8G OC) - PCPartPicker
2024-02-18,29499.0,MSI VENTUS 2X BLACK OC GeForce RTX 4060 8 GB Video Card (RTX 4060 VENTUS 2X BLACK 8G OC) - PCPartPicker
2024-02-19,29487.5,MSI VENTUS 2X BLACK OC GeForce RTX 4060 8 GB Video Card (RTX 4060 VENTUS 2X BLACK 8G OC) - PCPartPicker
2024-02-20,29487.5,MSI VENTUS 2X BLACK OC GeForce RTX 4060 8 GB Video Card (RTX 4060 VENTUS 2X BLACK 8G OC) - PCPartPicker
2024-02-21,29487.5,MSI VENTUS 2X BLACK OC GeForce RTX 4060 8 GB Video Card (RTX 4060 VENTUS 2X BLACK 8G OC) - PCPartPicker
2024-02-22,29487.5,MSI VENTUS 2X BLACK OC GeForce RTX 4060 8 GB Video Card (RTX 4060 VENTUS 2X BLACK 8G OC) - PCPartPicker
2024-02-23,29487.5,MSI VENTUS 2X BLACK OC GeForce RTX 4060 8 GB Video Card (RTX 4060 VENTUS 2X BLACK 8G OC) - PCPartPicker
2024-02-24,29487.5,MSI VENTUS 2X BLACK OC GeForce RTX 4060 8 GB Video Card (RTX 4060 VENTUS 2X BLACK 8G OC) - PCPartPicker
2024-02-25,29487.5,MSI VENTUS 2X BLACK OC GeForce RTX 4060 8 GB Video Card (RTX 4060 VENTUS 2X BLACK 8G OC) - PCPartPicker
2024-02-26,29487.5,MSI VENTUS 2X BLACK OC GeForce RTX 4060 8 GB Video Card (RTX 4060 VENTUS 2X BLACK 8G OC) - PCPartPicker
2024-02-27,29487.5,MSI VENTUS 2X BLACK OC GeForce RTX 4060 8 GB Video Card (RTX 4060 VENTUS 2X BLACK 8G OC) - PCPartPicker
2024-02-28,29487.5,MSI VENTUS 2X BLACK OC GeForce RTX 4060 8 GB Video Card (RTX 4060 VENTUS 2X BLACK 8G OC) - PCPartPicker
2024-02-29,29487.5,MSI VENTUS 2X BLACK OC GeForce RTX 4060 8 GB Video Card (RTX 4060 VENTUS 2X BLACK 8G OC) - PCPartPicker
2024-03-01,29487.5,MSI VENTUS 2X BLACK OC GeForce RTX 4060 8 GB Video Card (RTX 4060 VENTUS 2X BLACK 8G OC) - PCPartPicker
2024-03-02,29487.5,MSI VENTUS 2X BLACK OC GeForce RTX 4060 8 GB Video Card (RTX 4060 VENTUS 2X BLACK 8G OC) - PCPartPicker
2024-03-03,29487.5,MSI VENTUS 2X BLACK OC GeForce RTX 4060 8 GB Video Card (RTX 4060 VENTUS 2X BLACK 8G OC) - PCPartPicker
2024-03-04,29487.5,MSI VENTUS 2X BLACK OC GeForce RTX 4060 8 GB Video Card (RTX 4060 VENTUS 2X BLACK 8G OC) - PCPartPicker
2024-03-05,29487.5,MSI VENTUS 2X BLACK OC GeForce RTX 4060 8 GB Video Card (RTX 4060 VENTUS 2X BLACK 8G OC) - PCPartPicker
2024-03-06,29487.5,MSI VENTUS 2X BLACK OC GeForce RTX 4060 8 GB Video Card (RTX 4060 VENTUS 2X BLACK 8G OC) - PCPartPicker
2024-03-07,29487.5,MSI VENTUS 2X BLACK OC GeForce RTX 4060 8 GB Video Card (RTX 4060 VENTUS 2X BLACK 8G OC) - PCPartPicker
2024-03-08,29487.5,MSI VENTUS 2X BLACK OC GeForce RTX 4060 8 GB Video Card (RTX 4060 VENTUS 2X BLACK 8G OC) - PCPartPicker
2024-03-09,29737.5,MSI VENTUS 2X BLACK OC GeForce RTX 4060 8 GB Video Card (RTX 4060 VENTUS 2X BLACK 8G OC) - PCPartPicker
2024-03-10,29737.5,MSI VENTUS 2X BLACK OC GeForce RTX 4060 8 GB Video Card (RTX 4060 VENTUS 2X BLACK 8G OC) - PCPartPicker
2024-03-11,29737.5,MSI VENTUS 2X BLACK OC GeForce RTX 4060 8 GB Video Card (RTX 4060 VENTUS 2X BLACK 8G OC) - PCPartPicker
2024-03-12,29737.5,MSI VENTUS 2X BLACK OC GeForce RTX 4060 8 GB Video Card (RTX 4060 VENTUS 2X BLACK 8G OC) - PCPartPicker
2024-03-13,29737.5,MSI VENTUS 2X BLACK OC GeForce RTX 4060 8 GB Video Card (RTX 4060 VENTUS 2X BLACK 8G OC) - PCPartPicker
2024-03-14,29737.5,MSI VENTUS 2X BLACK OC GeForce RTX 4060 8 GB Video Card (RTX 4060 VENTUS 2X BLACK 8G OC) - PCPartPicker
2024-03-15,29737.5,MSI VENTUS 2X BLACK OC GeForce RTX 4060 8 GB Video Card (RTX 4060 VENTUS 2X BLACK 8G OC) - PCPartPicker
2024-03-16,29487.5,MSI VENTUS 2X BLACK OC GeForce RTX 4060 8 GB Video Card (RTX 4060 VENTUS 2X BLACK 8G OC) - PCPartPicker
2024-03-17,29487.5,MSI VENTUS 2X BLACK OC GeForce RTX 4060 8 GB Video Card (RTX 4060 VENTUS 2X BLACK 8G OC) - PCPartPicker
2024-03-18,29487.5,MSI VENTUS 2X BLACK OC GeForce RTX 4060 8 GB Video Card (RTX 4060 VENTUS 2X BLACK 8G OC) - PCPartPicker
2024-03-19,29487.5,MSI VENTUS 2X BLACK OC GeForce RTX 4060 8 GB Video Card (RTX 4060 VENTUS 2X BLACK 8G OC) - PCPartPicker
2024-03-20,29487.5,MSI VENTUS 2X BLACK OC GeForce RTX 4060 8 GB Video Card (RTX 4060 VENTUS 2X BLACK 8G OC) - PCPartPicker
2024-03-21,29487.5,MSI VENTUS 2X BLACK OC GeForce RTX 4060 8 GB Video Card (RTX 4060 VENTUS 2X BLACK 8G OC) - PCPartPicker
2024-03-22,29487.5,MSI VENTUS 2X BLACK OC GeForce RTX 4060 8 GB Video Card (RTX 4060 VENTUS 2X BLACK 8G OC) - PCPartPicker
2024-03-23,29487.5,MSI VENTUS 2X BLACK OC GeForce RTX 4060 8 GB Video Card (RTX 4060 VENTUS 2X BLACK 8G OC) - PCPartPicker
2024-03-24,29487.5,MSI VENTUS 2X BLACK OC GeForce RTX 4060 8 GB Video Card (RTX 4060 VENTUS 2X BLACK 8G OC) - PCPartPicker
2024-03-25,29487.5,MSI VENTUS 2X BLACK OC GeForce RTX 4060 8 GB Video Card (RTX 4060 VENTUS 2X BLACK 8G OC) - PCPartPicker
2024-03-26,29499.0,MSI VENTUS 2X BLACK OC GeForce RTX 4060 8 GB Video Card (RTX 4060 VENTUS 2X BLACK 8G OC) - PCPartPicker
2024-03-27,29499.0,MSI VENTUS 2X BLACK OC GeForce RTX 4060 8 GB Video Card (RTX 4060 VENTUS 2X BLACK 8G OC) - PCPartPicker
2024-03-28,29499.0,MSI VENTUS 2X BLACK OC GeForce RTX 4060 8 GB Video Card (RTX 4060 VENTUS 2X BLACK 8G OC) - PCPartPicker
2024-03-29,29499.0,MSI VENTUS 2X BLACK OC GeForce RTX 4060 8 GB Video Card (RTX 4060 VENTUS 2X BLACK 8G OC) - PCPartPicker
2024-03-30,29499.0,MSI VENTUS 2X BLACK OC GeForce RTX 4060 8 GB Video Card (RTX 4060 VENTUS 2X BLACK 8G OC) - PCPartPicker
2024-03-31,29499.0,MSI VENTUS 2X BLACK OC GeForce RTX 4060 8 GB Video Card (RTX 4060 VENTUS 2X BLACK 8G OC) - PCPartPicker
2024-04-01,29499.0,MSI VENTUS 2X BLACK OC GeForce RTX 4060 8 GB Video Card (RTX 4060 VENTUS 2X BLACK 8G OC) - PCPartPicker
2024-04-02,29499.0,MSI VENTUS 2X BLACK OC GeForce RTX 4060 8 GB Video Card (RTX 4060 VENTUS 2X BLACK 8G OC) - PCPartPicker
2024-04-03,29499.0,MSI VENTUS 2X BLACK OC GeForce RTX 4060 8 GB Video Card (RTX 4060 VENTUS 2X BLACK 8G OC) - PCPartPicker
2024-04-04,29499.0,MSI VENTUS 2X BLACK OC GeForce RTX 4060 8 GB Video Card (RTX 4060 VENTUS 2X BLACK 8G OC) - PCPartPicker
2024-04-05,29499.0,MSI VENTUS 2X BLACK OC GeForce RTX 4060 8 GB Video Card (RTX 4060 VENTUS 2X BLACK 8G OC) - PCPartPicker
2024-04-06,29499.0,MSI VENTUS 2X BLACK OC GeForce RTX 4060 8 GB Video Card (RTX 4060 VENTUS 2X BLACK 8G OC) - PCPartPicker
2024-04-07,29499.0,MSI VENTUS 2X BLACK OC GeForce RTX 4060 8 GB Video Card (RTX 4060 VENTUS 2X BLACK 8G OC) - PCPartPicker
2024-04-08,29499.0,MSI VENTUS 2X BLACK OC GeForce RTX 4060 8 GB Video Card (RTX 4060 VENTUS 2X BLACK 8G OC) - PCPartPicker
2024-04-09,29499.0,MSI VENTUS 2X BLACK OC GeForce RTX 4060 8 GB Video Card (RTX 4060 VENTUS 2X BLACK 8G OC) - PCPartPicker
2024-04-10,29499.0,MSI VENTUS 2X BLACK OC GeForce RTX 4060 8 GB Video Card (RTX 4060 VENTUS 2X BLACK 8G OC) - PCPartPicker
2024-04-11,29499.0,MSI VENTUS 2X BLACK OC GeForce RTX 4060 8 GB Video Card (RTX 4060 VENTUS 2X BLACK 8G OC) - PCPartPicker
2024-04-12,29900.0,MSI VENTUS 2X BLACK OC GeForce RTX 4060 8 GB Video Card (RTX 4060 VENTUS 2X BLACK 8G OC) - PCPartPicker
2024-04-13,29900.0,MSI VENTUS 2X BLACK OC GeForce RTX 4060 8 GB Video Card (RTX 4060 VENTUS 2X BLACK 8G OC) - PCPartPicker
2024-04-14,29900.0,MSI VENTUS 2X BLACK OC GeForce RTX 4060 8 GB Video Card (RTX 4060 VENTUS 2X BLACK 8G OC) - PCPartPicker
2024-04-15,29900.0,MSI VENTUS 2X BLACK OC GeForce RTX 4060 8 GB Video Card (RTX 4060 VENTUS 2X BLACK 8G OC) - PCPartPicker
2024-04-16,29900.0,MSI VENTUS 2X BLACK OC GeForce RTX 4060 8 GB Video Card (RTX 4060 VENTUS 2X BLACK 8G OC) - PCPartPicker
2024-04-17,29900.0,MSI VENTUS 2X BLACK OC GeForce RTX 4060 8 GB Video Card (RTX 4060 VENTUS 2X BLACK 8G OC) - PCPartPicker
2024-04-18,29900.0,MSI VENTUS 2X BLACK OC GeForce RTX 4060 8 GB Video Card (RTX 4060 VENTUS 2X BLACK 8G OC) - PCPartPicker
2024-04-19,29900.0,MSI VENTUS 2X BLACK OC GeForce RTX 4060 8 GB Video Card (RTX 4060 VENTUS 2X BLACK 8G OC) - PCPartPicker
2024-04-20,29900.0,MSI VENTUS 2X BLACK OC GeForce RTX 4060 8 GB Video Card (RTX 4060 VENTUS 2X BLACK 8G OC) - PCPartPicker
2024-04-21,29700.0,MSI VENTUS 2X BLACK OC GeForce RTX 4060 8 GB Video Card (RTX 4060 VENTUS 2X BLACK 8G OC) - PCPartPicker
2024-04-22,29700.0,MSI VENTUS 2X BLACK OC GeForce RTX 4060 8 GB Video Card (RTX 4060 VENTUS 2X BLACK 8G OC) - PCPartPicker
2024-04-23,29700.0,MSI VENTUS 2X BLACK OC GeForce RTX 4060 8 GB Video Card (RTX 4060 VENTUS 2X BLACK 8G OC) - PCPartPicker
2024-04-24,29700.0,MSI VENTUS 2X BLACK OC GeForce RTX 4060 8 GB Video Card (RTX 4060 VENTUS 2X BLACK 8G OC) - PCPartPicker
2024-04-25,29700.0,MSI VENTUS 2X BLACK OC GeForce RTX 4060 8 GB Video Card (RTX 4060 VENTUS 2X BLACK 8G OC) - PCPartPicker
2024-04-26,29700.0,MSI VENTUS 2X BLACK OC GeForce RTX 4060 8 GB Video Card (RTX 4060 VENTUS 2X BLACK 8G OC) - PCPartPicker
2024-04-27,29700.0,MSI VENTUS 2X BLACK OC GeForce RTX 4060 8 GB Video Card (RTX 4060 VENTUS 2X BLACK 8G OC) - PCPartPicker
2024-04-28,29700.0,MSI VENTUS 2X BLACK OC GeForce RTX 4060 8 GB Video Card (RTX 4060 VENTUS 2X BLACK 8G OC) - PCPartPicker
2024-04-29,29700.0,MSI VENTUS 2X BLACK OC GeForce RTX 4060 8 GB Video Card (RTX 4060 VENTUS 2X BLACK 8G OC) - PCPartPicker
2024-04-30,29749.5,MSI VENTUS 2X BLACK OC GeForce RTX 4060 8 GB Video Card (RTX 4060 VENTUS 2X BLACK 8G OC) - PCPartPicker
2024-05-01,29749.5,MSI VENTUS 2X BLACK OC GeForce RTX 4060 8 GB Video Card (RTX 4060 VENTUS 2X BLACK 8G OC) - PCPartPicker
2024-05-02,29749.5,MSI VENTUS 2X BLACK OC GeForce RTX 4060 8 GB Video Card (RTX 4060 VENTUS 2X BLACK 8G OC) - PCPartPicker
2024-05-03,29749.5,MSI VENTUS 2X BLACK OC GeForce RTX 4060 8 GB Video Card (RTX 4060 VENTUS 2X BLACK 8G OC) - PCPartPicker
2024-05-04,29749.5,MSI VENTUS 2X BLACK OC GeForce RTX 4060 8 GB Video Card (RTX 4060 VENTUS 2X BLACK 8G OC) - PCPartPicker
2024-05-05,29749.5,MSI VENTUS 2X BLACK OC GeForce RTX 4060 8 GB Video Card (RTX 4060 VENTUS 2X BLACK 8G OC) - PCPartPicker
2024-05-06,29749.5,MSI VENTUS 2X BLACK OC GeForce RTX 4060 8 GB Video Card (RTX 4060 VENTUS 2X BLACK 8G OC) - PCPartPicker
2024-05-07,29749.5,MSI VENTUS 2X BLACK OC GeForce RTX 4060 8 GB Video Card (RTX 4060 VENTUS 2X BLACK 8G OC) - PCPartPicker
2024-05-08,29749.5,MSI VENTUS 2X BLACK OC GeForce RTX 4060 8 GB Video Card (RTX 4060 VENTUS 2X BLACK 8G OC) - PCPartPicker
2024-05-09,29749.5,MSI VENTUS 2X BLACK OC GeForce RTX 4060 8 GB Video Card (RTX 4060 VENTUS 2X BLACK 8G OC) - PCPartPicker
2024-05-10,29749.5,MSI VENTUS 2X BLACK OC GeForce RTX 4060 8 GB Video Card (RTX 4060 VENTUS 2X BLACK 8G OC) - PCPartPicker
2024-05-11,29749.5,MSI VENTUS 2X BLACK OC GeForce RTX 4060 8 GB Video Card (RTX 4060 VENTUS 2X BLACK 8G OC) - PCPartPicker
2024-05-12,29749.5,MSI VENTUS 2X BLACK OC GeForce RTX 4060 8 GB Video Card (RTX 4060 VENTUS 2X BLACK 8G OC) - PCPartPicker
2024-05-13,29749.5,MSI VENTUS 2X BLACK OC GeForce RTX 4060 8 GB Video Card (RTX 4060 VENTUS 2X BLACK 8G OC) - PCPartPicker
2024-05-14,29749.5,MSI VENTUS 2X BLACK OC GeForce RTX 4060 8 GB Video Card (RTX 4060 VENTUS 2X BLACK 8G OC) - PCPartPicker
2024-05-15,29499.5,MSI VENTUS 2X BLACK OC GeForce RTX 4060 8 GB Video Card (RTX 4060 VENTUS 2X BLACK 8G OC) - PCPartPicker
2024-05-16,29499.5,MSI VENTUS 2X BLACK OC GeForce RTX 4060 8 GB Video Card (RTX 4060 VENTUS 2X BLACK 8G OC) - PCPartPicker
2024-05-17,29499.5,MSI VENTUS 2X BLACK OC GeForce RTX 4060 8 GB Video Card (RTX 4060 VENTUS 2X BLACK 8G OC) - PCPartPicker
2024-05-18,29499.5,MSI VENTUS 2X BLACK OC GeForce RTX 4060 8 GB Video Card (RTX 4060 VENTUS 2X BLACK 8G OC) - PCPartPicker
2024-05-19,29499.5,MSI VENTUS 2X BLACK OC GeForce RTX 4060 8 GB Video Card (RTX 4060 VENTUS 2X BLACK 8G OC) - PCPartPicker
2024-05-20,29499.5,MSI VENTUS 2X BLACK OC GeForce RTX 4060 8 GB Video Card (RTX 4060 VENTUS 2X BLACK 8G OC) - PCPartPicker
2024-05-21,29499.5,MSI VENTUS 2X BLACK OC GeForce RTX 4060 8 GB Video Card (RTX 4060 VENTUS 2X BLACK 8G OC) - PCPartPicker
2024-05-22,29499.5,MSI VENTUS 2X BLACK OC GeForce RTX 4060 8 GB Video Card (RTX 4060 VENTUS 2X BLACK 8G OC) - PCPartPicker
2024-05-23,29500.0,MSI VENTUS 2X BLACK OC GeForce RTX 4060 8 GB Video Card (RTX 4060 VENTUS 2X BLACK 8G OC) - PCPartPicker
2024-05-24,29500.0,MSI VENTUS 2X BLACK OC GeForce RTX 4060 8 GB Video Card (RTX 4060 VENTUS 2X BLACK 8G OC) - PCPartPicker
2024-05-25,29500.0,MSI VENTUS 2X BLACK OC GeForce RTX 4060 8 GB Video Card (RTX 4060 VENTUS 2X BLACK 8G OC) - PCPartPicker
2024-05-26,29500.0,MSI VENTUS 2X BLACK OC GeForce RTX 4060 8 GB Video Card (RTX 4060 VENTUS 2X BLACK 8G OC) - PCPartPicker
2024-05-27,29500.0,MSI VENTUS 2X BLACK OC GeForce RTX 4060 8 GB Video Card (RTX 4060 VENTUS 2X BLACK 8G OC) - PCPartPicker
2024-05-28,29500.0,MSI VENTUS 2X BLACK OC GeForce RTX 4060 8 GB Video Card (RTX 4060 VENTUS 2X BLACK 8G OC) - PCPartPicker
2024-05-29,29500.0,MSI VENTUS 2X BLACK OC GeForce RTX 4060 8 GB Video Card (RTX 4060 VENTUS 2X BLACK 8G OC) - PCPartPicker
2024-05-30,29500.0,MSI VENTUS 2X BLACK OC GeForce RTX 4060 8 GB Video Card (RTX 4060 VENTUS 2X BLACK 8G OC) - PCPartPicker
2024-05-31,29500.0,MSI VENTUS 2X BLACK OC GeForce RTX 4060 8 GB Video Card (RTX 4060 VENTUS 2X BLACK 8G OC) - PCPartPicker
2024-06-01,29500.0,MSI VENTUS 2X BLACK OC GeForce RTX 4060 8 GB Video Card (RTX 4060 VENTUS 2X BLACK 8G OC) - PCPartPicker
2024-06-02,29500.0,MSI VENTUS 2X BLACK OC GeForce RTX 4060 8 GB Video Card (RTX 4060 VENTUS 2X BLACK 8G OC) - PCPartPicker
2024-06-03,29500.0,MSI VENTUS 2X BLACK OC GeForce RTX 4060 8 GB Video Card (RTX 4060 VENTUS 2X BLACK 8G OC) - PCPartPicker
2024-06-04,29500.0,MSI VENTUS 2X BLACK OC GeForce RTX 4060 8 GB Video Card (RTX 4060 VENTUS 2X BLACK 8G OC) - PCPartPicker
2024-06-05,29500.0,MSI VENTUS 2X BLACK OC GeForce RTX 4060 8 GB Video Card (RTX 4060 VENTUS 2X BLACK 8G OC) - PCPartPicker
2024-06-06,29500.0,MSI VENTUS 2X BLACK OC GeForce RTX 4060 8 GB Video Card (RTX 4060 VENTUS 2X BLACK 8G OC) - PCPartPicker
2024-06-07,29500.0,MSI VENTUS 2X BLACK OC GeForce RTX 4060 8 GB Video Card (RTX 4060 VENTUS 2X BLACK 8G OC) - PCPartPicker
2024-06-08,29500.0,MSI VENTUS 2X BLACK OC GeForce RTX 4060 8 GB Video Card (RTX 4060 VENTUS 2X BLACK 8G OC) - PCPartPicker
2024-06-09,29500.0,MSI VENTUS 2X BLACK OC GeForce RTX 4060 8 GB Video Card (RTX 4060 VENTUS 2X BLACK 8G OC) - PCPartPicker
2024-06-10,29500.0,MSI VENTUS 2X BLACK OC GeForce RTX 4060 8 GB Video Card (RTX 4060 VENTUS 2X BLACK 8G OC) - PCPartPicker
2024-06-11,29500.0,MSI VENTUS 2X BLACK OC GeForce RTX 4060 8 GB Video Card (RTX 4060 VENTUS 2X BLACK 8G OC) - PCPartPicker
2024-06-12,29500.0,MSI VENTUS 2X BLACK OC GeForce RTX 4060 8 GB Video Card (RTX 4060 VENTUS 2X BLACK 8G OC) - PCPartPicker
2024-06-13,29500.0,MSI VENTUS 2X BLACK OC GeForce RTX 4060 8 GB Video Card (RTX 4060 VENTUS 2X BLACK 8G OC) - PCPartPicker
2024-06-14,29500.0,MSI VENTUS 2X BLACK OC GeForce RTX 4060 8 GB Video Card (RTX 4060 VENTUS 2X BLACK 8G OC) - PCPartPicker
2024-06-15,29500.0,MSI VENTUS 2X BLACK OC GeForce RTX 4060 8 GB Video Card (RTX 4060 VENTUS 2X BLACK 8G OC) - PCPartPicker
2024-06-16,29500.0,MSI VENTUS 2X BLACK OC GeForce RTX 4060 8 GB Video Card (RTX 4060 VENTUS 2X BLACK 8G OC) - PCPartPicker
2024-06-17,29500.0,MSI VENTUS 2X BLACK OC GeForce RTX 4060 8 GB Video Card (RTX 4060 VENTUS 2X BLACK 8G OC) - PCPartPicker
2024-06-18,29500.0,MSI VENTUS 2X BLACK OC GeForce RTX 4060 8 GB Video Card (RTX 4060 VENTUS 2X BLACK 8G OC) - PCPartPicker
2024-06-19,29500.0,MSI VENTUS 2X BLACK OC GeForce RTX 4060 8 GB Video Card (RTX 4060 VENTUS 2X BLACK 8G OC) - PCPartPicker
2024-06-20,29500.0,MSI VENTUS 2X BLACK OC GeForce RTX 4060 8 GB Video Card (RTX 4060 VENTUS 2X BLACK 8G OC) - PCPartPicker
2024-06-21,29500.0,MSI VENTUS 2X BLACK OC GeForce RTX 4060 8 GB Video Card (RTX 4060 VENTUS 2X BLACK 8G OC) - PCPartPicker
2024-06-22,29500.0,MSI VENTUS 2X BLACK OC GeForce RTX 4060 8 GB Video Card (RTX 4060 VENTUS 2X BLACK 8G OC) - PCPartPicker
2024-06-23,29500.0,MSI VENTUS 2X BLACK OC GeForce RTX 4060 8 GB Video Card (RTX 4060 VENTUS 2X BLACK 8G OC) - PCPartPicker
2024-06-24,29500.0,MSI VENTUS 2X BLACK OC GeForce RTX 4060 8 GB Video Card (RTX 4060 VENTUS 2X BLACK 8G OC) - PCPartPicker
2024-06-25,29500.0,MSI VENTUS 2X BLACK OC GeForce RTX 4060 8 GB Video Card (RTX 4060 VENTUS 2X BLACK 8G OC) - PCPartPicker
2024-06-26,29500.0,MSI VENTUS 2X BLACK OC GeForce RTX 4060 8 GB Video Card (RTX 4060 VENTUS 2X BLACK 8G OC) - PCPartPicker
2024-06-27,29500.0,MSI VENTUS 2X BLACK OC GeForce RTX 4060 8 GB Video Card (RTX 4060 VENTUS 2X BLACK 8G OC) - PCPartPicker
2024-06-28,29500.0,MSI VENTUS 2X BLACK OC GeForce RTX 4060 8 GB Video Card (RTX 4060 VENTUS 2X BLACK 8G OC) - PCPartPicker
2024-06-29,29500.0,MSI VENTUS 2X BLACK OC GeForce RTX 4060 8 GB Video Card (RTX 4060 VENTUS 2X BLACK 8G OC) - PCPartPicker
2024-06-30,29500.0,MSI VENTUS 2X BLACK OC GeForce RTX 4060 8 GB Video Card (RTX 4060 VENTUS 2X BLACK 8G OC) - PCPartPicker
2024-07-01,29500.0,MSI VENTUS 2X BLACK OC GeForce RTX 4060 8 GB Video Card (RTX 4060 VENTUS 2X BLACK 8G OC) - PCPartPicker
2024-07-02,29500.0,MSI VENTUS 2X BLACK OC GeForce RTX 4060 8 GB Video Card (RTX 4060 VENTUS 2X BLACK 8G OC) - PCPartPicker
2024-07-03,29500.0,MSI VENTUS 2X BLACK OC GeForce RTX 4060 8 GB Video Card (RTX 4060 VENTUS 2X BLACK 8G OC) - PCPartPicker
2024-07-04,29500.0,MSI VENTUS 2X BLACK OC GeForce RTX 4060 8 GB Video Card (RTX 4060 VENTUS 2X BLACK 8G OC) - PCPartPicker
2024-07-05,29499.0,MSI VENTUS 2X BLACK OC GeForce RTX 4060 8 GB Video Card (RTX 4060 VENTUS 2X BLACK 8G OC) - PCPartPicker
2024-07-06,29499.0,MSI VENTUS 2X BLACK OC GeForce RTX 4060 8 GB Video Card (RTX 4060 VENTUS 2X BLACK 8G OC) - PCPartPicker
2024-07-07,29499.0,MSI VENTUS 2X BLACK OC GeForce RTX 4060 8 GB Video Card (RTX 4060 VENTUS 2X BLACK 8G OC) - PCPartPicker
2024-07-08,29499.0,MSI VENTUS 2X BLACK OC GeForce RTX 4060 8 GB Video Card (RTX 4060 VENTUS 2X BLACK 8G OC) - PCPartPicker
2024-07-09,29499.0,MSI VENTUS 2X BLACK OC GeForce RTX 4060 8 GB Video Card (RTX 4060 VENTUS 2X BLACK 8G OC) - PCPartPicker
2024-07-10,29499.0,MSI VENTUS 2X BLACK OC GeForce RTX 4060 8 GB Video Card (RTX 4060 VENTUS 2X BLACK 8G OC) - PCPartPicker
2024-07-11,29499.0,MSI VENTUS 2X BLACK OC GeForce RTX 4060 8 GB Video Card (RTX 4060 VENTUS 2X BLACK 8G OC) - PCPartPicker
2024-07-12,29499.0,MSI VENTUS 2X BLACK OC GeForce RTX 4060 8 GB Video Card (RTX 4060 VENTUS 2X BLACK 8G OC) - PCPartPicker
2024-07-13,29499.0,MSI VENTUS 2X BLACK OC GeForce RTX 4060 8 GB Video Card (RTX 4060 VENTUS 2X BLACK 8G OC) - PCPartPicker
2024-07-14,29499.0,MSI VENTUS 2X BLACK OC GeForce RTX 4060 8 GB Video Card (RTX 4060 VENTUS 2X BLACK 8G OC) - PCPartPicker
2024-07-15,29499.0,MSI VENTUS 2X BLACK OC GeForce RTX 4060 8 GB Video Card (RTX 4060 VENTUS 2X BLACK 8G OC) - PCPartPicker
2024-07-16,29499.0,MSI VENTUS 2X BLACK OC GeForce RTX 4060 8 GB Video Card (RTX 4060 VENTUS 2X BLACK 8G OC) - PCPartPicker
2024-07-17,29300.0,MSI VENTUS 2X BLACK OC GeForce RTX 4060 8 GB Video Card (RTX 4060 VENTUS 2X BLACK 8G OC) - PCPartPicker
2024-07-18,29300.0,MSI VENTUS 2X BLACK OC GeForce RTX 4060 8 GB Video Card (RTX 4060 VENTUS 2X BLACK 8G OC) - PCPartPicker
2024-07-19,29300.0,MSI VENTUS 2X BLACK OC GeForce RTX 4060 8 GB Video Card (RTX 4060 VENTUS 2X BLACK 8G OC) - PCPartPicker
2024-07-20,29300.0,MSI VENTUS 2X BLACK OC GeForce RTX 4060 8 GB Video Card (RTX 4060 VENTUS 2X BLACK 8G OC) - PCPartPicker
2024-07-21,29300.0,MSI VENTUS 2X BLACK OC GeForce RTX 4060 8 GB Video Card (RTX 4060 VENTUS 2X BLACK 8G OC) - PCPartPicker
2024-07-22,29300.0,MSI VENTUS 2X BLACK OC GeForce RTX 4060 8 GB Video Card (RTX 4060 VENTUS 2X BLACK 8G OC) - PCPartPicker
2024-07-23,29300.0,MSI VENTUS 2X BLACK OC GeForce RTX 4060 8 GB Video Card (RTX 4060 VENTUS 2X BLACK 8G OC) - PCPartPicker
2024-07-24,29300.0,MSI VENTUS 2X BLACK OC GeForce RTX 4060 8 GB Video Card (RTX 4060 VENTUS 2X BLACK 8G OC) - PCPartPicker
2024-07-25,29300.0,MSI VENTUS 2X BLACK OC GeForce RTX 4060 8 GB Video Card (RTX 4060 VENTUS 2X BLACK 8G OC) - PCPartPicker
2024-07-26,29300.0,MSI VENTUS 2X BLACK OC GeForce RTX 4060 8 GB Video Card (RTX 4060 VENTUS 2X BLACK 8G OC) - PCPartPicker
2024-07-27,29300.0,MSI VENTUS 2X BLACK OC GeForce RTX 4060 8 GB Video Card (RTX 4060 VENTUS 2X BLACK 8G OC) - PCPartPicker
2024-07-28,29300.0,MSI VENTUS 2X BLACK OC GeForce RTX 4060 8 GB Video Card (RTX 4060 VENTUS 2X BLACK 8G OC) - PCPartPicker
2024-07-29,29300.0,MSI VENTUS 2X BLACK OC GeForce RTX 4060 8 GB Video Card (RTX 4060 VENTUS 2X BLACK 8G OC) - PCPartPicker
2024-07-30,29300.0,MSI VENTUS 2X BLACK OC GeForce RTX 4060 8 GB Video Card (RTX 4060 VENTUS 2X BLACK 8G OC) - PCPartPicker
2024-07-31,29300.0,MSI VENTUS 2X BLACK OC GeForce RTX 4060 8 GB Video Card (RTX 4060 VENTUS 2X BLACK 8G OC) - PCPartPicker
2024-08-01,29499.0,MSI VENTUS 2X BLACK OC GeForce RTX 4060 8 GB Video Card (RTX 4060 VENTUS 2X BLACK 8G OC) - PCPartPicker
2024-08-02,29499.0,MSI VENTUS 2X BLACK OC GeForce RTX 4060 8 GB Video Card (RTX 4060 VENTUS 2X BLACK 8G OC) - PCPartPicker
2024-08-03,29499.0,MSI VENTUS 2X BLACK OC GeForce RTX 4060 8 GB Video Card (RTX 4060 VENTUS 2X BLACK 8G OC) - PCPartPicker
2024-08-04,29499.0,MSI VENTUS 2X BLACK OC GeForce RTX 4060 8 GB Video Card (RTX 4060 VENTUS 2X BLACK 8G OC) - PCPartPicker
2024-08-05,29499.0,MSI VENTUS 2X BLACK OC GeForce RTX 4060 8 GB Video Card (RTX 4060 VENTUS 2X BLACK 8G OC) - PCPartPicker
2024-08-06,29499.0,MSI VENTUS 2X BLACK OC GeForce RTX 4060 8 GB Video Card (RTX 4060 VENTUS 2X BLACK 8G OC) - PCPartPicker
2024-08-07,29499.0,MSI VENTUS 2X BLACK OC GeForce RTX 4060 8 GB Video Card (RTX 4060 VENTUS 2X BLACK 8G OC) - PCPartPicker
2024-08-08,29499.0,MSI VENTUS 2X BLACK OC GeForce RTX 4060 8 GB Video Card (RTX 4060 VENTUS 2X BLACK 8G OC) - PCPartPicker
2024-08-09,29499.0,MSI VENTUS 2X BLACK OC GeForce RTX 4060 8 GB Video Card (RTX 4060 VENTUS 2X BLACK 8G OC) - PCPartPicker
2024-08-10,29499.0,MSI VENTUS 2X BLACK OC GeForce RTX 4060 8 GB Video Card (RTX 4060 VENTUS 2X BLACK 8G OC) - PCPartPicker
2024-08-11,29499.0,MSI VENTUS 2X BLACK OC GeForce RTX 4060 8 GB Video Card (RTX 4060 VENTUS 2X BLACK 8G OC) - PCPartPicker
2024-08-12,29499.0,MSI VENTUS 2X BLACK OC GeForce RTX 4060 8 GB Video Card (RTX 4060 VENTUS 2X BLACK 8G OC) - PCPartPicker
2024-08-13,29499.0,MSI VENTUS 2X BLACK OC GeForce RTX 4060 8 GB Video Card (RTX 4060 VENTUS 2X BLACK 8G OC) - PCPartPicker
2024-08-14,29499.0,MSI VENTUS 2X BLACK OC GeForce RTX 4060 8 GB Video Card (RTX 4060 VENTUS 2X BLACK 8G OC) - PCPartPicker
2024-08-15,29499.0,MSI VENTUS 2X BLACK OC GeForce RTX 4060 8 GB Video Card (RTX 4060 VENTUS 2X BLACK 8G OC) - PCPartPicker
2024-08-16,29499.0,MSI VENTUS 2X BLACK OC GeForce RTX 4060 8 GB Video Card (RTX 4060 VENTUS 2X BLACK 8G OC) - PCPartPicker
2024-08-17,29499.0,MSI VENTUS 2X BLACK OC GeForce RTX 4060 8 GB Video Card (RTX 4060 VENTUS 2X BLACK 8G OC) - PCPartPicker
2024-08-18,29499.0,MSI VENTUS 2X BLACK OC GeForce RTX 4060 8 GB Video Card (RTX 4060 VENTUS 2X BLACK 8G OC) - PCPartPicker
2024-08-19,29499.0,MSI VENTUS 2X BLACK OC GeForce RTX 4060 8 GB Video Card (RTX 4060 VENTUS 2X BLACK 8G OC) - PCPartPicker
2024-08-20,29499.0,MSI VENTUS 2X BLACK OC GeForce RTX 4060 8 GB Video Card (RTX 4060 VENTUS 2X BLACK 8G OC) - PCPartPicker
2024-08-21,29499.0,MSI VENTUS 2X BLACK OC GeForce RTX 4060 8 GB Video Card (RTX 4060 VENTUS 2X BLACK 8G OC) - PCPartPicker
2024-08-22,29499.0,MSI VENTUS 2X BLACK OC GeForce RTX 4060 8 GB Video Card (RTX 4060 VENTUS 2X BLACK 8G OC) - PCPartPicker
2024-08-23,29499.0,MSI VENTUS 2X BLACK OC GeForce RTX 4060 8 GB Video Card (RTX 4060 VENTUS 2X BLACK 8G OC) - PCPartPicker
2024-08-24,29499.0,MSI VENTUS 2X BLACK OC GeForce RTX 4060 8 GB Video Card (RTX 4060 VENTUS 2X BLACK 8G OC) - PCPartPicker
2024-08-25,29499.0,MSI VENTUS 2X BLACK OC GeForce RTX 4060 8 GB Video Card (RTX 4060 VENTUS 2X BLACK 8G OC) - PCPartPicker
2024-08-26,29499.0,MSI VENTUS 2X BLACK OC GeForce RTX 4060 8 GB Video Card (RTX 4060 VENTUS 2X BLACK 8G OC) - PCPartPicker
2024-08-27,29300.0,MSI VENTUS 2X BLACK OC GeForce RTX 4060 8 GB Video Card (RTX 4060 VENTUS 2X BLACK 8G OC) - PCPartPicker
2024-08-28,29300.0,MSI VENTUS 2X BLACK OC GeForce RTX 4060 8 GB Video Card (RTX 4060 VENTUS 2X BLACK 8G OC) - PCPartPicker
2024-08-29,29300.0,MSI VENTUS 2X BLACK OC GeForce RTX 4060 8 GB Video Card (RTX 4060 VENTUS 2X BLACK 8G OC) - PCPartPicker
2024-08-30,29300.0,MSI VENTUS 2X BLACK OC GeForce RTX 4060 8 GB Video Card (RTX 4060 VENTUS 2X BLACK 8G OC) - PCPartPicker
2024-08-31,29300.0,MSI VENTUS 2X BLACK OC GeForce RTX 4060 8 GB Video Card (RTX 4060 VENTUS 2X BLACK 8G OC) - PCPartPicker
2024-09-01,29499.0,MSI VENTUS 2X BLACK OC GeForce RTX 4060 8 GB Video Card (RTX 4060 VENTUS 2X BLACK 8G OC) - PCPartPicker
2024-09-02,29499.0,MSI VENTUS 2X BLACK OC GeForce RTX 4060 8 GB Video Card (RTX 4060 VENTUS 2X BLACK 8G OC) - PCPartPicker
2024-09-03,29499.0,MSI VENTUS 2X BLACK OC GeForce RTX 4060 8 GB Video Card (RTX 4060 VENTUS 2X BLACK 8G OC) - PCPartPicker
2024-09-04,29499.0,MSI VENTUS 2X BLACK OC GeForce RTX 4060 8 GB Video Card (RTX 4060 VENTUS 2X BLACK 8G OC) - PCPartPicker
2024-09-05,29500.0,MSI VENTUS 2X BLACK OC GeForce RTX 4060 8 GB Video Card (RTX 4060 VENTUS 2X BLACK 8G OC) - PCPartPicker
2024-09-06,29500.0,MSI VENTUS 2X BLACK OC GeForce RTX 4060 8 GB Video Card (RTX 4060 VENTUS 2X BLACK 8G OC) - PCPartPicker
2024-09-07,29500.0,MSI VENTUS 2X BLACK OC GeForce RTX 4060 8 GB Video Card (RTX 4060 VENTUS 2X BLACK 8G OC) - PCPartPicker
2024-09-08,29500.0,MSI VENTUS 2X BLACK OC GeForce RTX 4060 8 GB Video Card (RTX 4060 VENTUS 2X BLACK 8G OC) - PCPartPicker
2024-09-09,29500.0,MSI VENTUS 2X BLACK OC GeForce RTX 4060 8 GB Video Card (RTX 4060 VENTUS 2X BLACK 8G OC) - PCPartPicker
2024-09-10,29499.0,MSI VENTUS 2X BLACK OC GeForce RTX 4060 8 GB Video Card (RTX 4060 VENTUS 2X BLACK 8G OC) - PCPartPicker
2024-09-11,29499.0,MSI VENTUS 2X BLACK OC GeForce RTX 4060 8 GB Video Card (RTX 4060 VENTUS 2X BLACK 8G OC) - PCPartPicker
2024-09-12,29499.0,MSI VENTUS 2X BLACK OC GeForce RTX 4060 8 GB Video Card (RTX 4060 VENTUS 2X BLACK 8G OC) - PCPartPicker
2024-09-13,29499.0,MSI VENTUS 2X BLACK OC GeForce RTX 4060 8 GB Video Card (RTX 4060 VENTUS 2X BLACK 8G OC) - PCPartPicker
2024-09-14,29499.0,MSI VENTUS 2X BLACK OC GeForce RTX 4060 8 GB Video Card (RTX 4060 VENTUS 2X BLACK 8G OC) - PCPartPicker
2024-09-15,29499.0,MSI VENTUS 2X BLACK OC GeForce RTX 4060 8 GB Video Card (RTX 4060 VENTUS 2X BLACK 8G OC) - PCPartPicker
2024-09-16,29499.0,MSI VENTUS 2X BLACK OC GeForce RTX 4060 8 GB Video Card (RTX 4060 VENTUS 2X BLACK 8G OC) - PCPartPicker
2024-09-17,29500.0,MSI VENTUS 2X BLACK OC GeForce RTX 4060 8 GB Video Card (RTX 4060 VENTUS 2X BLACK 8G OC) - PCPartPicker
2024-09-18,29500.0,MSI VENTUS 2X BLACK OC GeForce RTX 4060 8 GB Video Card (RTX 4060 VENTUS 2X BLACK 8G OC) - PCPartPicker
2024-09-19,29500.0,MSI VENTUS 2X BLACK OC GeForce RTX 4060 8 GB Video Card (RTX 4060 VENTUS 2X BLACK 8G OC) - PCPartPicker
2024-09-20,29500.0,MSI VENTUS 2X BLACK OC GeForce RTX 4060 8 GB Video Card (RTX 4060 VENTUS 2X BLACK 8G OC) - PCPartPicker
2024-09-21,29500.0,MSI VENTUS 2X BLACK OC GeForce RTX 4060 8 GB Video Card (RTX 4060 VENTUS 2X BLACK 8G OC) - PCPartPicker
2024-09-22,29500.0,MSI VENTUS 2X BLACK OC GeForce RTX 4060 8 GB Video Card (RTX 4060 VENTUS 2X BLACK 8G OC) - PCPartPicker
2024-09-23,29500.0,MSI VENTUS 2X BLACK OC GeForce RTX 4060 8 GB Video Card (RTX 4060 VENTUS 2X BLACK 8G OC) - PCPartPicker
2024-09-24,29500.0,MSI VENTUS 2X BLACK OC GeForce RTX 4060 8 GB Video Card (RTX 4060 VENTUS 2X BLACK 8G OC) - PCPartPicker
2024-09-25,29500.0,MSI VENTUS 2X BLACK OC GeForce RTX 4060 8 GB Video Card (RTX 4060 VENTUS 2X BLACK 8G OC) - PCPartPicker
2024-09-26,29500.0,MSI VENTUS 2X BLACK OC GeForce RTX 4060 8 GB Video Card (RTX 4060 VENTUS 2X BLACK 8G OC) - PCPartPicker
2024-09-27,29500.0,MSI VENTUS 2X BLACK OC GeForce RTX 4060 8 GB Video Card (RTX 4060 VENTUS 2X BLACK 8G OC) - PCPartPicker
2024-09-28,29500.0,MSI VENTUS 2X BLACK OC GeForce RTX 4060 8 GB Video Card (RTX 4060 VENTUS 2X BLACK 8G OC) - PCPartPicker
2024-09-29,29500.0,MSI VENTUS 2X BLACK OC GeForce RTX 4060 8 GB Video Card (RTX 4060 VENTUS 2X BLACK 8G OC) - PCPartPicker
2024-09-30,29500.0,MSI VENTUS 2X BLACK OC GeForce RTX 4060 8 GB Video Card (RTX 4060 VENTUS 2X BLACK 8G OC) - PCPartPicker
2024-10-01,29499.0,MSI VENTUS 2X BLACK OC GeForce RTX 4060 8 GB Video Card (RTX 4060 VENTUS 2X BLACK 8G OC) - PCPartPicker
2024-10-02,29500.0,MSI VENTUS 2X BLACK OC GeForce RTX 4060 8 GB Video Card (RTX 4060 VENTUS 2X BLACK 8G OC) - PCPartPicker
2024-10-03,29500.0,MSI VENTUS 2X BLACK OC GeForce RTX 4060 8 GB Video Card (RTX 4060 VENTUS 2X BLACK 8G OC) - PCPartPicker
2024-10-04,29900.0,MSI VENTUS 2X BLACK OC GeForce RTX 4060 8 GB Video Card (RTX 4060 VENTUS 2X BLACK 8G OC) - PCPartPicker
2024-10-05,29900.0,MSI VENTUS 2X BLACK OC GeForce RTX 4060 8 GB Video Card (RTX 4060 VENTUS 2X BLACK 8G OC) - PCPartPicker
2024-10-06,29900.0,MSI VENTUS 2X BLACK OC GeForce RTX 4060 8 GB Video Card (RTX 4060 VENTUS 2X BLACK 8G OC) - PCPartPicker
2024-10-07,29499.0,MSI VENTUS 2X BLACK OC GeForce RTX 4060 8 GB Video Card (RTX 4060 VENTUS 2X BLACK 8G OC) - PCPartPicker
2024-10-08,29900.0,MSI VENTUS 2X BLACK OC GeForce RTX 4060 8 GB Video Card (RTX 4060 VENTUS 2X BLACK 8G OC) - PCPartPicker
2024-10-09,29900.0,MSI VENTUS 2X BLACK OC GeForce RTX 4060 8 GB Video Card (RTX 4060 VENTUS 2X BLACK 8G OC) - PCPartPicker
2024-10-10,29900.0,MSI VENTUS 2X BLACK OC GeForce RTX 4060 8 GB Video Card (RTX 4060 VENTUS 2X BLACK 8G OC) - PCPartPicker
2024-10-11,29999.0,MSI VENTUS 2X BLACK OC GeForce RTX 4060 8 GB Video Card (RTX 4060 VENTUS 2X BLACK 8G OC) - PCPartPicker
2024-10-12,29999.0,MSI VENTUS 2X BLACK OC GeForce RTX 4060 8 GB Video Card (RTX 4060 VENTUS 2X BLACK 8G OC) - PCPartPicker
2024-10-13,29999.0,MSI VENTUS 2X BLACK OC GeForce RTX 4060 8 GB Video Card (RTX 4060 VENTUS 2X BLACK 8G OC) - PCPartPicker
2024-10-14,29999.0,MSI VENTUS 2X BLACK OC GeForce RTX 4060 8 GB Video Card (RTX 4060 VENTUS 2X BLACK 8G OC) - PCPartPicker
2024-10-15,29900.0,MSI VENTUS 2X BLACK OC GeForce RTX 4060 8 GB Video Card (RTX 4060 VENTUS 2X BLACK 8G OC) - PCPartPicker
2024-10-16,29900.0,MSI VENTUS 2X BLACK OC GeForce RTX 4060 8 GB Video Card (RTX 4060 VENTUS 2X BLACK 8G OC) - PCPartPicker
2024-10-17,29900.0,MSI VENTUS 2X BLACK OC GeForce RTX 4060 8 GB Video Card (RTX 4060 VENTUS 2X BLACK 8G OC) - PCPartPicker
2024-10-18,29900.0,MSI VENTUS 2X BLACK OC GeForce RTX 4060 8 GB Video Card (RTX 4060 VENTUS 2X BLACK 8G OC) - PCPartPicker
2024-10-19,29900.0,MSI VENTUS 2X BLACK OC GeForce RTX 4060 8 GB Video Card (RTX 4060 VENTUS 2X BLACK 8G OC) - PCPartPicker
2024-10-20,29900.0,MSI VENTUS 2X BLACK OC GeForce RTX 4060 8 GB Video Card (RTX 4060 VENTUS 2X BLACK 8G OC) - PCPartPicker
2024-10-21,29900.0,MSI VENTUS 2X BLACK OC GeForce RTX 4060 8 GB Video Card (RTX 4060 VENTUS 2X BLACK 8G OC) - PCPartPicker
2024-10-22,29600.0,MSI VENTUS 2X BLACK OC GeForce RTX 4060 8 GB Video Card (RTX 4060 VENTUS 2X BLACK 8G OC) - PCPartPicker
2024-10-23,29600.0,MSI VENTUS 2X BLACK OC GeForce RTX 4060 8 GB Video Card (RTX 4060 VENTUS 2X BLACK 8G OC) - PCPartPicker
2024-10-24,29600.0,MSI VENTUS 2X BLACK OC GeForce RTX 4060 8 GB Video Card (RTX 4060 VENTUS 2X BLACK 8G OC) - PCPartPicker
2024-10-25,29600.0,MSI VENTUS 2X BLACK OC GeForce RTX 4060 8 GB Video Card (RTX 4060 VENTUS 2X BLACK 8G OC) - PCPartPicker
2024-10-26,29900.0,MSI VENTUS 2X BLACK OC GeForce RTX 4060 8 GB Video Card (RTX 4060 VENTUS 2X BLACK 8G OC) - PCPartPicker
2024-10-27,29900.0,MSI VENTUS 2X BLACK OC GeForce RTX 4060 8 GB Video Card (RTX 4060 VENTUS 2X BLACK 8G OC) - PCPartPicker
2024-10-28,29949.5,MSI VENTUS 2X BLACK OC GeForce RTX 4060 8 GB Video Card (RTX 4060 VENTUS 2X BLACK 8G OC) - PCPartPicker
2024-10-29,29949.5,MSI VENTUS 2X BLACK OC GeForce RTX 4060 8 GB Video Card (RTX 4060 VENTUS 2X BLACK 8G OC) - PCPartPicker
2024-10-30,29949.5,MSI VENTUS 2X BLACK OC GeForce RTX 4060 8 GB Video Card (RTX 4060 VENTUS 2X BLACK 8G OC) - PCPartPicker
2024-10-31,29949.5,MSI VENTUS 2X BLACK OC GeForce RTX 4060 8 GB Video Card (RTX 4060 VENTUS 2X BLACK 8G OC) - PCPartPicker
2024-11-01,29900.0,MSI VENTUS 2X BLACK OC GeForce RTX 4060 8 GB Video Card (RTX 4060 VENTUS 2X BLACK 8G OC) - PCPartPicker
2024-11-02,29900.0,MSI VENTUS 2X BLACK OC GeForce RTX 4060 8 GB Video Card (RTX 4060 VENTUS 2X BLACK 8G OC) - PCPartPicker
2024-11-03,29900.0,MSI VENTUS 2X BLACK OC GeForce RTX 4060 8 GB Video Card (RTX 4060 VENTUS 2X BLACK 8G OC) - PCPartPicker
2024-11-04,29900.0,MSI VENTUS 2X BLACK OC GeForce RTX 4060 8 GB Video Card (RTX 4060 VENTUS 2X BLACK 8G OC) - PCPartPicker
2024-11-05,29900.0,MSI VENTUS 2X BLACK OC GeForce RTX 4060 8 GB Video Card (RTX 4060 VENTUS 2X BLACK 8G OC) - PCPartPicker
2024-11-06,29900.0,MSI VENTUS 2X BLACK OC GeForce RTX 4060 8 GB Video Card (RTX 4060 VENTUS 2X BLACK 8G OC) - PCPartPicker
2024-11-07,29900.0,MSI VENTUS 2X BLACK OC GeForce RTX 4060 8 GB Video Card (RTX 4060 VENTUS 2X BLACK 8G OC) - PCPartPicker
2024-11-08,29900.0,MSI VENTUS 2X BLACK OC GeForce RTX 4060 8 GB Video Card (RTX 4060 VENTUS 2X BLACK 8G OC) - PCPartPicker
2024-11-09,29900.0,MSI VENTUS 2X BLACK OC GeForce RTX 4060 8 GB Video Card (RTX 4060 VENTUS 2X BLACK 8G OC) - PCPartPicker
2024-11-10,29900.0,MSI VENTUS 2X BLACK OC GeForce RTX 4060 8 GB Video Card (RTX 4060 VENTUS 2X BLACK 8G OC) - PCPartPicker
2024-11-11,29900.0,MSI VENTUS 2X BLACK OC GeForce RTX 4060 8 GB Video Card (RTX 4060 VENTUS 2X BLACK 8G OC) - PCPartPicker
2024-11-12,29900.0,MSI VENTUS 2X BLACK OC GeForce RTX 4060 8 GB Video Card (RTX 4060 VENTUS 2X BLACK 8G OC) - PCPartPicker
2024-11-13,29900.0,MSI VENTUS 2X BLACK OC GeForce RTX 4060 8 GB Video Card (RTX 4060 VENTUS 2X BLACK 8G OC) - PCPartPicker
2024-11-14,29900.0,MSI VENTUS 2X BLACK OC GeForce RTX 4060 8 GB Video Card (RTX 4060 VENTUS 2X BLACK 8G OC) - PCPartPicker
2024-11-15,29900.0,MSI VENTUS 2X BLACK OC GeForce RTX 4060 8 GB Video Card (RTX 4060 VENTUS 2X BLACK 8G OC) - PCPartPicker
2024-11-16,29900.0,MSI VENTUS 2X BLACK OC GeForce RTX 4060 8 GB Video Card (RTX 4060 VENTUS 2X BLACK 8G OC) - PCPartPicker
2024-11-17,29899.0,MSI VENTUS 2X BLACK OC GeForce RTX 4060 8 GB Video Card (RTX 4060 VENTUS 2X BLACK 8G OC) - PCPartPicker
2024-11-18,29899.0,MSI VENTUS 2X BLACK OC GeForce RTX 4060 8 GB Video Card (RTX 4060 VENTUS 2X BLACK 8G OC) - PCPartPicker
2024-11-19,29899.0,MSI VENTUS 2X BLACK OC GeForce RTX 4060 8 GB Video Card (RTX 4060 VENTUS 2X BLACK 8G OC) - PCPartPicker
2024-11-20,29899.0,MSI VENTUS 2X BLACK OC GeForce RTX 4060 8 GB Video Card (RTX 4060 VENTUS 2X BLACK 8G OC) - PCPartPicker
2024-11-21,29600.0,MSI VENTUS 2X BLACK OC GeForce RTX 4060 8 GB Video Card (RTX 4060 VENTUS 2X BLACK 8G OC) - PCPartPicker
2024-11-22,29600.0,MSI VENTUS 2X BLACK OC GeForce RTX 4060 8 GB Video Card (RTX 4060 VENTUS 2X BLACK 8G OC) - PCPartPicker
2024-11-23,29600.0,MSI VENTUS 2X BLACK OC GeForce RTX 4060 8 GB Video Card (RTX 4060 VENTUS 2X BLACK 8G OC) - PCPartPicker
2024-11-24,29600.0,MSI VENTUS 2X BLACK OC GeForce RTX 4060 8 GB Video Card (RTX 4060 VENTUS 2X BLACK 8G OC) - PCPartPicker
2024-11-25,29600.0,MSI VENTUS 2X BLACK OC GeForce RTX 4060 8 GB Video Card (RTX 4060 VENTUS 2X BLACK 8G OC) - PCPartPicker
2024-11-26,29600.0,MSI VENTUS 2X BLACK OC GeForce RTX 4060 8 GB Video Card (RTX 4060 VENTUS 2X BLACK 8G OC) - PCPartPicker
2024-11-27,29600.0,MSI VENTUS 2X BLACK OC GeForce RTX 4060 8 GB Video Card (RTX 4060 VENTUS 2X BLACK 8G OC) - PCPartPicker
2024-11-28,29600.0,MSI VENTUS 2X BLACK OC GeForce RTX 4060 8 GB Video Card (RTX 4060 VENTUS 2X BLACK 8G OC) - PCPartPicker
2024-11-29,29600.0,MSI VENTUS 2X BLACK OC GeForce RTX 4060 8 GB Video Card (RTX 4060 VENTUS 2X BLACK 8G OC) - PCPartPicker
2024-11-30,29600.0,MSI VENTUS 2X BLACK OC GeForce RTX 4060 8 GB Video Card (RTX 4060 VENTUS 2X BLACK 8G OC) - PCPartPicker
2024-12-01,29600.0,MSI VENTUS 2X BLACK OC GeForce RTX 4060 8 GB Video Card (RTX 4060 VENTUS 2X BLACK 8G OC) - PCPartPicker
2024-12-02,29600.0,MSI VENTUS 2X BLACK OC GeForce RTX 4060 8 GB Video Card (RTX 4060 VENTUS 2X BLACK 8G OC) - PCPartPicker
2024-12-03,29900.0,MSI VENTUS 2X BLACK OC GeForce RTX 4060 8 GB Video Card (RTX 4060 VENTUS 2X BLACK 8G OC) - PCPartPicker
2024-12-04,29899.0,MSI VENTUS 2X BLACK OC GeForce RTX 4060 8 GB Video Card (RTX 4060 VENTUS 2X BLACK 8G OC) - PCPartPicker
2024-12-05,29899.0,MSI VENTUS 2X BLACK OC GeForce RTX 4060 8 GB Video Card (RTX 4060 VENTUS 2X BLACK 8G OC) - PCPartPicker
2024-12-06,29899.0,MSI VENTUS 2X BLACK OC GeForce RTX 4060 8 GB Video Card (RTX 4060 VENTUS 2X BLACK 8G OC) - PCPartPicker
2024-12-07,29899.0,MSI VENTUS 2X BLACK OC GeForce RTX 4060 8 GB Video Card (RTX 4060 VENTUS 2X BLACK 8G OC) - PCPartPicker
2024-12-08,29899.0,MSI VENTUS 2X BLACK OC GeForce RTX 4060 8 GB Video Card (RTX 4060 VENTUS 2X BLACK 8G OC) - PCPartPicker
2024-12-09,29899.0,MSI VENTUS 2X BLACK OC GeForce RTX 4060 8 GB Video Card (RTX 4060 VENTUS 2X BLACK 8G OC) - PCPartPicker
2024-12-10,29600.0,MSI VENTUS 2X BLACK OC GeForce RTX 4060 8 GB Video Card (RTX 4060 VENTUS 2X BLACK 8G OC) - PCPartPicker
2024-12-11,29600.0,MSI VENTUS 2X BLACK OC GeForce RTX 4060 8 GB Video Card (RTX 4060 VENTUS 2X BLACK 8G OC) - PCPartPicker
2024-12-12,29600.0,MSI VENTUS 2X BLACK OC GeForce RTX 4060 8 GB Video Card (RTX 4060 VENTUS 2X BLACK 8G OC) - PCPartPicker
2024-12-13,29600.0,MSI VENTUS 2X BLACK OC GeForce RTX 4060 8 GB Video Card (RTX 4060 VENTUS 2X BLACK 8G OC) - PCPartPicker
2024-12-14,29600.0,MSI VENTUS 2X BLACK OC GeForce RTX 4060 8 GB Video Card (RTX 4060 VENTUS 2X BLACK 8G OC) - PCPartPicker
2024-12-15,29600.0,MSI VENTUS 2X BLACK OC GeForce RTX 4060 8 GB Video Card (RTX 4060 VENTUS 2X BLACK 8G OC) - PCPartPicker
2024-12-16,29900.0,MSI VENTUS 2X BLACK OC GeForce RTX 4060 8 GB Video Card (RTX 4060 VENTUS 2X BLACK 8G OC) - PCPartPicker
2024-12-17,29949.5,MSI VENTUS 2X BLACK OC GeForce RTX 4060 8 GB Video Card (RTX 4060 VENTUS 2X BLACK 8G OC) - PCPartPicker
2024-12-18,29949.5,MSI VENTUS 2X BLACK OC GeForce RTX 4060 8 GB Video Card (RTX 4060 VENTUS 2X BLACK 8G OC) - PCPartPicker
2024-12-19,29949.5,MSI VENTUS 2X BLACK OC GeForce RTX 4060 8 GB Video Card (RTX 4060 VENTUS 2X BLACK 8G OC) - PCPartPicker
2024-12-20,29949.5,MSI VENTUS 2X BLACK OC GeForce RTX 4060 8 GB Video Card (RTX 4060 VENTUS 2X BLACK 8G OC) - PCPartPicker
2024-12-21,29949.5,MSI VENTUS 2X BLACK OC GeForce RTX 4060 8 GB Video Card (RTX 4060 VENTUS 2X BLACK 8G OC) - PCPartPicker
2024-12-22,29949.5,MSI VENTUS 2X BLACK OC GeForce RTX 4060 8 GB Video Card (RTX 4060 VENTUS 2X BLACK 8G OC) - PCPartPicker
2024-12-23,29949.5,MSI VENTUS 2X BLACK OC GeForce RTX 4060 8 GB Video Card (RTX 4060 VENTUS 2X BLACK 8G OC) - PCPartPicker
2024-12-24,29949.5,MSI VENTUS 2X BLACK OC GeForce RTX 4060 8 GB Video Card (RTX 4060 VENTUS 2X BLACK 8G OC) - PCPartPicker
2024-12-25,29949.5,MSI VENTUS 2X BLACK OC GeForce RTX 4060 8 GB Video Card (RTX 4060 VENTUS 2X BLACK 8G OC) - PCPartPicker
2024-12-26,29949.5,MSI VENTUS 2X BLACK OC GeForce RTX 4060 8 GB Video Card (RTX 4060 VENTUS 2X BLACK 8G OC) - PCPartPicker
2024-12-27,29999.0,MSI VENTUS 2X BLACK OC GeForce RTX 4060 8 GB Video Card (RTX 4060 VENTUS 2X BLACK 8G OC) - PCPartPicker
2024-12-28,29949.5,MSI VENTUS 2X BLACK OC GeForce RTX 4060 8 GB Video Card (RTX 4060 VENTUS 2X BLACK 8G OC) - PCPartPicker
2024-12-29,29949.5,MSI VENTUS 2X BLACK OC GeForce RTX 4060 8 GB Video Card (RTX 4060 VENTUS 2X BLACK 8G OC) - PCPartPicker
2024-12-30,29949.5,MSI VENTUS 2X BLACK OC GeForce RTX 4060 8 GB Video Card (RTX 4060 VENTUS 2X BLACK 8G OC) - PCPartPicker
2024-12-31,29949.5,MSI VENTUS 2X BLACK OC GeForce RTX 4060 8 GB Video Card (RTX 4060 VENTUS 2X BLACK 8G OC) - PCPartPicker
2025-01-01,29999.0,MSI VENTUS 2X BLACK OC GeForce RTX 4060 8 GB Video Card (RTX 4060 VENTUS 2X BLACK 8G OC) - PCPartPicker
2025-01-02,29999.0,MSI VENTUS 2X BLACK OC GeForce RTX 4060 8 GB Video Card (RTX 4060 VENTUS 2X BLACK 8G OC) - PCPartPicker
2025-01-03,29999.0,MSI VENTUS 2X BLACK OC GeForce RTX 4060 8 GB Video Card (RTX 4060 VENTUS 2X BLACK 8G OC) - PCPartPicker
2025-01-04,29999.0,MSI VENTUS 2X BLACK OC GeForce RTX 4060 8 GB Video Card (RTX 4060 VENTUS 2X BLACK 8G OC) - PCPartPicker
2025-01-05,29999.0,MSI VENTUS 2X BLACK OC GeForce RTX 4060 8 GB Video Card (RTX 4060 VENTUS 2X BLACK 8G OC) - PCPartPicker
2025-01-06,29999.0,MSI VENTUS 2X BLACK OC GeForce RTX 4060 8 GB Video Card (RTX 4060 VENTUS 2X BLACK 8G OC) - PCPartPicker
2025-01-07,29999.0,MSI VENTUS 2X BLACK OC GeForce RTX 4060 8 GB Video Card (RTX 4060 VENTUS 2X BLACK 8G OC) - PCPartPicker
2025-01-08,29999.0,MSI VENTUS 2X BLACK OC GeForce RTX 4060 8 GB Video Card (RTX 4060 VENTUS 2X BLACK 8G OC) - PCPartPicker
2025-01-09,29999.0,MSI VENTUS 2X BLACK OC GeForce RTX 4060 8 GB Video Card (RTX 4060 VENTUS 2X BLACK 8G OC) - PCPartPicker
2025-01-10,29999.0,MSI VENTUS 2X BLACK OC GeForce RTX 4060 8 GB Video Card (RTX 4060 VENTUS 2X BLACK 8G OC) - PCPartPicker
2025-01-11,29999.0,MSI VENTUS 2X BLACK OC GeForce RTX 4060 8 GB Video Card (RTX 4060 VENTUS 2X BLACK 8G OC) - PCPartPicker
2025-01-12,29999.0,MSI VENTUS 2X BLACK OC GeForce RTX 4060 8 GB Video Card (RTX 4060 VENTUS 2X BLACK 8G OC) - PCPartPicker
2025-01-13,29999.0,MSI VENTUS 2X BLACK OC GeForce RTX 4060 8 GB Video Card (RTX 4060 VENTUS 2X BLACK 8G OC) - PCPartPicker
2025-01-14,29949.5,MSI VENTUS 2X BLACK OC GeForce RTX 4060 8 GB Video Card (RTX 4060 VENTUS 2X BLACK 8G OC) - PCPartPicker
2025-01-15,29949.5,MSI VENTUS 2X BLACK OC GeForce RTX 4060 8 GB Video Card (RTX 4060 VENTUS 2X BLACK 8G OC) - PCPartPicker
2025-01-16,29949.5,MSI VENTUS 2X BLACK OC GeForce RTX 4060 8 GB Video Card (RTX 4060 VENTUS 2X BLACK 8G OC) - PCPartPicker
2025-01-17,29949.5,MSI VENTUS 2X BLACK OC GeForce RTX 4060 8 GB Video Card (RTX 4060 VENTUS 2X BLACK 8G OC) - PCPartPicker
2025-01-18,29949.5,MSI VENTUS 2X BLACK OC GeForce RTX 4060 8 GB Video Card (RTX 4060 VENTUS 2X BLACK 8G OC) - PCPartPicker
2025-01-19,29949.5,MSI VENTUS 2X BLACK OC GeForce RTX 4060 8 GB Video Card (RTX 4060 VENTUS 2X BLACK 8G OC) - PCPartPicker
2025-01-20,29949.5,MSI VENTUS 2X BLACK OC GeForce RTX 4060 8 GB Video Card (RTX 4060 VENTUS 2X BLACK 8G OC) - PCPartPicker
2025-01-21,29949.5,MSI VENTUS 2X BLACK OC GeForce RTX 4060 8 GB Video Card (RTX 4060 VENTUS 2X BLACK 8G OC) - PCPartPicker
2025-01-22,29900.0,MSI VENTUS 2X BLACK OC GeForce RTX 4060 8 GB Video Card (RTX 4060 VENTUS 2X BLACK 8G OC) - PCPartPicker
2025-01-23,29900.0,MSI VENTUS 2X BLACK OC GeForce RTX 4060 8 GB Video Card (RTX 4060 VENTUS 2X BLACK 8G OC) - PCPartPicker
2025-01-24,29900.0,MSI VENTUS 2X BLACK OC GeForce RTX 4060 8 GB Video Card (RTX 4060 VENTUS 2X BLACK 8G OC) - PCPartPicker
2025-01-25,29900.0,MSI VENTUS 2X BLACK OC GeForce RTX 4060 8 GB Video Card (RTX 4060 VENTUS 2X BLACK 8G OC) - PCPartPicker
2025-01-26,29900.0,MSI VENTUS 2X BLACK OC GeForce RTX 4060 8 GB Video Card (RTX 4060 VENTUS 2X BLACK 8G OC) - PCPartPicker
2025-01-27,29900.0,MSI VENTUS 2X BLACK OC GeForce RTX 4060 8 GB Video Card (RTX 4060 VENTUS 2X BLACK 8G OC) - PCPartPicker
2025-01-28,29949.5,MSI VENTUS 2X BLACK OC GeForce RTX 4060 8 GB Video Card (RTX 4060 VENTUS 2X BLACK 8G OC) - PCPartPicker
2025-01-29,29999.0,MSI VENTUS 2X BLACK OC GeForce RTX 4060 8 GB Video Card (RTX 4060 VENTUS 2X BLACK 8G OC) - PCPartPicker
2025-01-30,29949.5,MSI VENTUS 2X BLACK OC GeForce RTX 4060 8 GB Video Card (RTX 4060 VENTUS 2X BLACK 8G OC) - PCPartPicker
2025-01-31,29949.5,MSI VENTUS 2X BLACK OC GeForce RTX 4060 8 GB Video Card (RTX 4060 VENTUS 2X BLACK 8G OC) - PCPartPicker
2025-02-01,29949.5,MSI VENTUS 2X BLACK OC GeForce RTX 4060 8 GB Video Card (RTX 4060 VENTUS 2X BLACK 8G OC) - PCPartPicker
2025-02-02,29949.5,MSI VENTUS 2X BLACK OC GeForce RTX 4060 8 GB Video Card (RTX 4060 VENTUS 2X BLACK 8G OC) - PCPartPicker
2025-02-03,29949.5,MSI VENTUS 2X BLACK OC GeForce RTX 4060 8 GB Video Card (RTX 4060 VENTUS 2X BLACK 8G OC) - PCPartPicker
2025-02-04,29949.5,MSI VENTUS 2X BLACK OC GeForce RTX 4060 8 GB Video Card (RTX 4060 VENTUS 2X BLACK 8G OC) - PCPartPicker
2025-02-05,29949.5,MSI VENTUS 2X BLACK OC GeForce RTX 4060 8 GB Video Card (RTX 4060 VENTUS 2X BLACK 8G OC) - PCPartPicker
2025-02-06,29949.5,MSI VENTUS 2X BLACK OC GeForce RTX 4060 8 GB Video Card (RTX 4060 VENTUS 2X BLACK 8G OC) - PCPartPicker
2025-02-07,29949.5,MSI VENTUS 2X BLACK OC GeForce RTX 4060 8 GB Video Card (RTX 4060 VENTUS 2X BLACK 8G OC) - PCPartPicker
2025-02-08,29949.5,MSI VENTUS 2X BLACK OC GeForce RTX 4060 8 GB Video Card (RTX 4060 VENTUS 2X BLACK 8G OC) - PCPartPicker
2025-02-09,29949.5,MSI VENTUS 2X BLACK OC GeForce RTX 4060 8 GB Video Card (RTX 4060 VENTUS 2X BLACK 8G OC) - PCPartPicker
2025-02-10,29949.5,MSI VENTUS 2X BLACK OC GeForce RTX 4060 8 GB Video Card (RTX 4060 VENTUS 2X BLACK 8G OC) - PCPartPicker
2025-02-11,31499.0,MSI VENTUS 2X BLACK OC GeForce RTX 4060 8 GB Video Card (RTX 4060 VENTUS 2X BLACK 8G OC) - PCPartPicker
2025-02-12,32999.0,MSI VENTUS 2X BLACK OC GeForce RTX 4060 8 GB Video Card (RTX 4060 VENTUS 2X BLACK 8G OC) - PCPartPicker
2025-02-13,32999.0,MSI VENTUS 2X BLACK OC GeForce RTX 4060 8 GB Video Card (RTX 4060 VENTUS 2X BLACK 8G OC) - PCPartPicker
2025-02-14,32999.0,MSI VENTUS 2X BLACK OC GeForce RTX 4060 8 GB Video Card (RTX 4060 VENTUS 2X BLACK 8G OC) - PCPartPicker
2025-02-15,32999.0,MSI VENTUS 2X BLACK OC GeForce RTX 4060 8 GB Video Card (RTX 4060 VENTUS 2X BLACK 8G OC) - PCPartPicker
2025-02-16,32999.0,MSI VENTUS 2X BLACK OC GeForce RTX 4060 8 GB Video Card (RTX 4060 VENTUS 2X BLACK 8G OC) - PCPartPicker
2025-02-17,31449.5,MSI VENTUS 2X BLACK OC GeForce RTX 4060 8 GB Video Card (RTX 4060 VENTUS 2X BLACK 8G OC) - PCPartPicker
2025-02-18,31449.5,MSI VENTUS 2X BLACK OC GeForce RTX 4060 8 GB Video Card (RTX 4060 VENTUS 2X BLACK 8G OC) - PCPartPicker
2025-02-19,31449.5,MSI VENTUS 2X BLACK OC GeForce RTX 4060 8 GB Video Card (RTX 4060 VENTUS 2X BLACK 8G OC) - PCPartPicker
2025-02-20,31449.5,MSI VENTUS 2X BLACK OC GeForce RTX 4060 8 GB Video Card (RTX 4060 VENTUS 2X BLACK 8G OC) - PCPartPicker
2025-02-21,31449.5,MSI VENTUS 2X BLACK OC GeForce RTX 4060 8 GB Video Card (RTX 4060 VENTUS 2X BLACK 8G OC) - PCPartPicker
2025-02-22,29900.0,MSI VENTUS 2X BLACK OC GeForce RTX 4060 8 GB Video Card (RTX 4060 VENTUS 2X BLACK 8G OC) - PCPartPicker
2025-02-23,29900.0,MSI VENTUS 2X BLACK OC GeForce RTX 4060 8 GB Video Card (RTX 4060 VENTUS 2X BLACK 8G OC) - PCPartPicker
2025-02-24,29900.0,MSI VENTUS 2X BLACK OC GeForce RTX 4060 8 GB Video Card (RTX 4060 VENTUS 2X BLACK 8G OC) - PCPartPicker
2025-02-25,32499.0,MSI VENTUS 2X BLACK OC GeForce RTX 4060 8 GB Video Card (RTX 4060 VENTUS 2X BLACK 8G OC) - PCPartPicker
2025-02-26,32499.0,MSI VENTUS 2X BLACK OC GeForce RTX 4060 8 GB Video Card (RTX 4060 VENTUS 2X BLACK 8G OC) - PCPartPicker
2025-02-27,32499.0,MSI VENTUS 2X BLACK OC GeForce RTX 4060 8 GB Video Card (RTX 4060 VENTUS 2X BLACK 8G OC) - PCPartPicker
2025-02-28,32499.0,MSI VENTUS 2X BLACK OC GeForce RTX 4060 8 GB Video Card (RTX 4060 VENTUS 2X BLACK 8G OC) - PCPartPicker
2025-03-01,32999.0,MSI VENTUS 2X BLACK OC GeForce RTX 4060 8 GB Video Card (RTX 4060 VENTUS 2X BLACK 8G OC) - PCPartPicker
2025-03-02,32998.0,MSI VENTUS 2X BLACK OC GeForce RTX 4060 8 GB Video Card (RTX 4060 VENTUS 2X BLACK 8G OC) - PCPartPicker
2025-03-03,32998.0,MSI VENTUS 2X BLACK OC GeForce RTX 4060 8 GB Video Card (RTX 4060 VENTUS 2X BLACK 8G OC) - PCPartPicker
2025-03-04,32998.0,MSI VENTUS 2X BLACK OC GeForce RTX 4060 8 GB Video Card (RTX 4060 VENTUS 2X BLACK 8G OC) - PCPartPicker
2025-03-05,32998.0,MSI VENTUS 2X BLACK OC GeForce RTX 4060 8 GB Video Card (RTX 4060 VENTUS 2X BLACK 8G OC) - PCPartPicker
2025-03-06,32998.0,MSI VENTUS 2X BLACK OC GeForce RTX 4060 8 GB Video Card (RTX 4060 VENTUS 2X BLACK 8G OC) - PCPartPicker
2025-03-07,32998.0,MSI VENTUS 2X BLACK OC GeForce RTX 4060 8 GB Video Card (RTX 4060 VENTUS 2X BLACK 8G OC) - PCPartPicker
2025-03-08,32998.0,MSI VENTUS 2X BLACK OC GeForce RTX 4060 8 GB Video Card (RTX 4060 VENTUS 2X BLACK 8G OC) - PCPartPicker
2025-03-09,32998.0,MSI VENTUS 2X BLACK OC GeForce RTX 4060 8 GB Video Card (RTX 4060 VENTUS 2X BLACK 8G OC) - PCPartPicker
2025-03-10,32998.0,MSI VENTUS 2X BLACK OC GeForce RTX 4060 8 GB Video Card (RTX 4060 VENTUS 2X BLACK 8G OC) - PCPartPicker
2025-03-11,32998.0,MSI VENTUS 2X BLACK OC GeForce RTX 4060 8 GB Video Card (RTX 4060 VENTUS 2X BLACK 8G OC) - PCPartPicker
2025-03-12,32998.0,MSI VENTUS 2X BLACK OC GeForce RTX 4060 8 GB Video Card (RTX 4060 VENTUS 2X BLACK 8G OC) - PCPartPicker
2025-03-13,32998.0,MSI VENTUS 2X BLACK OC GeForce RTX 4060 8 GB Video Card (RTX 4060 VENTUS 2X BLACK 8G OC) - PCPartPicker
2025-03-14,32998.0,MSI VENTUS 2X BLACK OC GeForce RTX 4060 8 GB Video Card (RTX 4060 VENTUS 2X BLACK 8G OC) - PCPartPicker
2025-03-15,32998.0,MSI VENTUS 2X BLACK OC GeForce RTX 4060 8 GB Video Card (RTX 4060 VENTUS 2X BLACK 8G OC) - PCPartPicker
2025-03-16,32998.0,MSI VENTUS 2X BLACK OC GeForce RTX 4060 8 GB Video Card (RTX 4060 VENTUS 2X BLACK 8G OC) - PCPartPicker
2025-03-17,32998.0,MSI VENTUS 2X BLACK OC GeForce RTX 4060 8 GB Video Card (RTX 4060 VENTUS 2X BLACK 8G OC) - PCPartPicker
2025-03-18,32998.0,MSI VENTUS 2X BLACK OC GeForce RTX 4060 8 GB Video Card (RTX 4060 VENTUS 2X BLACK 8G OC) - PCPartPicker
2025-03-19,32998.0,MSI VENTUS 2X BLACK OC GeForce RTX 4060 8 GB Video Card (RTX 4060 VENTUS 2X BLACK 8G OC) - PCPartPicker
2025-03-20,32998.0,MSI VENTUS 2X BLACK OC GeForce RTX 4060 8 GB Video Card (RTX 4060 VENTUS 2X BLACK 8G OC) - PCPartPicker
2025-03-21,32998.0,MSI VENTUS 2X BLACK OC GeForce RTX 4060 8 GB Video Card (RTX 4060 VENTUS 2X BLACK 8G OC) - PCPartPicker
2025-03-22,32998.0,MSI VENTUS 2X BLACK OC GeForce RTX 4060 8 GB Video Card (RTX 4060 VENTUS 2X BLACK 8G OC) - PCPartPicker
2025-03-23,32998.0,MSI VENTUS 2X BLACK OC GeForce RTX 4060 8 GB Video Card (RTX 4060 VENTUS 2X BLACK 8G OC) - PCPartPicker
2025-03-24,32999.0,MSI VENTUS 2X BLACK OC GeForce RTX 4060 8 GB Video Card (RTX 4060 VENTUS 2X BLACK 8G OC) - PCPartPicker
2025-03-25,32999.0,MSI VENTUS 2X BLACK OC GeForce RTX 4060 8 GB Video Card (RTX 4060 VENTUS 2X BLACK 8G OC) - PCPartPicker
2025-03-26,32999.0,MSI VENTUS 2X BLACK OC GeForce RTX 4060 8 GB Video Card (RTX 4060 VENTUS 2X BLACK 8G OC) - PCPartPicker
2025-03-27,32999.0,MSI VENTUS 2X BLACK OC GeForce RTX 4060 8 GB Video Card (RTX 4060 VENTUS 2X BLACK 8G OC) - PCPartPicker
2025-03-28,32999.0,MSI VENTUS 2X BLACK OC GeForce RTX 4060 8 GB Video Card (RTX 4060 VENTUS 2X BLACK 8G OC) - PCPartPicker
2025-03-29,32999.0,MSI VENTUS 2X BLACK OC GeForce RTX 4060 8 GB Video Card (RTX 4060 VENTUS 2X BLACK 8G OC) - PCPartPicker
2025-03-30,32999.0,MSI VENTUS 2X BLACK OC GeForce RTX 4060 8 GB Video Card (RTX 4060 VENTUS 2X BLACK 8G OC) - PCPartPicker
2025-03-31,32999.0,MSI VENTUS 2X BLACK OC GeForce RTX 4060 8 GB Video Card (RTX 4060 VENTUS 2X BLACK 8G OC) - PCPartPicker
2025-04-01,32249.0,MSI VENTUS 2X BLACK OC GeForce RTX 4060 8 GB Video Card (RTX 4060 VENTUS 2X BLACK 8G OC) - PCPartPicker
2025-04-02,32249.0,MSI VENTUS 2X BLACK OC GeForce RTX 4060 8 GB Video Card (RTX 4060 VENTUS 2X BLACK 8G OC) - PCPartPicker
2025-04-03,32999.0,MSI VENTUS 2X BLACK OC GeForce RTX 4060 8 GB Video Card (RTX 4060 VENTUS 2X BLACK 8G OC) - PCPartPicker
2025-04-04,32999.0,MSI VENTUS 2X BLACK OC GeForce RTX 4060 8 GB Video Card (RTX 4060 VENTUS 2X BLACK 8G OC) - PCPartPicker
2025-04-05,32999.0,MSI VENTUS 2X BLACK OC GeForce RTX 4060 8 GB Video Card (RTX 4060 VENTUS 2X BLACK 8G OC) - PCPartPicker
2025-04-06,32999.0,MSI VENTUS 2X BLACK OC GeForce RTX 4060 8 GB Video Card (RTX 4060 VENTUS 2X BLACK 8G OC) - PCPartPicker
2025-04-07,32999.0,MSI VENTUS 2X BLACK OC GeForce RTX 4060 8 GB Video Card (RTX 4060 VENTUS 2X BLACK 8G OC) - PCPartPicker
2025-04-08,33249.0,MSI VENTUS 2X BLACK OC GeForce RTX 4060 8 GB Video Card (RTX 4060 VENTUS 2X BLACK 8G OC) - PCPartPicker
2025-04-09,32999.0,MSI VENTUS 2X BLACK OC GeForce RTX 4060 8 GB Video Card (RTX 4060 VENTUS 2X BLACK 8G OC) - PCPartPicker
2025-04-10,32999.0,MSI VENTUS 2X BLACK OC GeForce RTX 4060 8 GB Video Card (RTX 4060 VENTUS 2X BLACK 8G OC) - PCPartPicker
2025-04-11,32999.0,MSI VENTUS 2X BLACK OC GeForce RTX 4060 8 GB Video Card (RTX 4060 VENTUS 2X BLACK 8G OC) - PCPartPicker
2025-04-12,32999.0,MSI VENTUS 2X BLACK OC GeForce RTX 4060 8 GB Video Card (RTX 4060 VENTUS 2X BLACK 8G OC) - PCPartPicker
2025-04-13,32999.0,MSI VENTUS 2X BLACK OC GeForce RTX 4060 8 GB Video Card (RTX 4060 VENTUS 2X BLACK 8G OC) - PCPartPicker
2025-04-14,32999.0,MSI VENTUS 2X BLACK OC GeForce RTX 4060 8 GB Video Card (RTX 4060 VENTUS 2X BLACK 8G OC) - PCPartPicker
2025-04-15,32999.0,MSI VENTUS 2X BLACK OC GeForce RTX 4060 8 GB Video Card (RTX 4060 VENTUS 2X BLACK 8G OC) - PCPartPicker
2025-04-16,32999.0,MSI VENTUS 2X BLACK OC GeForce RTX 4060 8 GB Video Card (RTX 4060 VENTUS 2X BLACK 8G OC) - PCPartPicker
2025-04-17,32999.0,MSI VENTUS 2X BLACK OC GeForce RTX 4060 8 GB Video Card (RTX 4060 VENTUS 2X BLACK 8G OC) - PCPartPicker
2025-04-18,32999.0,MSI VENTUS 2X BLACK OC GeForce RTX 4060 8 GB Video Card (RTX 4060 VENTUS 2X BLACK 8G OC) - PCPartPicker
2025-04-19,32999.0,MSI VENTUS 2X BLACK OC GeForce RTX 4060 8 GB Video Card (RTX 4060 VENTUS 2X BLACK 8G OC) - PCPartPicker
2025-04-20,32999.0,MSI VENTUS 2X BLACK OC GeForce RTX 4060 8 GB Video Card (RTX 4060 VENTUS 2X BLACK 8G OC) - PCPartPicker
2025-04-21,32999.0,MSI VENTUS 2X BLACK OC GeForce RTX 4060 8 GB Video Card (RTX 4060 VENTUS 2X BLACK 8G OC) - PCPartPicker
2025-04-22,32999.0,MSI VENTUS 2X BLACK OC GeForce RTX 4060 8 GB Video Card (RTX 4060 VENTUS 2X BLACK 8G OC) - PCPartPicker
2025-04-23,32999.0,MSI VENTUS 2X BLACK OC GeForce RTX 4060 8 GB Video Card (RTX 4060 VENTUS 2X BLACK 8G OC) - PCPartPicker
2025-04-24,32999.0,MSI VENTUS 2X BLACK OC GeForce RTX 4060 8 GB Video Card (RTX 4060 VENTUS 2X BLACK 8G OC) - PCPartPicker
2025-04-25,32999.0,MSI VENTUS 2X BLACK OC GeForce RTX 4060 8 GB Video Card (RTX 4060 VENTUS 2X BLACK 8G OC) - PCPartPicker
2025-04-26,32999.0,MSI VENTUS 2X BLACK OC GeForce RTX 4060 8 GB Video Card (RTX 4060 VENTUS 2X BLACK 8G OC) - PCPartPicker
2025-04-27,32999.0,MSI VENTUS 2X BLACK OC GeForce RTX 4060 8 GB Video Card (RTX 4060 VENTUS 2X BLACK 8G OC) - PCPartPicker
2025-04-28,32999.0,MSI VENTUS 2X BLACK OC GeForce RTX 4060 8 GB Video Card (RTX 4060 VENTUS 2X BLACK 8G OC) - PCPartPicker
2025-04-29,32999.0,MSI VENTUS 2X BLACK OC GeForce RTX 4060 8 GB Video Card (RTX 4060 VENTUS 2X BLACK 8G OC) - PCPartPicker
2025-04-30,32999.0,MSI VENTUS 2X BLACK OC GeForce RTX 4060 8 GB Video Card (RTX 4060 VENTUS 2X BLACK 8G OC) - PCPartPicker
2025-05-01,32999.0,MSI VENTUS 2X BLACK OC GeForce RTX 4060 8 GB Video Card (RTX 4060 VENTUS 2X BLACK 8G OC) - PCPartPicker
2025-05-02,32999.0,MSI VENTUS 2X BLACK OC GeForce RTX 4060 8 GB Video Card (RTX 4060 VENTUS 2X BLACK 8G OC) - PCPartPicker
2025-05-03,32999.0,MSI VENTUS 2X BLACK OC GeForce RTX 4060 8 GB Video Card (RTX 4060 VENTUS 2X BLACK 8G OC) - PCPartPicker
2025-05-04,32999.0,MSI VENTUS 2X BLACK OC GeForce RTX 4060 8 GB Video Card (RTX 4060 VENTUS 2X BLACK 8G OC) - PCPartPicker
2025-05-05,32999.0,MSI VENTUS 2X BLACK OC GeForce RTX 4060 8 GB Video Card (RTX 4060 VENTUS 2X BLACK 8G OC) - PCPartPicker
2025-05-06,32999.0,MSI VENTUS 2X BLACK OC GeForce RTX 4060 8 GB Video Card (RTX 4060 VENTUS 2X BLACK 8G OC) - PCPartPicker
2025-05-07,32999.0,MSI VENTUS 2X BLACK OC GeForce RTX 4060 8 GB Video Card (RTX 4060 VENTUS 2X BLACK 8G OC) - PCPartPicker
2025-05-08,32999.0,MSI VENTUS 2X BLACK OC GeForce RTX 4060 8 GB Video Card (RTX 4060 VENTUS 2X BLACK 8G OC) - PCPartPicker
2025-05-09,32999.0,MSI VENTUS 2X BLACK OC GeForce RTX 4060 8 GB Video Card (RTX 4060 VENTUS 2X BLACK 8G OC) - PCPartPicker
2025-05-10,32999.0,MSI VENTUS 2X BLACK OC GeForce RTX 4060 8 GB Video Card (RTX 4060 VENTUS 2X BLACK 8G OC) - PCPartPicker
2025-05-11,32999.0,MSI VENTUS 2X BLACK OC GeForce RTX 4060 8 GB Video Card (RTX 4060 VENTUS 2X BLACK 8G OC) - PCPartPicker
2025-05-12,32999.0,MSI VENTUS 2X BLACK OC GeForce RTX 4060 8 GB Video Card (RTX 4060 VENTUS 2X BLACK 8G OC) - PCPartPicker
2025-05-13,32999.0,MSI VENTUS 2X BLACK OC GeForce RTX 4060 8 GB Video Card (RTX 4060 VENTUS 2X BLACK 8G OC) - PCPartPicker
2025-05-14,32999.0,MSI VENTUS 2X BLACK OC GeForce RTX 4060 8 GB Video Card (RTX 4060 VENTUS 2X BLACK 8G OC) - PCPartPicker
2025-05-15,32999.0,MSI VENTUS 2X BLACK OC GeForce RTX 4060 8 GB Video Card (RTX 4060 VENTUS 2X BLACK 8G OC) - PCPartPicker
2025-05-16,32999.0,MSI VENTUS 2X BLACK OC GeForce RTX 4060 8 GB Video Card (RTX 4060 VENTUS 2X BLACK 8G OC) - PCPartPicker
2025-05-17,32999.0,MSI VENTUS 2X BLACK OC GeForce RTX 4060 8 GB Video Card (RTX 4060 VENTUS 2X BLACK 8G OC) - PCPartPicker
2025-05-18,32999.0,MSI VENTUS 2X BLACK OC GeForce RTX 4060 8 GB Video Card (RTX 4060 VENTUS 2X BLACK 8G OC) - PCPartPicker
2025-05-19,32999.0,MSI VENTUS 2X BLACK OC GeForce RTX 4060 8 GB Video Card (RTX 4060 VENTUS 2X BLACK 8G OC) - PCPartPicker
2025-05-20,32999.0,MSI VENTUS 2X BLACK OC GeForce RTX 4060 8 GB Video Card (RTX 4060 VENTUS 2X BLACK 8G OC) - PCPartPicker
2025-05-21,32999.0,MSI VENTUS 2X BLACK OC GeForce RTX 4060 8 GB Video Card (RTX 4060 VENTUS 2X BLACK 8G OC) - PCPartPicker
2025-05-22,32999.0,MSI VENTUS 2X BLACK OC GeForce RTX 4060 8 GB Video Card (RTX 4060 VENTUS 2X BLACK 8G OC) - PCPartPicker
2025-05-23,32999.0,MSI VENTUS 2X BLACK OC GeForce RTX 4060 8 GB Video Card (RTX 4060 VENTUS 2X BLACK 8G OC) - PCPartPicker
2025-05-24,32999.0,MSI VENTUS 2X BLACK OC GeForce RTX 4060 8 GB Video Card (RTX 4060 VENTUS 2X BLACK 8G OC) - PCPartPicker
2025-05-25,32999.0,MSI VENTUS 2X BLACK OC GeForce RTX 4060 8 GB Video Card (RTX 4060 VENTUS 2X BLACK 8G OC) - PCPartPicker
2025-05-26,32999.0,MSI VENTUS 2X BLACK OC GeForce RTX 4060 8 GB Video Card (RTX 4060 VENTUS 2X BLACK 8G OC) - PCPartPicker
2025-05-27,32999.0,MSI VENTUS 2X BLACK OC GeForce RTX 4060 8 GB Video Card (RTX 4060 VENTUS 2X BLACK 8G OC) - PCPartPicker
2025-05-28,32999.0,MSI VENTUS 2X BLACK OC GeForce RTX 4060 8 GB Video Card (RTX 4060 VENTUS 2X BLACK 8G OC) - PCPartPicker
2025-05-29,32999.0,MSI VENTUS 2X BLACK OC GeForce RTX 4060 8 GB Video Card (RTX 4060 VENTUS 2X BLACK 8G OC) - PCPartPicker
2025-05-30,32999.0,MSI VENTUS 2X BLACK OC GeForce RTX 4060 8 GB Video Card (RTX 4060 VENTUS 2X BLACK 8G OC) - PCPartPicker
2025-05-31,32999.0,MSI VENTUS 2X BLACK OC GeForce RTX 4060 8 GB Video Card (RTX 4060 VENTUS 2X BLACK 8G OC) - PCPartPicker
2025-06-01,33249.0,MSI VENTUS 2X BLACK OC GeForce RTX 4060 8 GB Video Card (RTX 4060 VENTUS 2X BLACK 8G OC) - PCPartPicker
2025-06-02,32999.0,MSI VENTUS 2X BLACK OC GeForce RTX 4060 8 GB Video Card (RTX 4060 VENTUS 2X BLACK 8G OC) - PCPartPicker
2025-06-03,32999.0,MSI VENTUS 2X BLACK OC GeForce RTX 4060 8 GB Video Card (RTX 4060 VENTUS 2X BLACK 8G OC) - PCPartPicker
2025-06-04,32999.0,MSI VENTUS 2X BLACK OC GeForce RTX 4060 8 GB Video Card (RTX 4060 VENTUS 2X BLACK 8G OC) - PCPartPicker
2025-06-05,33249.0,MSI VENTUS 2X BLACK OC GeForce RTX 4060 8 GB Video Card (RTX 4060 VENTUS 2X BLACK 8G OC) - PCPartPicker
2025-06-06,33249.0,MSI VENTUS 2X BLACK OC GeForce RTX 4060 8 GB Video Card (RTX 4060 VENTUS 2X BLACK 8G OC) - PCPartPicker
2025-06-07,33249.0,MSI VENTUS 2X BLACK OC GeForce RTX 4060 8 GB Video Card (RTX 4060 VENTUS 2X BLACK 8G OC) - PCPartPicker
2025-06-08,33249.0,MSI VENTUS 2X BLACK OC GeForce RTX 4060 8 GB Video Card (RTX 4060 VENTUS 2X BLACK 8G OC) - PCPartPicker
2025-06-09,33249.0,MSI VENTUS 2X BLACK OC GeForce RTX 4060 8 GB Video Card (RTX 4060 VENTUS 2X BLACK 8G OC) - PCPartPicker
2025-06-10,33249.0,MSI VENTUS 2X BLACK OC GeForce RTX 4060 8 GB Video Card (RTX 4060 VENTUS 2X BLACK 8G OC) - PCPartPicker
2025-06-11,33249.0,MSI VENTUS 2X BLACK OC GeForce RTX 4060 8 GB Video Card (RTX 4060 VENTUS 2X BLACK 8G OC) - PCPartPicker
2025-06-12,33249.0,MSI VENTUS 2X BLACK OC GeForce RTX 4060 8 GB Video Card (RTX 4060 VENTUS 2X BLACK 8G OC) - PCPartPicker
2025-06-13,33249.0,MSI VENTUS 2X BLACK OC GeForce RTX 4060 8 GB Video Card (RTX 4060 VENTUS 2X BLACK 8G OC) - PCPartPicker
2025-06-14,33249.0,MSI VENTUS 2X BLACK OC GeForce RTX 4060 8 GB Video Card (RTX 4060 VENTUS 2X BLACK 8G OC) - PCPartPicker
2025-06-15,33249.0,MSI VENTUS 2X BLACK OC GeForce RTX 4060 8 GB Video Card (RTX 4060 VENTUS 2X BLACK 8G OC) - PCPartPicker
2025-06-16,33249.0,MSI VENTUS 2X BLACK OC GeForce RTX 4060 8 GB Video Card (RTX 4060 VENTUS 2X BLACK 8G OC) - PCPartPicker
2025-06-17,33249.0,MSI VENTUS 2X BLACK OC GeForce RTX 4060 8 GB Video Card (RTX 4060 VENTUS 2X BLACK 8G OC) - PCPartPicker
2025-06-18,32999.0,MSI VENTUS 2X BLACK OC GeForce RTX 4060 8 GB Video Card (RTX 4060 VENTUS 2X BLACK 8G OC) - PCPartPicker
2025-06-19,33249.0,MSI VENTUS 2X BLACK OC GeForce RTX 4060 8 GB Video Card (RTX 4060 VENTUS 2X BLACK 8G OC) - PCPartPicker
2025-06-20,33249.0,MSI VENTUS 2X BLACK OC GeForce RTX 4060 8 GB Video Card (RTX 4060 VENTUS 2X BLACK 8G OC) - PCPartPicker
2025-06-21,33249.0,MSI VENTUS 2X BLACK OC GeForce RTX 4060 8 GB Video Card (RTX 4060 VENTUS 2X BLACK 8G OC) - PCPartPicker
2025-06-22,32999.0,MSI VENTUS 2X BLACK OC GeForce RTX 4060 8 GB Video Card (RTX 4060 VENTUS 2X BLACK 8G OC) - PCPartPicker
2025-06-23,33249.0,MSI VENTUS 2X BLACK OC GeForce RTX 4060 8 GB Video Card (RTX 4060 VENTUS 2X BLACK 8G OC) - PCPartPicker
2025-06-24,33249.0,MSI VENTUS 2X BLACK OC GeForce RTX 4060 8 GB Video Card (RTX 4060 VENTUS 2X BLACK 8G OC) - PCPartPicker
2025-06-25,33249.0,MSI VENTUS 2X BLACK OC GeForce RTX 4060 8 GB Video Card (RTX 4060 VENTUS 2X BLACK 8G OC) - PCPartPicker
2025-06-26,33249.0,MSI VENTUS 2X BLACK OC GeForce RTX 4060 8 GB Video Card (RTX 4060 VENTUS 2X BLACK 8G OC) - PCPartPicker
2025-06-27,33249.0,MSI VENTUS 2X BLACK OC GeForce RTX 4060 8 GB Video Card (RTX 4060 VENTUS 2X BLACK 8G OC) - PCPartPicker
2025-06-28,33249.0,MSI VENTUS 2X BLACK OC GeForce RTX 4060 8 GB Video Card (RTX 4060 VENTUS 2X BLACK 8G OC) - PCPartPicker
2025-06-29,33249.0,MSI VENTUS 2X BLACK OC GeForce RTX 4060 8 GB Video Card (RTX 4060 VENTUS 2X BLACK 8G OC) - PCPartPicker
2025-06-30,33249.0,MSI VENTUS 2X BLACK OC GeForce RTX 4060 8 GB Video Card (RTX 4060 VENTUS 2X BLACK 8G OC) - PCPartPicker
2025-07-01,33249.0,MSI VENTUS 2X BLACK OC GeForce RTX 4060 8 GB Video Card (RTX 4060 VENTUS 2X BLACK 8G OC) - PCPartPicker
2025-07-02,33249.0,MSI VENTUS 2X BLACK OC GeForce RTX 4060 8 GB Video Card (RTX 4060 VENTUS 2X BLACK 8G OC) - PCPartPicker
2025-07-03,33249.0,MSI VENTUS 2X BLACK OC GeForce RTX 4060 8 GB Video Card (RTX 4060 VENTUS 2X BLACK 8G OC) - PCPartPicker
2025-07-04,33249.0,MSI VENTUS 2X BLACK OC GeForce RTX 4060 8 GB Video Card (RTX 4060 VENTUS 2X BLACK 8G OC) - PCPartPicker
2025-07-05,33249.0,MSI VENTUS 2X BLACK OC GeForce RTX 4060 8 GB Video Card (RTX 4060 VENTUS 2X BLACK 8G OC) - PCPartPicker
2025-07-06,33249.0,MSI VENTUS 2X BLACK OC GeForce RTX 4060 8 GB Video Card (RTX 4060 VENTUS 2X BLACK 8G OC) - PCPartPicker
2025-07-07,33249.0,MSI VENTUS 2X BLACK OC GeForce RTX 4060 8 GB Video Card (RTX 4060 VENTUS 2X BLACK 8G OC) - PCPartPicker
2025-07-08,33249.0,MSI VENTUS 2X BLACK OC GeForce RTX 4060 8 GB Video Card (RTX 4060 VENTUS 2X BLACK 8G OC) - PCPartPicker
2025-07-09,33249.0,MSI VENTUS 2X BLACK OC GeForce RTX 4060 8 GB Video Card (RTX 4060 VENTUS 2X BLACK 8G OC) - PCPartPicker
2025-07-10,33249.0,MSI VENTUS 2X BLACK OC GeForce RTX 4060 8 GB Video Card (RTX 4060 VENTUS 2X BLACK 8G OC) - PCPartPicker
2025-07-11,33249.0,MSI VENTUS 2X BLACK OC GeForce RTX 4060 8 GB Video Card (RTX 4060 VENTUS 2X BLACK 8G OC) - PCPartPicker
2025-07-12,33249.0,MSI VENTUS 2X BLACK OC GeForce RTX 4060 8 GB Video Card (RTX 4060 VENTUS 2X BLACK 8G OC) - PCPartPicker
2025-07-13,33249.0,MSI VENTUS 2X BLACK OC GeForce RTX 4060 8 GB Video Card (RTX 4060 VENTUS 2X BLACK 8G OC) - PCPartPicker
2025-07-14,33249.0,MSI VENTUS 2X BLACK OC GeForce RTX 4060 8 GB Video Card (RTX 4060 VENTUS 2X BLACK 8G OC) - PCPartPicker
2025-07-15,33249.0,MSI VENTUS 2X BLACK OC GeForce RTX 4060 8 GB Video Card (RTX 4060 VENTUS 2X BLACK 8G OC) - PCPartPicker
2025-07-16,33249.0,MSI VENTUS 2X BLACK OC GeForce RTX 4060 8 GB Video Card (RTX 4060 VENTUS 2X BLACK 8G OC) - PCPartPicker
2025-07-17,33249.0,MSI VENTUS 2X BLACK OC GeForce RTX 4060 8 GB Video Card (RTX 4060 VENTUS 2X BLACK 8G OC) - PCPartPicker
2025-07-18,33249.0,MSI VENTUS 2X BLACK OC GeForce RTX 4060 8 GB Video Card (RTX 4060 VENTUS 2X BLACK 8G OC) - PCPartPicker
2025-07-19,33249.0,MSI VENTUS 2X BLACK OC GeForce RTX 4060 8 GB Video Card (RTX 4060 VENTUS 2X BLACK 8G OC) - PCPartPicker
2025-07-20,33249.0,MSI VENTUS 2X BLACK OC GeForce RTX 4060 8 GB Video Card (RTX 4060 VENTUS 2X BLACK 8G OC) - PCPartPicker
2025-07-21,33249.0,MSI VENTUS 2X BLACK OC GeForce RTX 4060 8 GB Video Card (RTX 4060 VENTUS 2X BLACK 8G OC) - PCPartPicker
2025-07-22,33249.0,MSI VENTUS 2X BLACK OC GeForce RTX 4060 8 GB Video Card (RTX 4060 VENTUS 2X BLACK 8G OC) - PCPartPicker
2025-07-23,33249.0,MSI VENTUS 2X BLACK OC GeForce RTX 4060 8 GB Video Card (RTX 4060 VENTUS 2X BLACK 8G OC) - PCPartPicker
2025-07-24,33249.0,MSI VENTUS 2X BLACK OC GeForce RTX 4060 8 GB Video Card (RTX 4060 VENTUS 2X BLACK 8G OC) - PCPartPicker
2025-07-25,33249.0,MSI VENTUS 2X BLACK OC GeForce RTX 4060 8 GB Video Card (RTX 4060 VENTUS 2X BLACK 8G OC) - PCPartPicker
2025-07-26,33249.0,MSI VENTUS 2X BLACK OC GeForce RTX 4060 8 GB Video Card (RTX 4060 VENTUS 2X BLACK 8G OC) - PCPartPicker
2025-07-27,33249.0,MSI VENTUS 2X BLACK OC GeForce RTX 4060 8 GB Video Card (RTX 4060 VENTUS 2X BLACK 8G OC) - PCPartPicker
2025-07-28,33249.0,MSI VENTUS 2X BLACK OC GeForce RTX 4060 8 GB Video Card (RTX 4060 VENTUS 2X BLACK 8G OC) - PCPartPicker
2025-07-29,33249.0,MSI VENTUS 2X BLACK OC GeForce RTX 4060 8 GB Video Card (RTX 4060 VENTUS 2X BLACK 8G OC) - PCPartPicker
2025-07-30,33249.0,MSI VENTUS 2X BLACK OC GeForce RTX 4060 8 GB Video Card (RTX 4060 VENTUS 2X BLACK 8G OC) - PCPartPicker
2025-07-31,33249.0,MSI VENTUS 2X BLACK OC GeForce RTX 4060 8 GB Video Card (RTX 4060 VENTUS 2X BLACK 8G OC) - PCPartPicker
2025-08-01,33249.0,MSI VENTUS 2X BLACK OC GeForce RTX 4060 8 GB Video Card (RTX 4060 VENTUS 2X BLACK 8G OC) - PCPartPicker
2025-08-02,33249.0,MSI VENTUS 2X BLACK OC GeForce RTX 4060 8 GB Video Card (RTX 4060 VENTUS 2X BLACK 8G OC) - PCPartPicker
2025-08-03,33249.0,MSI VENTUS 2X BLACK OC GeForce RTX 4060 8 GB Video Card (RTX 4060 VENTUS 2X BLACK 8G OC) - PCPartPicker
2025-08-04,33249.0,MSI VENTUS 2X BLACK OC GeForce RTX 4060 8 GB Video Card (RTX 4060 VENTUS 2X BLACK 8G OC) - PCPartPicker
2025-08-05,33249.0,MSI VENTUS 2X BLACK OC GeForce RTX 4060 8 GB Video Card (RTX 4060 VENTUS 2X BLACK 8G OC) - PCPartPicker
2025-08-06,33249.0,MSI VENTUS 2X BLACK OC GeForce RTX 4060 8 GB Video Card (RTX 4060 VENTUS 2X BLACK 8G OC) - PCPartPicker
2025-08-07,33249.0,MSI VENTUS 2X BLACK OC GeForce RTX 4060 8 GB Video Card (RTX 4060 VENTUS 2X BLACK 8G OC) - PCPartPicker
2025-08-08,33249.0,MSI VENTUS 2X BLACK OC GeForce RTX 4060 8 GB Video Card (RTX 4060 VENTUS 2X BLACK 8G OC) - PCPartPicker
2025-08-09,33249.0,MSI VENTUS 2X BLACK OC GeForce RTX 4060 8 GB Video Card (RTX 4060 VENTUS 2X BLACK 8G OC) - PCPartPicker
2025-08-10,33249.0,MSI VENTUS 2X BLACK OC GeForce RTX 4060 8 GB Video Card (RTX 4060 VENTUS 2X BLACK 8G OC) - PCPartPicker
2025-08-11,33249.0,MSI VENTUS 2X BLACK OC GeForce RTX 4060 8 GB Video Card (RTX 4060 VENTUS 2X BLACK 8G OC) - PCPartPicker
2025-08-12,33249.0,MSI VENTUS 2X BLACK OC GeForce RTX 4060 8 GB Video Card (RTX 4060 VENTUS 2X BLACK 8G OC) - PCPartPicker
2025-08-13,33249.0,MSI VENTUS 2X BLACK OC GeForce RTX 4060 8 GB Video Card (RTX 4060 VENTUS 2X BLACK 8G OC) - PCPartPicker
2025-08-14,33249.0,MSI VENTUS 2X BLACK OC GeForce RTX 4060 8 GB Video Card (RTX 4060 VENTUS 2X BLACK 8G OC) - PCPartPicker
2025-08-15,33249.0,MSI VENTUS 2X BLACK OC GeForce RTX 4060 8 GB Video Card (RTX 4060 VENTUS 2X BLACK 8G OC) - PCPartPicker
2025-08-16,33249.0,MSI VENTUS 2X BLACK OC GeForce RTX 4060 8 GB Video Card (RTX 4060 VENTUS 2X BLACK 8G OC) - PCPartPicker
2025-08-17,33249.0,MSI VENTUS 2X BLACK OC GeForce RTX 4060 8 GB Video Card (RTX 4060 VENTUS 2X BLACK 8G OC) - PCPartPicker
2025-08-18,33249.0,MSI VENTUS 2X BLACK OC GeForce RTX 4060 8 GB Video Card (RTX 4060 VENTUS 2X BLACK 8G OC) - PCPartPicker
2025-08-19,33249.0,MSI VENTUS 2X BLACK OC GeForce RTX 4060 8 GB Video Card (RTX 4060 VENTUS 2X BLACK 8G OC) - PCPartPicker
2025-08-20,33249.0,MSI VENTUS 2X BLACK OC GeForce RTX 4060 8 GB Video Card (RTX 4060 VENTUS 2X BLACK 8G OC) - PCPartPicker
2025-08-21,33249.0,MSI VENTUS 2X BLACK OC GeForce RTX 4060 8 GB Video Card (RTX 4060 VENTUS 2X BLACK 8G OC) - PCPartPicker
2025-08-22,33249.0,MSI VENTUS 2X BLACK OC GeForce RTX 4060 8 GB Video Card (RTX 4060 VENTUS 2X BLACK 8G OC) - PCPartPicker
2025-08-23,33249.0,MSI VENTUS 2X BLACK OC GeForce RTX 4060 8 GB Video Card (RTX 4060 VENTUS 2X BLACK 8G OC) - PCPartPicker
2025-08-24,33249.0,MSI VENTUS 2X BLACK OC GeForce RTX 4060 8 GB Video Card (RTX 4060 VENTUS 2X BLACK 8G OC) - PCPartPicker
2025-08-25,33249.0,MSI VENTUS 2X BLACK OC GeForce RTX 4060 8 GB Video Card (RTX 4060 VENTUS 2X BLACK 8G OC) - PCPartPicker
2025-08-26,33249.0,MSI VENTUS 2X BLACK OC GeForce RTX 4060 8 GB Video Card (RTX 4060 VENTUS 2X BLACK 8G OC) - PCPartPicker
2025-08-27,33249.0,MSI VENTUS 2X BLACK OC GeForce RTX 4060 8 GB Video Card (RTX 4060 VENTUS 2X BLACK 8G OC) - PCPartPicker
2025-08-28,33249.0,MSI VENTUS 2X BLACK OC GeForce RTX 4060 8 GB Video Card (RTX 4060 VENTUS 2X BLACK 8G OC) - PCPartPicker
2025-08-29,33249.0,MSI VENTUS 2X BLACK OC GeForce RTX 4060 8 GB Video Card (RTX 4060 VENTUS 2X BLACK 8G OC) - PCPartPicker
2025-08-30,33249.0,MSI VENTUS 2X BLACK OC GeForce RTX 4060 8 GB Video Card (RTX 4060 VENTUS 2X BLACK 8G OC) - PCPartPicker
2025-08-31,33249.0,MSI VENTUS 2X BLACK OC GeForce RTX 4060 8 GB Video Card (RTX 4060 VENTUS 2X BLACK 8G OC) - PCPartPicker
2025-09-01,33249.0,MSI VENTUS 2X BLACK OC GeForce RTX 4060 8 GB Video Card (RTX 4060 VENTUS 2X BLACK 8G OC) - PCPartPicker
2025-09-02,33249.0,MSI VENTUS 2X BLACK OC GeForce RTX 4060 8 GB Video Card (RTX 4060 VENTUS 2X BLACK 8G OC) - PCPartPicker
2025-09-03,33249.0,MSI VENTUS 2X BLACK OC GeForce RTX 4060 8 GB Video Card (RTX 4060 VENTUS 2X BLACK 8G OC) - PCPartPicker
2025-09-04,33249.0,MSI VENTUS 2X BLACK OC GeForce RTX 4060 8 GB Video Card (RTX 4060 VENTUS 2X BLACK 8G OC) - PCPartPicker
2025-09-05,33249.0,MSI VENTUS 2X BLACK OC GeForce RTX 4060 8 GB Video Card (RTX 4060 VENTUS 2X BLACK 8G OC) - PCPartPicker
2025-09-06,33249.0,MSI VENTUS 2X BLACK OC GeForce RTX 4060 8 GB Video Card (RTX 4060 VENTUS 2X BLACK 8G OC) - PCPartPicker
2025-09-07,33249.0,MSI VENTUS 2X BLACK OC GeForce RTX 4060 8 GB Video Card (RTX 4060 VENTUS 2X BLACK 8G OC) - PCPartPicker
2025-09-08,33249.0,MSI VENTUS 2X BLACK OC GeForce RTX 4060 8 GB Video Card (RTX 4060 VENTUS 2X BLACK 8G OC) - PCPartPicker
2025-09-09,33249.0,MSI VENTUS 2X BLACK OC GeForce RTX 4060 8 GB Video Card (RTX 4060 VENTUS 2X BLACK 8G OC) - PCPartPicker
2025-09-10,33249.0,MSI VENTUS 2X BLACK OC GeForce RTX 4060 8 GB Video Card (RTX 4060 VENTUS 2X BLACK 8G OC) - PCPartPicker
2025-09-11,33249.0,MSI VENTUS 2X BLACK OC GeForce RTX 4060 8 GB Video Card (RTX 4060 VENTUS 2X BLACK 8G OC) - PCPartPicker
2025-09-12,33249.0,MSI VENTUS 2X BLACK OC GeForce RTX 4060 8 GB Video Card (RTX 4060 VENTUS 2X BLACK 8G OC) - PCPartPicker
2025-09-13,33249.0,MSI VENTUS 2X BLACK OC GeForce RTX 4060 8 GB Video Card (RTX 4060 VENTUS 2X BLACK 8G OC) - PCPartPicker
2025-09-14,33249.0,MSI VENTUS 2X BLACK OC GeForce RTX 4060 8 GB Video Card (RTX 4060 VENTUS 2X BLACK 8G OC) - PCPartPicker
2025-09-15,33249.0,MSI VENTUS 2X BLACK OC GeForce RTX 4060 8 GB Video Card (RTX 4060 VENTUS 2X BLACK 8G OC) - PCPartPicker
2025-09-16,33249.0,MSI VENTUS 2X BLACK OC GeForce RTX 4060 8 GB Video Card (RTX 4060 VENTUS 2X BLACK 8G OC) - PCPartPicker
2025-09-17,33249.0,MSI VENTUS 2X BLACK OC GeForce RTX 4060 8 GB Video Card (RTX 4060 VENTUS 2X BLACK 8G OC) - PCPartPicker
2025-09-18,33249.0,MSI VENTUS 2X BLACK OC GeForce RTX 4060 8 GB Video Card (RTX 4060 VENTUS 2X BLACK 8G OC) - PCPartPicker
2025-09-19,33249.0,MSI VENTUS 2X BLACK OC GeForce RTX 4060 8 GB Video Card (RTX 4060 VENTUS 2X BLACK 8G OC) - PCPartPicker
2025-09-20,33249.0,MSI VENTUS 2X BLACK OC GeForce RTX 4060 8 GB Video Card (RTX 4060 VENTUS 2X BLACK 8G OC) - PCPartPicker
2025-09-21,33249.0,MSI VENTUS 2X BLACK OC GeForce RTX 4060 8 GB Video Card (RTX 4060 VENTUS 2X BLACK 8G OC) - PCPartPicker
2025-09-22,33249.0,MSI VENTUS 2X BLACK OC GeForce RTX 4060 8 GB Video Card (RTX 4060 VENTUS 2X BLACK 8G OC) - PCPartPicker
2025-09-23,33249.0,MSI VENTUS 2X BLACK OC GeForce RTX 4060 8 GB Video Card (RTX 4060 VENTUS 2X BLACK 8G OC) - PCPartPicker
2025-09-24,33249.0,MSI VENTUS 2X BLACK OC GeForce RTX 4060 8 GB Video Card (RTX 4060 VENTUS 2X BLACK 8G OC) - PCPartPicker
2025-09-25,33249.0,MSI VENTUS 2X BLACK OC GeForce RTX 4060 8 GB Video Card (RTX 4060 VENTUS 2X BLACK 8G OC) - PCPartPicker
2025-09-26,33249.0,MSI VENTUS 2X BLACK OC GeForce RTX 4060 8 GB Video Card (RTX 4060 VENTUS 2X BLACK 8G OC) - PCPartPicker
2025-09-27,33249.0,MSI VENTUS 2X BLACK OC GeForce RTX 4060 8 GB Video Card (RTX 4060 VENTUS 2X BLACK 8G OC) - PCPartPicker
2025-09-28,33249.0,MSI VENTUS 2X BLACK OC GeForce RTX 4060 8 GB Video Card (RTX 4060 VENTUS 2X BLACK 8G OC) - PCPartPicker
2025-09-29,33249.0,MSI VENTUS 2X BLACK OC GeForce RTX 4060 8 GB Video Card (RTX 4060 VENTUS 2X BLACK 8G OC) - PCPartPicker
2025-09-30,33249.0,MSI VENTUS 2X BLACK OC GeForce RTX 4060 8 GB Video Card (RTX 4060 VENTUS 2X BLACK 8G OC) - PCPartPicker
2025-10-01,33249.0,MSI VENTUS 2X BLACK OC GeForce RTX 4060 8 GB Video Card (RTX 4060 VENTUS 2X BLACK 8G OC) - PCPartPicker
2025-10-02,33249.0,MSI VENTUS 2X BLACK OC GeForce RTX 4060 8 GB Video Card (RTX 4060 VENTUS 2X BLACK 8G OC) - PCPartPicker
2025-10-03,33249.0,MSI VENTUS 2X BLACK OC GeForce RTX 4060 8 GB Video Card (RTX 4060 VENTUS 2X BLACK 8G OC) - PCPartPicker
2025-10-04,33249.0,MSI VENTUS 2X BLACK OC GeForce RTX 4060 8 GB Video Card (RTX 4060 VENTUS 2X BLACK 8G OC) - PCPartPicker
2025-10-05,33249.0,MSI VENTUS 2X BLACK OC GeForce RTX 4060 8 GB Video Card (RTX 4060 VENTUS 2X BLACK 8G OC) - PCPartPicker
2025-10-06,33249.0,MSI VENTUS 2X BLACK OC GeForce RTX 4060 8 GB Video Card (RTX 4060 VENTUS 2X BLACK 8G OC) - PCPartPicker
2025-10-07,33249.0,MSI VENTUS 2X BLACK OC GeForce RTX 4060 8 GB Video Card (RTX 4060 VENTUS 2X BLACK 8G OC) - PCPartPicker
2025-10-08,33249.0,MSI VENTUS 2X BLACK OC GeForce RTX 4060 8 GB Video Card (RTX 4060 VENTUS 2X BLACK 8G OC) - PCPartPicker
2025-10-09,33249.0,MSI VENTUS 2X BLACK OC GeForce RTX 4060 8 GB Video Card (RTX 4060 VENTUS 2X BLACK 8G OC) - PCPartPicker
2025-10-10,33249.0,MSI VENTUS 2X BLACK OC GeForce RTX 4060 8 GB Video Card (RTX 4060 VENTUS 2X BLACK 8G OC) - PCPartPicker
2025-10-11,33249.0,MSI VENTUS 2X BLACK OC GeForce RTX 4060 8 GB Video Card (RTX 4060 VENTUS 2X BLACK 8G OC) - PCPartPicker
2025-10-12,33249.0,MSI VENTUS 2X BLACK OC GeForce RTX 4060 8 GB Video Card (RTX 4060 VENTUS 2X BLACK 8G OC) - PCPartPicker
2025-10-13,33249.0,MSI VENTUS 2X BLACK OC GeForce RTX 4060 8 GB Video Card (RTX 4060 VENTUS 2X BLACK 8G OC) - PCPartPicker
2025-10-14,33249.0,MSI VENTUS 2X BLACK OC GeForce RTX 4060 8 GB Video Card (RTX 4060 VENTUS 2X BLACK 8G OC) - PCPartPicker
2025-10-15,33249.0,MSI VENTUS 2X BLACK OC GeForce RTX 4060 8 GB Video Card (RTX 4060 VENTUS 2X BLACK 8G OC) - PCPartPicker
2025-10-16,33249.0,MSI VENTUS 2X BLACK OC GeForce RTX 4060 8 GB Video Card (RTX 4060 VENTUS 2X BLACK 8G OC) - PCPartPicker
2025-10-17,33249.0,MSI VENTUS 2X BLACK OC GeForce RTX 4060 8 GB Video Card (RTX 4060 VENTUS 2X BLACK 8G OC) - PCPartPicker
2025-10-18,33249.0,MSI VENTUS 2X BLACK OC GeForce RTX 4060 8 GB Video Card (RTX 4060 VENTUS 2X BLACK 8G OC) - PCPartPicker
2025-10-19,33249.0,MSI VENTUS 2X BLACK OC GeForce RTX 4060 8 GB Video Card (RTX 4060 VENTUS 2X BLACK 8G OC) - PCPartPicker
2025-10-20,33249.0,MSI VENTUS 2X BLACK OC GeForce RTX 4060 8 GB Video Card (RTX 4060 VENTUS 2X BLACK 8G OC) - PCPartPicker
2025-10-21,33249.0,MSI VENTUS 2X BLACK OC GeForce RTX 4060 8 GB Video Card (RTX 4060 VENTUS 2X BLACK 8G OC) - PCPartPicker
