date,price,gpu_name
2023-10-21,,PNY RTX A-Series RTX A5000 24 GB Video Card (VCNRTXA5000-PB) - PCPartPicker
2023-10-22,184999.0,PNY RTX A-Series RTX A5000 24 GB Video Card (VCNRTXA5000-PB) - PCPartPicker
2023-10-23,184999.0,PNY RTX A-Series RTX A5000 24 GB Video Card (VCNRTXA5000-PB) - PCPartPicker
2023-10-24,214099.0,PNY RTX A-Series RTX A5000 24 GB Video Card (VCNRTXA5000-PB) - PCPartPicker
2023-10-25,214099.0,PNY RTX A-Series RTX A5000 24 GB Video Card (VCNRTXA5000-PB) - PCPartPicker
2023-10-26,214099.0,PNY RTX A-Series RTX A5000 24 GB Video Card (VCNRTXA5000-PB) - PCPartPicker
2023-10-27,214099.0,PNY RTX A-Series RTX A5000 24 GB Video Card (VCNRTXA5000-PB) - PCPartPicker
2023-10-28,214099.0,PNY RTX A-Series RTX A5000 24 GB Video Card (VCNRTXA5000-PB) - PCPartPicker
2023-10-29,214099.0,PNY RTX A-Series RTX A5000 24 GB Video Card (VCNRTXA5000-PB) - PCPartPicker
2023-10-30,214099.0,PNY RTX A-Series RTX A5000 24 GB Video Card (VCNRTXA5000-PB) - PCPartPicker
2023-10-31,214099.0,PNY RTX A-Series RTX A5000 24 GB Video Card (VCNRTXA5000-PB) - PCPartPicker
2023-11-01,219099.0,PNY RTX A-Series RTX A5000 24 GB Video Card (VCNRTXA5000-PB) - PCPartPicker
2023-11-02,219099.0,PNY RTX A-Series RTX A5000 24 GB Video Card (VCNRTXA5000-PB) - PCPartPicker
2023-11-03,219099.0,PNY RTX A-Series RTX A5000 24 GB Video Card (VCNRTXA5000-PB) - PCPartPicker
2023-11-04,219099.0,PNY RTX A-Series RTX A5000 24 GB Video Card (VCNRTXA5000-PB) - PCPartPicker
2023-11-05,219099.0,PNY RTX A-Series RTX A5000 24 GB Video Card (VCNRTXA5000-PB) - PCPartPicker
2023-11-06,219099.0,PNY RTX A-Series RTX A5000 24 GB Video Card (VCNRTXA5000-PB) - PCPartPicker
2023-11-07,219099.0,PNY RTX A-Series RTX A5000 24 GB Video Card (VCNRTXA5000-PB) - PCPartPicker
2023-11-08,233099.0,PNY RTX A-Series RTX A5000 24 GB Video Card (VCNRTXA5000-PB) - PCPartPicker
2023-11-09,233099.0,PNY RTX A-Series RTX A5000 24 GB Video Card (VCNRTXA5000-PB) - PCPartPicker
2023-11-10,233099.0,PNY RTX A-Series RTX A5000 24 GB Video Card (VCNRTXA5000-PB) - PCPartPicker
2023-11-11,233099.0,PNY RTX A-Series RTX A5000 24 GB Video Card (VCNRTXA5000-PB) - PCPartPicker
2023-11-12,233099.0,PNY RTX A-Series RTX A5000 24 GB Video Card (VCNRTXA5000-PB) - PCPartPicker
2023-11-13,233099.0,PNY RTX A-Series RTX A5000 24 GB Video Card (VCNRTXA5000-PB) - PCPartPicker
2023-11-14,233099.0,PNY RTX A-Series RTX A5000 24 GB Video Card (VCNRTXA5000-PB) - PCPartPicker
2023-11-15,233099.0,PNY RTX A-Series RTX A5000 24 GB Video Card (VCNRTXA5000-PB) - PCPartPicker
2023-11-16,233099.0,PNY RTX A-Series RTX A5000 24 GB Video Card (VCNRTXA5000-PB) - PCPartPicker
2023-11-17,233099.0,PNY RTX A-Series RTX A5000 24 GB Video Card (VCNRTXA5000-PB) - PCPartPicker
2023-11-18,233099.0,PNY RTX A-Series RTX A5000 24 GB Video Card (VCNRTXA5000-PB) - PCPartPicker
2023-11-19,233099.0,PNY RTX A-Series RTX A5000 24 GB Video Card (VCNRTXA5000-PB) - PCPartPicker
2023-11-20,233099.0,PNY RTX A-Series RTX A5000 24 GB Video Card (VCNRTXA5000-PB) - PCPartPicker
2023-11-21,233099.0,PNY RTX A-Series RTX A5000 24 GB Video Card (VCNRTXA5000-PB) - PCPartPicker
2023-11-22,233099.0,PNY RTX A-Series RTX A5000 24 GB Video Card (VCNRTXA5000-PB) - PCPartPicker
2023-11-23,233099.0,PNY RTX A-Series RTX A5000 24 GB Video Card (VCNRTXA5000-PB) - PCPartPicker
2023-11-24,233099.0,PNY RTX A-Series RTX A5000 24 GB Video Card (VCNRTXA5000-PB) - PCPartPicker
2023-11-25,233099.0,PNY RTX A-Series RTX A5000 24 GB Video Card (VCNRTXA5000-PB) - PCPartPicker
2023-11-26,233099.0,PNY RTX A-Series RTX A5000 24 GB Video Card (VCNRTXA5000-PB) - PCPartPicker
2023-11-27,233099.0,PNY RTX A-Series RTX A5000 24 GB Video Card (VCNRTXA5000-PB) - PCPartPicker
2023-11-28,233099.0,PNY RTX A-Series RTX A5000 24 GB Video Card (VCNRTXA5000-PB) - PCPartPicker
2023-11-29,233099.0,PNY RTX A-Series RTX A5000 24 GB Video Card (VCNRTXA5000-PB) - PCPartPicker
2023-11-30,233099.0,PNY RTX A-Series RTX A5000 24 GB Video Card (VCNRTXA5000-PB) - PCPartPicker
2023-12-01,233099.0,PNY RTX A-Series RTX A5000 24 GB Video Card (VCNRTXA5000-PB) - PCPartPicker
2023-12-02,233099.0,PNY RTX A-Series RTX A5000 24 GB Video Card (VCNRTXA5000-PB) - PCPartPicker
2023-12-03,233099.0,PNY RTX A-Series RTX A5000 24 GB Video Card (VCNRTXA5000-PB) - PCPartPicker
2023-12-04,233099.0,PNY RTX A-Series RTX A5000 24 GB Video Card (VCNRTXA5000-PB) - PCPartPicker
2023-12-05,233099.0,PNY RTX A-Series RTX A5000 24 GB Video Card (VCNRTXA5000-PB) - PCPartPicker
2023-12-06,233099.0,PNY RTX A-Series RTX A5000 24 GB Video Card (VCNRTXA5000-PB) - PCPartPicker
2023-12-07,233099.0,PNY RTX A-Series RTX A5000 24 GB Video Card (VCNRTXA5000-PB) - PCPartPicker
2023-12-08,233099.0,PNY RTX A-Series RTX A5000 24 GB Video Card (VCNRTXA5000-PB) - PCPartPicker
2023-12-09,233099.0,PNY RTX A-Series RTX A5000 24 GB Video Card (VCNRTXA5000-PB) - PCPartPicker
2023-12-10,233099.0,PNY RTX A-Series RTX A5000 24 GB Video Card (VCNRTXA5000-PB) - PCPartPicker
2023-12-11,233099.0,PNY RTX A-Series RTX A5000 24 GB Video Card (VCNRTXA5000-PB) - PCPartPicker
2023-12-12,233099.0,PNY RTX A-Series RTX A5000 24 GB Video Card (VCNRTXA5000-PB) - PCPartPicker
2023-12-13,233099.0,PNY RTX A-Series RTX A5000 24 GB Video Card (VCNRTXA5000-PB) - PCPartPicker
2023-12-14,233099.0,PNY RTX A-Series RTX A5000 24 GB Video Card (VCNRTXA5000-PB) - PCPartPicker
2023-12-15,233099.0,PNY RTX A-Series RTX A5000 24 GB Video Card (VCNRTXA5000-PB) - PCPartPicker
2023-12-16,233099.0,PNY RTX A-Series RTX A5000 24 GB Video Card (VCNRTXA5000-PB) - PCPartPicker
2023-12-17,233099.0,PNY RTX A-Series RTX A5000 24 GB Video Card (VCNRTXA5000-PB) - PCPartPicker
2023-12-18,233099.0,PNY RTX A-Series RTX A5000 24 GB Video Card (VCNRTXA5000-PB) - PCPartPicker
2023-12-19,233099.0,PNY RTX A-Series RTX A5000 24 GB Video Card (VCNRTXA5000-PB) - PCPartPicker
2023-12-20,233099.0,PNY RTX A-Series RTX A5000 24 GB Video Card (VCNRTXA5000-PB) - PCPartPicker
2023-12-21,233099.0,PNY RTX A-Series RTX A5000 24 GB Video Card (VCNRTXA5000-PB) - PCPartPicker
2023-12-22,233516.0,PNY RTX A-Series RTX A5000 24 GB Video Card (VCNRTXA5000-PB) - PCPartPicker
2023-12-23,233516.0,PNY RTX A-Series RTX A5000 24 GB Video Card (VCNRTXA5000-PB) - PCPartPicker
2023-12-24,233516.0,PNY RTX A-Series RTX A5000 24 GB Video Card (VCNRTXA5000-PB) - PCPartPicker
2023-12-25,233516.0,PNY RTX A-Series RTX A5000 24 GB Video Card (VCNRTXA5000-PB) - PCPartPicker
2023-12-26,233516.0,PNY RTX A-Series RTX A5000 24 GB Video Card (VCNRTXA5000-PB) - PCPartPicker
2023-12-27,233516.0,PNY RTX A-Series RTX A5000 24 GB Video Card (VCNRTXA5000-PB) - PCPartPicker
2023-12-28,233516.0,PNY RTX A-Series RTX A5000 24 GB Video Card (VCNRTXA5000-PB) - PCPartPicker
2023-12-29,233516.0,PNY RTX A-Series RTX A5000 24 GB Video Card (VCNRTXA5000-PB) - PCPartPicker
2023-12-30,233516.0,PNY RTX A-Series RTX A5000 24 GB Video Card (VCNRTXA5000-PB) - PCPartPicker
2023-12-31,233516.0,PNY RTX A-Series RTX A5000 24 GB Video Card (VCNRTXA5000-PB) - PCPartPicker
2024-01-01,234116.0,PNY RTX A-Series RTX A5000 24 GB Video Card (VCNRTXA5000-PB) - PCPartPicker
2024-01-02,234116.0,PNY RTX A-Series RTX A5000 24 GB Video Card (VCNRTXA5000-PB) - PCPartPicker
2024-01-03,234116.0,PNY RTX A-Series RTX A5000 24 GB Video Card (VCNRTXA5000-PB) - PCPartPicker
2024-01-04,234116.0,PNY RTX A-Series RTX A5000 24 GB Video Card (VCNRTXA5000-PB) - PCPartPicker
2024-01-05,234116.0,PNY RTX A-Series RTX A5000 24 GB Video Card (VCNRTXA5000-PB) - PCPartPicker
2024-01-06,234116.0,PNY RTX A-Series RTX A5000 24 GB Video Card (VCNRTXA5000-PB) - PCPartPicker
2024-01-07,234116.0,PNY RTX A-Series RTX A5000 24 GB Video Card (VCNRTXA5000-PB) - PCPartPicker
2024-01-08,234116.0,PNY RTX A-Series RTX A5000 24 GB Video Card (VCNRTXA5000-PB) - PCPartPicker
2024-01-09,234116.0,PNY RTX A-Series RTX A5000 24 GB Video Card (VCNRTXA5000-PB) - PCPartPicker
2024-01-10,234116.0,PNY RTX A-Series RTX A5000 24 GB Video Card (VCNRTXA5000-PB) - PCPartPicker
2024-01-11,234116.0,PNY RTX A-Series RTX A5000 24 GB Video Card (VCNRTXA5000-PB) - PCPartPicker
2024-01-12,237516.0,PNY RTX A-Series RTX A5000 24 GB Video Card (VCNRTXA5000-PB) - PCPartPicker
2024-01-13,239949.5,PNY RTX A-Series RTX A5000 24 GB Video Card (VCNRTXA5000-PB) - PCPartPicker
2024-01-14,237516.0,PNY RTX A-Series RTX A5000 24 GB Video Card (VCNRTXA5000-PB) - PCPartPicker
2024-01-15,237516.0,PNY RTX A-Series RTX A5000 24 GB Video Card (VCNRTXA5000-PB) - PCPartPicker
2024-01-16,237516.0,PNY RTX A-Series RTX A5000 24 GB Video Card (VCNRTXA5000-PB) - PCPartPicker
2024-01-17,237516.0,PNY RTX A-Series RTX A5000 24 GB Video Card (VCNRTXA5000-PB) - PCPartPicker
2024-01-18,237099.0,PNY RTX A-Series RTX A5000 24 GB Video Card (VCNRTXA5000-PB) - PCPartPicker
2024-01-19,237099.0,PNY RTX A-Series RTX A5000 24 GB Video Card (VCNRTXA5000-PB) - PCPartPicker
2024-01-20,237099.0,PNY RTX A-Series RTX A5000 24 GB Video Card (VCNRTXA5000-PB) - PCPartPicker
2024-01-21,237099.0,PNY RTX A-Series RTX A5000 24 GB Video Card (VCNRTXA5000-PB) - PCPartPicker
2024-01-22,237099.0,PNY RTX A-Series RTX A5000 24 GB Video Card (VCNRTXA5000-PB) - PCPartPicker
2024-01-23,237099.0,PNY RTX A-Series RTX A5000 24 GB Video Card (VCNRTXA5000-PB) - PCPartPicker
2024-01-24,237099.0,PNY RTX A-Series RTX A5000 24 GB Video Card (VCNRTXA5000-PB) - PCPartPicker
2024-01-25,237099.0,PNY RTX A-Series RTX A5000 24 GB Video Card (VCNRTXA5000-PB) - PCPartPicker
2024-01-26,237099.0,PNY RTX A-Series RTX A5000 24 GB Video Card (VCNRTXA5000-PB) - PCPartPicker
2024-01-27,237099.0,PNY RTX A-Series RTX A5000 24 GB Video Card (VCNRTXA5000-PB) - PCPartPicker
2024-01-28,237099.0,PNY RTX A-Series RTX A5000 24 GB Video Card (VCNRTXA5000-PB) - PCPartPicker
2024-01-29,237099.0,PNY RTX A-Series RTX A5000 24 GB Video Card (VCNRTXA5000-PB) - PCPartPicker
2024-01-30,237099.0,PNY RTX A-Series RTX A5000 24 GB Video Card (VCNRTXA5000-PB) - PCPartPicker
2024-01-31,237099.0,PNY RTX A-Series RTX A5000 24 GB Video Card (VCNRTXA5000-PB) - PCPartPicker
2024-02-01,237099.0,PNY RTX A-Series RTX A5000 24 GB Video Card (VCNRTXA5000-PB) - PCPartPicker
2024-02-02,237099.0,PNY RTX A-Series RTX A5000 24 GB Video Card (VCNRTXA5000-PB) - PCPartPicker
2024-02-03,237099.0,PNY RTX A-Series RTX A5000 24 GB Video Card (VCNRTXA5000-PB) - PCPartPicker
2024-02-04,237099.0,PNY RTX A-Series RTX A5000 24 GB Video Card (VCNRTXA5000-PB) - PCPartPicker
2024-02-05,237099.0,PNY RTX A-Series RTX A5000 24 GB Video Card (VCNRTXA5000-PB) - PCPartPicker
2024-02-06,237099.0,PNY RTX A-Series RTX A5000 24 GB Video Card (VCNRTXA5000-PB) - PCPartPicker
2024-02-07,237099.0,PNY RTX A-Series RTX A5000 24 GB Video Card (VCNRTXA5000-PB) - PCPartPicker
2024-02-08,237099.0,PNY RTX A-Series RTX A5000 24 GB Video Card (VCNRTXA5000-PB) - PCPartPicker
2024-02-09,237099.0,PNY RTX A-Series RTX A5000 24 GB Video Card (VCNRTXA5000-PB) - PCPartPicker
2024-02-10,237099.0,PNY RTX A-Series RTX A5000 24 GB Video Card (VCNRTXA5000-PB) - PCPartPicker
2024-02-11,237099.0,PNY RTX A-Series RTX A5000 24 GB Video Card (VCNRTXA5000-PB) - PCPartPicker
2024-02-12,237099.0,PNY RTX A-Series RTX A5000 24 GB Video Card (VCNRTXA5000-PB) - PCPartPicker
2024-02-13,234999.0,PNY RTX A-Series RTX A5000 24 GB Video Card (VCNRTXA5000-PB) - PCPartPicker
2024-02-14,234999.0,PNY RTX A-Series RTX A5000 24 GB Video Card (VCNRTXA5000-PB) - PCPartPicker
2024-02-15,234999.0,PNY RTX A-Series RTX A5000 24 GB Video Card (VCNRTXA5000-PB) - PCPartPicker
2024-02-16,234999.0,PNY RTX A-Series RTX A5000 24 GB Video Card (VCNRTXA5000-PB) - PCPartPicker
2024-02-17,234999.0,PNY RTX A-Series RTX A5000 24 GB Video Card (VCNRTXA5000-PB) - PCPartPicker
2024-02-18,234999.0,PNY RTX A-Series RTX A5000 24 GB Video Card (VCNRTXA5000-PB) - PCPartPicker
2024-02-19,234999.0,PNY RTX A-Series RTX A5000 24 GB Video Card (VCNRTXA5000-PB) - PCPartPicker
2024-02-20,234999.0,PNY RTX A-Series RTX A5000 24 GB Video Card (VCNRTXA5000-PB) - PCPartPicker
2024-02-21,234999.0,PNY RTX A-Series RTX A5000 24 GB Video Card (VCNRTXA5000-PB) - PCPartPicker
2024-02-22,231499.0,PNY RTX A-Series RTX A5000 24 GB Video Card (VCNRTXA5000-PB) - PCPartPicker
2024-02-23,231499.0,PNY RTX A-Series RTX A5000 24 GB Video Card (VCNRTXA5000-PB) - PCPartPicker
2024-02-24,231499.0,PNY RTX A-Series RTX A5000 24 GB Video Card (VCNRTXA5000-PB) - PCPartPicker
2024-02-25,231499.0,PNY RTX A-Series RTX A5000 24 GB Video Card (VCNRTXA5000-PB) - PCPartPicker
2024-02-26,231499.0,PNY RTX A-Series RTX A5000 24 GB Video Card (VCNRTXA5000-PB) - PCPartPicker
2024-02-27,231499.0,PNY RTX A-Series RTX A5000 24 GB Video Card (VCNRTXA5000-PB) - PCPartPicker
2024-02-28,231499.0,PNY RTX A-Series RTX A5000 24 GB Video Card (VCNRTXA5000-PB) - PCPartPicker
2024-02-29,231499.0,PNY RTX A-Series RTX A5000 24 GB Video Card (VCNRTXA5000-PB) - PCPartPicker
2024-03-01,231499.0,PNY RTX A-Series RTX A5000 24 GB Video Card (VCNRTXA5000-PB) - PCPartPicker
2024-03-02,231499.0,PNY RTX A-Series RTX A5000 24 GB Video Card (VCNRTXA5000-PB) - PCPartPicker
2024-03-03,231499.0,PNY RTX A-Series RTX A5000 24 GB Video Card (VCNRTXA5000-PB) - PCPartPicker
2024-03-04,231499.0,PNY RTX A-Series RTX A5000 24 GB Video Card (VCNRTXA5000-PB) - PCPartPicker
2024-03-05,231499.0,PNY RTX A-Series RTX A5000 24 GB Video Card (VCNRTXA5000-PB) - PCPartPicker
2024-03-06,231499.0,PNY RTX A-Series RTX A5000 24 GB Video Card (VCNRTXA5000-PB) - PCPartPicker
2024-03-07,231499.0,PNY RTX A-Series RTX A5000 24 GB Video Card (VCNRTXA5000-PB) - PCPartPicker
2024-03-08,231499.0,PNY RTX A-Series RTX A5000 24 GB Video Card (VCNRTXA5000-PB) - PCPartPicker
2024-03-09,231499.0,PNY RTX A-Series RTX A5000 24 GB Video Card (VCNRTXA5000-PB) - PCPartPicker
2024-03-10,231499.0,PNY RTX A-Series RTX A5000 24 GB Video Card (VCNRTXA5000-PB) - PCPartPicker
2024-03-11,231499.0,PNY RTX A-Series RTX A5000 24 GB Video Card (VCNRTXA5000-PB) - PCPartPicker
2024-03-12,231499.0,PNY RTX A-Series RTX A5000 24 GB Video Card (VCNRTXA5000-PB) - PCPartPicker
2024-03-13,231499.0,PNY RTX A-Series RTX A5000 24 GB Video Card (VCNRTXA5000-PB) - PCPartPicker
2024-03-14,234949.5,PNY RTX A-Series RTX A5000 24 GB Video Card (VCNRTXA5000-PB) - PCPartPicker
2024-03-15,234949.5,PNY RTX A-Series RTX A5000 24 GB Video Card (VCNRTXA5000-PB) - PCPartPicker
2024-03-16,234949.5,PNY RTX A-Series RTX A5000 24 GB Video Card (VCNRTXA5000-PB) - PCPartPicker
2024-03-17,234949.5,PNY RTX A-Series RTX A5000 24 GB Video Card (VCNRTXA5000-PB) - PCPartPicker
2024-03-18,234949.5,PNY RTX A-Series RTX A5000 24 GB Video Card (VCNRTXA5000-PB) - PCPartPicker
2024-03-19,234949.5,PNY RTX A-Series RTX A5000 24 GB Video Card (VCNRTXA5000-PB) - PCPartPicker
2024-03-20,234949.5,PNY RTX A-Series RTX A5000 24 GB Video Card (VCNRTXA5000-PB) - PCPartPicker
2024-03-21,234949.5,PNY RTX A-Series RTX A5000 24 GB Video Card (VCNRTXA5000-PB) - PCPartPicker
2024-03-22,234949.5,PNY RTX A-Series RTX A5000 24 GB Video Card (VCNRTXA5000-PB) - PCPartPicker
2024-03-23,234949.5,PNY RTX A-Series RTX A5000 24 GB Video Card (VCNRTXA5000-PB) - PCPartPicker
2024-03-24,234949.5,PNY RTX A-Series RTX A5000 24 GB Video Card (VCNRTXA5000-PB) - PCPartPicker
2024-03-25,234949.5,PNY RTX A-Series RTX A5000 24 GB Video Card (VCNRTXA5000-PB) - PCPartPicker
2024-03-26,234949.5,PNY RTX A-Series RTX A5000 24 GB Video Card (VCNRTXA5000-PB) - PCPartPicker
2024-03-27,234949.5,PNY RTX A-Series RTX A5000 24 GB Video Card (VCNRTXA5000-PB) - PCPartPicker
2024-03-28,234949.5,PNY RTX A-Series RTX A5000 24 GB Video Card (VCNRTXA5000-PB) - PCPartPicker
2024-03-29,234949.5,PNY RTX A-Series RTX A5000 24 GB Video Card (VCNRTXA5000-PB) - PCPartPicker
2024-03-30,234949.5,PNY RTX A-Series RTX A5000 24 GB Video Card (VCNRTXA5000-PB) - PCPartPicker
2024-03-31,234949.5,PNY RTX A-Series RTX A5000 24 GB Video Card (VCNRTXA5000-PB) - PCPartPicker
2024-04-01,234949.5,PNY RTX A-Series RTX A5000 24 GB Video Card (VCNRTXA5000-PB) - PCPartPicker
2024-04-02,234949.5,PNY RTX A-Series RTX A5000 24 GB Video Card (VCNRTXA5000-PB) - PCPartPicker
2024-04-03,234949.5,PNY RTX A-Series RTX A5000 24 GB Video Card (VCNRTXA5000-PB) - PCPartPicker
2024-04-04,234949.5,PNY RTX A-Series RTX A5000 24 GB Video Card (VCNRTXA5000-PB) - PCPartPicker
2024-04-05,234949.5,PNY RTX A-Series RTX A5000 24 GB Video Card (VCNRTXA5000-PB) - PCPartPicker
2024-04-06,234949.5,PNY RTX A-Series RTX A5000 24 GB Video Card (VCNRTXA5000-PB) - PCPartPicker
2024-04-07,234949.5,PNY RTX A-Series RTX A5000 24 GB Video Card (VCNRTXA5000-PB) - PCPartPicker
2024-04-08,234949.5,PNY RTX A-Series RTX A5000 24 GB Video Card (VCNRTXA5000-PB) - PCPartPicker
2024-04-09,234949.5,PNY RTX A-Series RTX A5000 24 GB Video Card (VCNRTXA5000-PB) - PCPartPicker
2024-04-10,234949.5,PNY RTX A-Series RTX A5000 24 GB Video Card (VCNRTXA5000-PB) - PCPartPicker
2024-04-11,234949.5,PNY RTX A-Series RTX A5000 24 GB Video Card (VCNRTXA5000-PB) - PCPartPicker
2024-04-12,234949.5,PNY RTX A-Series RTX A5000 24 GB Video Card (VCNRTXA5000-PB) - PCPartPicker
2024-04-13,234949.5,PNY RTX A-Series RTX A5000 24 GB Video Card (VCNRTXA5000-PB) - PCPartPicker
2024-04-14,234949.5,PNY RTX A-Series RTX A5000 24 GB Video Card (VCNRTXA5000-PB) - PCPartPicker
2024-04-15,234949.5,PNY RTX A-Series RTX A5000 24 GB Video Card (VCNRTXA5000-PB) - PCPartPicker
2024-04-16,234949.5,PNY RTX A-Series RTX A5000 24 GB Video Card (VCNRTXA5000-PB) - PCPartPicker
2024-04-17,234949.5,PNY RTX A-Series RTX A5000 24 GB Video Card (VCNRTXA5000-PB) - PCPartPicker
2024-04-18,234949.5,PNY RTX A-Series RTX A5000 24 GB Video Card (VCNRTXA5000-PB) - PCPartPicker
2024-04-19,234949.5,PNY RTX A-Series RTX A5000 24 GB Video Card (VCNRTXA5000-PB) - PCPartPicker
2024-04-20,234949.5,PNY RTX A-Series RTX A5000 24 GB Video Card (VCNRTXA5000-PB) - PCPartPicker
2024-04-21,234949.5,PNY RTX A-Series RTX A5000 24 GB Video Card (VCNRTXA5000-PB) - PCPartPicker
2024-04-22,234949.5,PNY RTX A-Series RTX A5000 24 GB Video Card (VCNRTXA5000-PB) - PCPartPicker
2024-04-23,234949.5,PNY RTX A-Series RTX A5000 24 GB Video Card (VCNRTXA5000-PB) - PCPartPicker
2024-04-24,234949.5,PNY RTX A-Series RTX A5000 24 GB Video Card (VCNRTXA5000-PB) - PCPartPicker
2024-04-25,234949.5,PNY RTX A-Series RTX A5000 24 GB Video Card (VCNRTXA5000-PB) - PCPartPicker
2024-04-26,234949.5,PNY RTX A-Series RTX A5000 24 GB Video Card (VCNRTXA5000-PB) - PCPartPicker
2024-04-27,234949.5,PNY RTX A-Series RTX A5000 24 GB Video Card (VCNRTXA5000-PB) - PCPartPicker
2024-04-28,234949.5,PNY RTX A-Series RTX A5000 24 GB Video Card (VCNRTXA5000-PB) - PCPartPicker
2024-04-29,234949.5,PNY RTX A-Series RTX A5000 24 GB Video Card (VCNRTXA5000-PB) - PCPartPicker
2024-04-30,234949.5,PNY RTX A-Series RTX A5000 24 GB Video Card (VCNRTXA5000-PB) - PCPartPicker
2024-05-01,234949.5,PNY RTX A-Series RTX A5000 24 GB Video Card (VCNRTXA5000-PB) - PCPartPicker
2024-05-02,234949.5,PNY RTX A-Series RTX A5000 24 GB Video Card (VCNRTXA5000-PB) - PCPartPicker
2024-05-03,234949.5,PNY RTX A-Series RTX A5000 24 GB Video Card (VCNRTXA5000-PB) - PCPartPicker
2024-05-04,234949.5,PNY RTX A-Series RTX A5000 24 GB Video Card (VCNRTXA5000-PB) - PCPartPicker
2024-05-05,234949.5,PNY RTX A-Series RTX A5000 24 GB Video Card (VCNRTXA5000-PB) - PCPartPicker
2024-05-06,234949.5,PNY RTX A-Series RTX A5000 24 GB Video Card (VCNRTXA5000-PB) - PCPartPicker
2024-05-07,234949.5,PNY RTX A-Series RTX A5000 24 GB Video Card (VCNRTXA5000-PB) - PCPartPicker
2024-05-08,234949.5,PNY RTX A-Series RTX A5000 24 GB Video Card (VCNRTXA5000-PB) - PCPartPicker
2024-05-09,234949.5,PNY RTX A-Series RTX A5000 24 GB Video Card (VCNRTXA5000-PB) - PCPartPicker
2024-05-10,234949.5,PNY RTX A-Series RTX A5000 24 GB Video Card (VCNRTXA5000-PB) - PCPartPicker
2024-05-11,234949.5,PNY RTX A-Series RTX A5000 24 GB Video Card (VCNRTXA5000-PB) - PCPartPicker
2024-05-12,234949.5,PNY RTX A-Series RTX A5000 24 GB Video Card (VCNRTXA5000-PB) - PCPartPicker
2024-05-13,234949.5,PNY RTX A-Series RTX A5000 24 GB Video Card (VCNRTXA5000-PB) - PCPartPicker
2024-05-14,234949.5,PNY RTX A-Series RTX A5000 24 GB Video Card (VCNRTXA5000-PB) - PCPartPicker
2024-05-15,234949.5,PNY RTX A-Series RTX A5000 24 GB Video Card (VCNRTXA5000-PB) - PCPartPicker
2024-05-16,234949.5,PNY RTX A-Series RTX A5000 24 GB Video Card (VCNRTXA5000-PB) - PCPartPicker
2024-05-17,234949.5,PNY RTX A-Series RTX A5000 24 GB Video Card (VCNRTXA5000-PB) - PCPartPicker
2024-05-18,234949.5,PNY RTX A-Series RTX A5000 24 GB Video Card (VCNRTXA5000-PB) - PCPartPicker
2024-05-19,234949.5,PNY RTX A-Series RTX A5000 24 GB Video Card (VCNRTXA5000-PB) - PCPartPicker
2024-05-20,234949.5,PNY RTX A-Series RTX A5000 24 GB Video Card (VCNRTXA5000-PB) - PCPartPicker
2024-05-21,234949.5,PNY RTX A-Series RTX A5000 24 GB Video Card (VCNRTXA5000-PB) - PCPartPicker
2024-05-22,234949.5,PNY RTX A-Series RTX A5000 24 GB Video Card (VCNRTXA5000-PB) - PCPartPicker
2024-05-23,231499.0,PNY RTX A-Series RTX A5000 24 GB Video Card (VCNRTXA5000-PB) - PCPartPicker
2024-05-24,231499.0,PNY RTX A-Series RTX A5000 24 GB Video Card (VCNRTXA5000-PB) - PCPartPicker
2024-05-25,231499.0,PNY RTX A-Series RTX A5000 24 GB Video Card (VCNRTXA5000-PB) - PCPartPicker
2024-05-26,231499.0,PNY RTX A-Series RTX A5000 24 GB Video Card (VCNRTXA5000-PB) - PCPartPicker
2024-05-27,231499.0,PNY RTX A-Series RTX A5000 24 GB Video Card (VCNRTXA5000-PB) - PCPartPicker
2024-05-28,231499.0,PNY RTX A-Series RTX A5000 24 GB Video Card (VCNRTXA5000-PB) - PCPartPicker
2024-05-29,231499.0,PNY RTX A-Series RTX A5000 24 GB Video Card (VCNRTXA5000-PB) - PCPartPicker
2024-05-30,231499.0,PNY RTX A-Series RTX A5000 24 GB Video Card (VCNRTXA5000-PB) - PCPartPicker
2024-05-31,231499.0,PNY RTX A-Series RTX A5000 24 GB Video Card (VCNRTXA5000-PB) - PCPartPicker
2024-06-01,231499.0,PNY RTX A-Series RTX A5000 24 GB Video Card (VCNRTXA5000-PB) - PCPartPicker
2024-06-02,231499.0,PNY RTX A-Series RTX A5000 24 GB Video Card (VCNRTXA5000-PB) - PCPartPicker
2024-06-03,231499.0,PNY RTX A-Series RTX A5000 24 GB Video Card (VCNRTXA5000-PB) - PCPartPicker
2024-06-04,231499.0,PNY RTX A-Series RTX A5000 24 GB Video Card (VCNRTXA5000-PB) - PCPartPicker
2024-06-05,231499.0,PNY RTX A-Series RTX A5000 24 GB Video Card (VCNRTXA5000-PB) - PCPartPicker
2024-06-06,231499.0,PNY RTX A-Series RTX A5000 24 GB Video Card (VCNRTXA5000-PB) - PCPartPicker
2024-06-07,231499.0,PNY RTX A-Series RTX A5000 24 GB Video Card (VCNRTXA5000-PB) - PCPartPicker
2024-06-08,231499.0,PNY RTX A-Series RTX A5000 24 GB Video Card (VCNRTXA5000-PB) - PCPartPicker
2024-06-09,231499.0,PNY RTX A-Series RTX A5000 24 GB Video Card (VCNRTXA5000-PB) - PCPartPicker
2024-06-10,231499.0,PNY RTX A-Series RTX A5000 24 GB Video Card (VCNRTXA5000-PB) - PCPartPicker
2024-06-11,231499.0,PNY RTX A-Series RTX A5000 24 GB Video Card (VCNRTXA5000-PB) - PCPartPicker
2024-06-12,231499.0,PNY RTX A-Series RTX A5000 24 GB Video Card (VCNRTXA5000-PB) - PCPartPicker
2024-06-13,231499.0,PNY RTX A-Series RTX A5000 24 GB Video Card (VCNRTXA5000-PB) - PCPartPicker
2024-06-14,231499.0,PNY RTX A-Series RTX A5000 24 GB Video Card (VCNRTXA5000-PB) - PCPartPicker
2024-06-15,231499.0,PNY RTX A-Series RTX A5000 24 GB Video Card (VCNRTXA5000-PB) - PCPartPicker
2024-06-16,231499.0,PNY RTX A-Series RTX A5000 24 GB Video Card (VCNRTXA5000-PB) - PCPartPicker
2024-06-17,231499.0,PNY RTX A-Series RTX A5000 24 GB Video Card (VCNRTXA5000-PB) - PCPartPicker
2024-06-18,231499.0,PNY RTX A-Series RTX A5000 24 GB Video Card (VCNRTXA5000-PB) - PCPartPicker
2024-06-19,231499.0,PNY RTX A-Series RTX A5000 24 GB Video Card (VCNRTXA5000-PB) - PCPartPicker
2024-06-20,231499.0,PNY RTX A-Series RTX A5000 24 GB Video Card (VCNRTXA5000-PB) - PCPartPicker
2024-06-21,231499.0,PNY RTX A-Series RTX A5000 24 GB Video Card (VCNRTXA5000-PB) - PCPartPicker
2024-06-22,231499.0,PNY RTX A-Series RTX A5000 24 GB Video Card (VCNRTXA5000-PB) - PCPartPicker
2024-06-23,231499.0,PNY RTX A-Series RTX A5000 24 GB Video Card (VCNRTXA5000-PB) - PCPartPicker
2024-06-24,231499.0,PNY RTX A-Series RTX A5000 24 GB Video Card (VCNRTXA5000-PB) - PCPartPicker
2024-06-25,231499.0,PNY RTX A-Series RTX A5000 24 GB Video Card (VCNRTXA5000-PB) - PCPartPicker
2024-06-26,231499.0,PNY RTX A-Series RTX A5000 24 GB Video Card (VCNRTXA5000-PB) - PCPartPicker
2024-06-27,231499.0,PNY RTX A-Series RTX A5000 24 GB Video Card (VCNRTXA5000-PB) - PCPartPicker
2024-06-28,231499.0,PNY RTX A-Series RTX A5000 24 GB Video Card (VCNRTXA5000-PB) - PCPartPicker
2024-06-29,231499.0,PNY RTX A-Series RTX A5000 24 GB Video Card (VCNRTXA5000-PB) - PCPartPicker
2024-06-30,231499.0,PNY RTX A-Series RTX A5000 24 GB Video Card (VCNRTXA5000-PB) - PCPartPicker
2024-07-01,231499.0,PNY RTX A-Series RTX A5000 24 GB Video Card (VCNRTXA5000-PB) - PCPartPicker
2024-07-02,231499.0,PNY RTX A-Series RTX A5000 24 GB Video Card (VCNRTXA5000-PB) - PCPartPicker
2024-07-03,231499.0,PNY RTX A-Series RTX A5000 24 GB Video Card (VCNRTXA5000-PB) - PCPartPicker
2024-07-04,231499.0,PNY RTX A-Series RTX A5000 24 GB Video Card (VCNRTXA5000-PB) - PCPartPicker
2024-07-05,231499.0,PNY RTX A-Series RTX A5000 24 GB Video Card (VCNRTXA5000-PB) - PCPartPicker
2024-07-06,231499.0,PNY RTX A-Series RTX A5000 24 GB Video Card (VCNRTXA5000-PB) - PCPartPicker
2024-07-07,231499.0,PNY RTX A-Series RTX A5000 24 GB Video Card (VCNRTXA5000-PB) - PCPartPicker
2024-07-08,231499.0,PNY RTX A-Series RTX A5000 24 GB Video Card (VCNRTXA5000-PB) - PCPartPicker
2024-07-09,231499.0,PNY RTX A-Series RTX A5000 24 GB Video Card (VCNRTXA5000-PB) - PCPartPicker
2024-07-10,231499.0,PNY RTX A-Series RTX A5000 24 GB Video Card (VCNRTXA5000-PB) - PCPartPicker
2024-07-11,231499.0,PNY RTX A-Series RTX A5000 24 GB Video Card (VCNRTXA5000-PB) - PCPartPicker
2024-07-12,231499.0,PNY RTX A-Series RTX A5000 24 GB Video Card (VCNRTXA5000-PB) - PCPartPicker
2024-07-13,231499.0,PNY RTX A-Series RTX A5000 24 GB Video Card (VCNRTXA5000-PB) - PCPartPicker
2024-07-14,231499.0,PNY RTX A-Series RTX A5000 24 GB Video Card (VCNRTXA5000-PB) - PCPartPicker
2024-07-15,231499.0,PNY RTX A-Series RTX A5000 24 GB Video Card (VCNRTXA5000-PB) - PCPartPicker
2024-07-16,231499.0,PNY RTX A-Series RTX A5000 24 GB Video Card (VCNRTXA5000-PB) - PCPartPicker
2024-07-17,231499.0,PNY RTX A-Series RTX A5000 24 GB Video Card (VCNRTXA5000-PB) - PCPartPicker
2024-07-18,231499.0,PNY RTX A-Series RTX A5000 24 GB Video Card (VCNRTXA5000-PB) - PCPartPicker
2024-07-19,231499.0,PNY RTX A-Series RTX A5000 24 GB Video Card (VCNRTXA5000-PB) - PCPartPicker
2024-07-20,231499.0,PNY RTX A-Series RTX A5000 24 GB Video Card (VCNRTXA5000-PB) - PCPartPicker
2024-07-21,231499.0,PNY RTX A-Series RTX A5000 24 GB Video Card (VCNRTXA5000-PB) - PCPartPicker
2024-07-22,231499.0,PNY RTX A-Series RTX A5000 24 GB Video Card (VCNRTXA5000-PB) - PCPartPicker
2024-07-23,231499.0,PNY RTX A-Series RTX A5000 24 GB Video Card (VCNRTXA5000-PB) - PCPartPicker
2024-07-24,231499.0,PNY RTX A-Series RTX A5000 24 GB Video Card (VCNRTXA5000-PB) - PCPartPicker
2024-07-25,231449.5,PNY RTX A-Series RTX A5000 24 GB Video Card (VCNRTXA5000-PB) - PCPartPicker
2024-07-26,231449.5,PNY RTX A-Series RTX A5000 24 GB Video Card (VCNRTXA5000-PB) - PCPartPicker
2024-07-27,231449.5,PNY RTX A-Series RTX A5000 24 GB Video Card (VCNRTXA5000-PB) - PCPartPicker
2024-07-28,231449.5,PNY RTX A-Series RTX A5000 24 GB Video Card (VCNRTXA5000-PB) - PCPartPicker
2024-07-29,231449.5,PNY RTX A-Series RTX A5000 24 GB Video Card (VCNRTXA5000-PB) - PCPartPicker
2024-07-30,231449.5,PNY RTX A-Series RTX A5000 24 GB Video Card (VCNRTXA5000-PB) - PCPartPicker
2024-07-31,231449.5,PNY RTX A-Series RTX A5000 24 GB Video Card (VCNRTXA5000-PB) - PCPartPicker
2024-08-01,231449.5,PNY RTX A-Series RTX A5000 24 GB Video Card (VCNRTXA5000-PB) - PCPartPicker
2024-08-02,231449.5,PNY RTX A-Series RTX A5000 24 GB Video Card (VCNRTXA5000-PB) - PCPartPicker
2024-08-03,231449.5,PNY RTX A-Series RTX A5000 24 GB Video Card (VCNRTXA5000-PB) - PCPartPicker
2024-08-04,231449.5,PNY RTX A-Series RTX A5000 24 GB Video Card (VCNRTXA5000-PB) - PCPartPicker
2024-08-05,231449.5,PNY RTX A-Series RTX A5000 24 GB Video Card (VCNRTXA5000-PB) - PCPartPicker
2024-08-06,231449.5,PNY RTX A-Series RTX A5000 24 GB Video Card (VCNRTXA5000-PB) - PCPartPicker
2024-08-07,231449.5,PNY RTX A-Series RTX A5000 24 GB Video Card (VCNRTXA5000-PB) - PCPartPicker
2024-08-08,231449.5,PNY RTX A-Series RTX A5000 24 GB Video Card (VCNRTXA5000-PB) - PCPartPicker
2024-08-09,231449.5,PNY RTX A-Series RTX A5000 24 GB Video Card (VCNRTXA5000-PB) - PCPartPicker
2024-08-10,231449.5,PNY RTX A-Series RTX A5000 24 GB Video Card (VCNRTXA5000-PB) - PCPartPicker
2024-08-11,231449.5,PNY RTX A-Series RTX A5000 24 GB Video Card (VCNRTXA5000-PB) - PCPartPicker
2024-08-12,231449.5,PNY RTX A-Series RTX A5000 24 GB Video Card (VCNRTXA5000-PB) - PCPartPicker
2024-08-13,231449.5,PNY RTX A-Series RTX A5000 24 GB Video Card (VCNRTXA5000-PB) - PCPartPicker
2024-08-14,231449.5,PNY RTX A-Series RTX A5000 24 GB Video Card (VCNRTXA5000-PB) - PCPartPicker
2024-08-15,231449.5,PNY RTX A-Series RTX A5000 24 GB Video Card (VCNRTXA5000-PB) - PCPartPicker
2024-08-16,231449.5,PNY RTX A-Series RTX A5000 24 GB Video Card (VCNRTXA5000-PB) - PCPartPicker
2024-08-17,231449.5,PNY RTX A-Series RTX A5000 24 GB Video Card (VCNRTXA5000-PB) - PCPartPicker
2024-08-18,231449.5,PNY RTX A-Series RTX A5000 24 GB Video Card (VCNRTXA5000-PB) - PCPartPicker
2024-08-19,231449.5,PNY RTX A-Series RTX A5000 24 GB Video Card (VCNRTXA5000-PB) - PCPartPicker
2024-08-20,231449.5,PNY RTX A-Series RTX A5000 24 GB Video Card (VCNRTXA5000-PB) - PCPartPicker
2024-08-21,231449.5,PNY RTX A-Series RTX A5000 24 GB Video Card (VCNRTXA5000-PB) - PCPartPicker
2024-08-22,231449.5,PNY RTX A-Series RTX A5000 24 GB Video Card (VCNRTXA5000-PB) - PCPartPicker
2024-08-23,231449.5,PNY RTX A-Series RTX A5000 24 GB Video Card (VCNRTXA5000-PB) - PCPartPicker
2024-08-24,231449.5,PNY RTX A-Series RTX A5000 24 GB Video Card (VCNRTXA5000-PB) - PCPartPicker
2024-08-25,231449.5,PNY RTX A-Series RTX A5000 24 GB Video Card (VCNRTXA5000-PB) - PCPartPicker
2024-08-26,231449.5,PNY RTX A-Series RTX A5000 24 GB Video Card (VCNRTXA5000-PB) - PCPartPicker
2024-08-27,231449.5,PNY RTX A-Series RTX A5000 24 GB Video Card (VCNRTXA5000-PB) - PCPartPicker
2024-08-28,231449.5,PNY RTX A-Series RTX A5000 24 GB Video Card (VCNRTXA5000-PB) - PCPartPicker
2024-08-29,231449.5,PNY RTX A-Series RTX A5000 24 GB Video Card (VCNRTXA5000-PB) - PCPartPicker
2024-08-30,231449.5,PNY RTX A-Series RTX A5000 24 GB Video Card (VCNRTXA5000-PB) - PCPartPicker
2024-08-31,231449.5,PNY RTX A-Series RTX A5000 24 GB Video Card (VCNRTXA5000-PB) - PCPartPicker
2024-09-01,231449.5,PNY RTX A-Series RTX A5000 24 GB Video Card (VCNRTXA5000-PB) - PCPartPicker
2024-09-02,231449.5,PNY RTX A-Series RTX A5000 24 GB Video Card (VCNRTXA5000-PB) - PCPartPicker
2024-09-03,231449.5,PNY RTX A-Series RTX A5000 24 GB Video Card (VCNRTXA5000-PB) - PCPartPicker
2024-09-04,231449.5,PNY RTX A-Series RTX A5000 24 GB Video Card (VCNRTXA5000-PB) - PCPartPicker
2024-09-05,231449.5,PNY RTX A-Series RTX A5000 24 GB Video Card (VCNRTXA5000-PB) - PCPartPicker
2024-09-06,231449.5,PNY RTX A-Series RTX A5000 24 GB Video Card (VCNRTXA5000-PB) - PCPartPicker
2024-09-07,231449.5,PNY RTX A-Series RTX A5000 24 GB Video Card (VCNRTXA5000-PB) - PCPartPicker
2024-09-08,231449.5,PNY RTX A-Series RTX A5000 24 GB Video Card (VCNRTXA5000-PB) - PCPartPicker
2024-09-09,231449.5,PNY RTX A-Series RTX A5000 24 GB Video Card (VCNRTXA5000-PB) - PCPartPicker
2024-09-10,231449.5,PNY RTX A-Series RTX A5000 24 GB Video Card (VCNRTXA5000-PB) - PCPartPicker
2024-09-11,231449.5,PNY RTX A-Series RTX A5000 24 GB Video Card (VCNRTXA5000-PB) - PCPartPicker
2024-09-12,231449.5,PNY RTX A-Series RTX A5000 24 GB Video Card (VCNRTXA5000-PB) - PCPartPicker
2024-09-13,231449.5,PNY RTX A-Series RTX A5000 24 GB Video Card (VCNRTXA5000-PB) - PCPartPicker
2024-09-14,231449.5,PNY RTX A-Series RTX A5000 24 GB Video Card (VCNRTXA5000-PB) - PCPartPicker
2024-09-15,231449.5,PNY RTX A-Series RTX A5000 24 GB Video Card (VCNRTXA5000-PB) - PCPartPicker
2024-09-16,231449.5,PNY RTX A-Series RTX A5000 24 GB Video Card (VCNRTXA5000-PB) - PCPartPicker
2024-09-17,231449.5,PNY RTX A-Series RTX A5000 24 GB Video Card (VCNRTXA5000-PB) - PCPartPicker
2024-09-18,231449.5,PNY RTX A-Series RTX A5000 24 GB Video Card (VCNRTXA5000-PB) - PCPartPicker
2024-09-19,227499.0,PNY RTX A-Series RTX A5000 24 GB Video Card (VCNRTXA5000-PB) - PCPartPicker
2024-09-20,227499.0,PNY RTX A-Series RTX A5000 24 GB Video Card (VCNRTXA5000-PB) - PCPartPicker
2024-09-21,227499.0,PNY RTX A-Series RTX A5000 24 GB Video Card (VCNRTXA5000-PB) - PCPartPicker
2024-09-22,227499.0,PNY RTX A-Series RTX A5000 24 GB Video Card (VCNRTXA5000-PB) - PCPartPicker
2024-09-23,227499.0,PNY RTX A-Series RTX A5000 24 GB Video Card (VCNRTXA5000-PB) - PCPartPicker
2024-09-24,227499.0,PNY RTX A-Series RTX A5000 24 GB Video Card (VCNRTXA5000-PB) - PCPartPicker
2024-09-25,227499.0,PNY RTX A-Series RTX A5000 24 GB Video Card (VCNRTXA5000-PB) - PCPartPicker
2024-09-26,227499.0,PNY RTX A-Series RTX A5000 24 GB Video Card (VCNRTXA5000-PB) - PCPartPicker
2024-09-27,227499.0,PNY RTX A-Series RTX A5000 24 GB Video Card (VCNRTXA5000-PB) - PCPartPicker
2024-09-28,227499.0,PNY RTX A-Series RTX A5000 24 GB Video Card (VCNRTXA5000-PB) - PCPartPicker
2024-09-29,227499.0,PNY RTX A-Series RTX A5000 24 GB Video Card (VCNRTXA5000-PB) - PCPartPicker
2024-09-30,227499.0,PNY RTX A-Series RTX A5000 24 GB Video Card (VCNRTXA5000-PB) - PCPartPicker
2024-10-01,227499.0,PNY RTX A-Series RTX A5000 24 GB Video Card (VCNRTXA5000-PB) - PCPartPicker
2024-10-02,227499.0,PNY RTX A-Series RTX A5000 24 GB Video Card (VCNRTXA5000-PB) - PCPartPicker
2024-10-03,239949.5,PNY RTX A-Series RTX A5000 24 GB Video Card (VCNRTXA5000-PB) - PCPartPicker
2024-10-04,229949.5,PNY RTX A-Series RTX A5000 24 GB Video Card (VCNRTXA5000-PB) - PCPartPicker
2024-10-05,229949.5,PNY RTX A-Series RTX A5000 24 GB Video Card (VCNRTXA5000-PB) - PCPartPicker
2024-10-06,229949.5,PNY RTX A-Series RTX A5000 24 GB Video Card (VCNRTXA5000-PB) - PCPartPicker
2024-10-07,229949.5,PNY RTX A-Series RTX A5000 24 GB Video Card (VCNRTXA5000-PB) - PCPartPicker
2024-10-08,229949.5,PNY RTX A-Series RTX A5000 24 GB Video Card (VCNRTXA5000-PB) - PCPartPicker
2024-10-09,229949.5,PNY RTX A-Series RTX A5000 24 GB Video Card (VCNRTXA5000-PB) - PCPartPicker
2024-10-10,229949.5,PNY RTX A-Series RTX A5000 24 GB Video Card (VCNRTXA5000-PB) - PCPartPicker
2024-10-11,229949.5,PNY RTX A-Series RTX A5000 24 GB Video Card (VCNRTXA5000-PB) - PCPartPicker
2024-10-12,229949.5,PNY RTX A-Series RTX A5000 24 GB Video Card (VCNRTXA5000-PB) - PCPartPicker
2024-10-13,229949.5,PNY RTX A-Series RTX A5000 24 GB Video Card (VCNRTXA5000-PB) - PCPartPicker
2024-10-14,229949.5,PNY RTX A-Series RTX A5000 24 GB Video Card (VCNRTXA5000-PB) - PCPartPicker
2024-10-15,229949.5,PNY RTX A-Series RTX A5000 24 GB Video Card (VCNRTXA5000-PB) - PCPartPicker
2024-10-16,229949.5,PNY RTX A-Series RTX A5000 24 GB Video Card (VCNRTXA5000-PB) - PCPartPicker
2024-10-17,229949.5,PNY RTX A-Series RTX A5000 24 GB Video Card (VCNRTXA5000-PB) - PCPartPicker
2024-10-18,229949.5,PNY RTX A-Series RTX A5000 24 GB Video Card (VCNRTXA5000-PB) - PCPartPicker
2024-10-19,229949.5,PNY RTX A-Series RTX A5000 24 GB Video Card (VCNRTXA5000-PB) - PCPartPicker
2024-10-20,229949.5,PNY RTX A-Series RTX A5000 24 GB Video Card (VCNRTXA5000-PB) - PCPartPicker
2024-10-21,229949.5,PNY RTX A-Series RTX A5000 24 GB Video Card (VCNRTXA5000-PB) - PCPartPicker
2024-10-22,229949.5,PNY RTX A-Series RTX A5000 24 GB Video Card (VCNRTXA5000-PB) - PCPartPicker
2024-10-23,229949.5,PNY RTX A-Series RTX A5000 24 GB Video Card (VCNRTXA5000-PB) - PCPartPicker
2024-10-24,229949.5,PNY RTX A-Series RTX A5000 24 GB Video Card (VCNRTXA5000-PB) - PCPartPicker
2024-10-25,229949.5,PNY RTX A-Series RTX A5000 24 GB Video Card (VCNRTXA5000-PB) - PCPartPicker
2024-10-26,229949.5,PNY RTX A-Series RTX A5000 24 GB Video Card (VCNRTXA5000-PB) - PCPartPicker
2024-10-27,229949.5,PNY RTX A-Series RTX A5000 24 GB Video Card (VCNRTXA5000-PB) - PCPartPicker
2024-10-28,229949.5,PNY RTX A-Series RTX A5000 24 GB Video Card (VCNRTXA5000-PB) - PCPartPicker
2024-10-29,229949.5,PNY RTX A-Series RTX A5000 24 GB Video Card (VCNRTXA5000-PB) - PCPartPicker
2024-10-30,229949.5,PNY RTX A-Series RTX A5000 24 GB Video Card (VCNRTXA5000-PB) - PCPartPicker
2024-10-31,229949.5,PNY RTX A-Series RTX A5000 24 GB Video Card (VCNRTXA5000-PB) - PCPartPicker
2024-11-01,229949.5,PNY RTX A-Series RTX A5000 24 GB Video Card (VCNRTXA5000-PB) - PCPartPicker
2024-11-02,229949.5,PNY RTX A-Series RTX A5000 24 GB Video Card (VCNRTXA5000-PB) - PCPartPicker
2024-11-03,229949.5,PNY RTX A-Series RTX A5000 24 GB Video Card (VCNRTXA5000-PB) - PCPartPicker
2024-11-04,229949.5,PNY RTX A-Series RTX A5000 24 GB Video Card (VCNRTXA5000-PB) - PCPartPicker
2024-11-05,229949.5,PNY RTX A-Series RTX A5000 24 GB Video Card (VCNRTXA5000-PB) - PCPartPicker
2024-11-06,229949.5,PNY RTX A-Series RTX A5000 24 GB Video Card (VCNRTXA5000-PB) - PCPartPicker
2024-11-07,229949.5,PNY RTX A-Series RTX A5000 24 GB Video Card (VCNRTXA5000-PB) - PCPartPicker
2024-11-08,229949.5,PNY RTX A-Series RTX A5000 24 GB Video Card (VCNRTXA5000-PB) - PCPartPicker
2024-11-09,229949.5,PNY RTX A-Series RTX A5000 24 GB Video Card (VCNRTXA5000-PB) - PCPartPicker
2024-11-10,229949.5,PNY RTX A-Series RTX A5000 24 GB Video Card (VCNRTXA5000-PB) - PCPartPicker
2024-11-11,232449.5,PNY RTX A-Series RTX A5000 24 GB Video Card (VCNRTXA5000-PB) - PCPartPicker
2024-11-12,232449.5,PNY RTX A-Series RTX A5000 24 GB Video Card (VCNRTXA5000-PB) - PCPartPicker
2024-11-13,232449.5,PNY RTX A-Series RTX A5000 24 GB Video Card (VCNRTXA5000-PB) - PCPartPicker
2024-11-14,232449.5,PNY RTX A-Series RTX A5000 24 GB Video Card (VCNRTXA5000-PB) - PCPartPicker
2024-11-15,232449.5,PNY RTX A-Series RTX A5000 24 GB Video Card (VCNRTXA5000-PB) - PCPartPicker
2024-11-16,232449.5,PNY RTX A-Series RTX A5000 24 GB Video Card (VCNRTXA5000-PB) - PCPartPicker
2024-11-17,232449.5,PNY RTX A-Series RTX A5000 24 GB Video Card (VCNRTXA5000-PB) - PCPartPicker
2024-11-18,232449.5,PNY RTX A-Series RTX A5000 24 GB Video Card (VCNRTXA5000-PB) - PCPartPicker
2024-11-19,232449.5,PNY RTX A-Series RTX A5000 24 GB Video Card (VCNRTXA5000-PB) - PCPartPicker
2024-11-20,232449.5,PNY RTX A-Series RTX A5000 24 GB Video Card (VCNRTXA5000-PB) - PCPartPicker
2024-11-21,232449.5,PNY RTX A-Series RTX A5000 24 GB Video Card (VCNRTXA5000-PB) - PCPartPicker
2024-11-22,232449.5,PNY RTX A-Series RTX A5000 24 GB Video Card (VCNRTXA5000-PB) - PCPartPicker
2024-11-23,232449.5,PNY RTX A-Series RTX A5000 24 GB Video Card (VCNRTXA5000-PB) - PCPartPicker
2024-11-24,232449.5,PNY RTX A-Series RTX A5000 24 GB Video Card (VCNRTXA5000-PB) - PCPartPicker
2024-11-25,232449.5,PNY RTX A-Series RTX A5000 24 GB Video Card (VCNRTXA5000-PB) - PCPartPicker
2024-11-26,232449.5,PNY RTX A-Series RTX A5000 24 GB Video Card (VCNRTXA5000-PB) - PCPartPicker
2024-11-27,232449.5,PNY RTX A-Series RTX A5000 24 GB Video Card (VCNRTXA5000-PB) - PCPartPicker
2024-11-28,232449.5,PNY RTX A-Series RTX A5000 24 GB Video Card (VCNRTXA5000-PB) - PCPartPicker
2024-11-29,232449.5,PNY RTX A-Series RTX A5000 24 GB Video Card (VCNRTXA5000-PB) - PCPartPicker
2024-11-30,232449.5,PNY RTX A-Series RTX A5000 24 GB Video Card (VCNRTXA5000-PB) - PCPartPicker
2024-12-01,232449.5,PNY RTX A-Series RTX A5000 24 GB Video Card (VCNRTXA5000-PB) - PCPartPicker
2024-12-02,232449.5,PNY RTX A-Series RTX A5000 24 GB Video Card (VCNRTXA5000-PB) - PCPartPicker
2024-12-03,232449.5,PNY RTX A-Series RTX A5000 24 GB Video Card (VCNRTXA5000-PB) - PCPartPicker
2024-12-04,232449.5,PNY RTX A-Series RTX A5000 24 GB Video Card (VCNRTXA5000-PB) - PCPartPicker
2024-12-05,232449.5,PNY RTX A-Series RTX A5000 24 GB Video Card (VCNRTXA5000-PB) - PCPartPicker
2024-12-06,232449.5,PNY RTX A-Series RTX A5000 24 GB Video Card (VCNRTXA5000-PB) - PCPartPicker
2024-12-07,232449.5,PNY RTX A-Series RTX A5000 24 GB Video Card (VCNRTXA5000-PB) - PCPartPicker
2024-12-08,232449.5,PNY RTX A-Series RTX A5000 24 GB Video Card (VCNRTXA5000-PB) - PCPartPicker
2024-12-09,232449.5,PNY RTX A-Series RTX A5000 24 GB Video Card (VCNRTXA5000-PB) - PCPartPicker
2024-12-10,232449.5,PNY RTX A-Series RTX A5000 24 GB Video Card (VCNRTXA5000-PB) - PCPartPicker
2024-12-11,232449.5,PNY RTX A-Series RTX A5000 24 GB Video Card (VCNRTXA5000-PB) - PCPartPicker
2024-12-12,232449.5,PNY RTX A-Series RTX A5000 24 GB Video Card (VCNRTXA5000-PB) - PCPartPicker
2024-12-13,232449.5,PNY RTX A-Series RTX A5000 24 GB Video Card (VCNRTXA5000-PB) - PCPartPicker
2024-12-14,232449.5,PNY RTX A-Series RTX A5000 24 GB Video Card (VCNRTXA5000-PB) - PCPartPicker
2024-12-15,232449.5,PNY RTX A-Series RTX A5000 24 GB Video Card (VCNRTXA5000-PB) - PCPartPicker
2024-12-16,232449.5,PNY RTX A-Series RTX A5000 24 GB Video Card (VCNRTXA5000-PB) - PCPartPicker
2024-12-17,232449.5,PNY RTX A-Series RTX A5000 24 GB Video Card (VCNRTXA5000-PB) - PCPartPicker
2024-12-18,232449.5,PNY RTX A-Series RTX A5000 24 GB Video Card (VCNRTXA5000-PB) - PCPartPicker
2024-12-19,232449.5,PNY RTX A-Series RTX A5000 24 GB Video Card (VCNRTXA5000-PB) - PCPartPicker
2024-12-20,232449.5,PNY RTX A-Series RTX A5000 24 GB Video Card (VCNRTXA5000-PB) - PCPartPicker
2024-12-21,232449.5,PNY RTX A-Series RTX A5000 24 GB Video Card (VCNRTXA5000-PB) - PCPartPicker
2024-12-22,232449.5,PNY RTX A-Series RTX A5000 24 GB Video Card (VCNRTXA5000-PB) - PCPartPicker
2024-12-23,232449.5,PNY RTX A-Series RTX A5000 24 GB Video Card (VCNRTXA5000-PB) - PCPartPicker
2024-12-24,232449.5,PNY RTX A-Series RTX A5000 24 GB Video Card (VCNRTXA5000-PB) - PCPartPicker
2024-12-25,232449.5,PNY RTX A-Series RTX A5000 24 GB Video Card (VCNRTXA5000-PB) - PCPartPicker
2024-12-26,232449.5,PNY RTX A-Series RTX A5000 24 GB Video Card (VCNRTXA5000-PB) - PCPartPicker
2024-12-27,232449.5,PNY RTX A-Series RTX A5000 24 GB Video Card (VCNRTXA5000-PB) - PCPartPicker
2024-12-28,232449.5,PNY RTX A-Series RTX A5000 24 GB Video Card (VCNRTXA5000-PB) - PCPartPicker
2024-12-29,232449.5,PNY RTX A-Series RTX A5000 24 GB Video Card (VCNRTXA5000-PB) - PCPartPicker
2024-12-30,232449.5,PNY RTX A-Series RTX A5000 24 GB Video Card (VCNRTXA5000-PB) - PCPartPicker
2024-12-31,232449.5,PNY RTX A-Series RTX A5000 24 GB Video Card (VCNRTXA5000-PB) - PCPartPicker
2025-01-01,232449.5,PNY RTX A-Series RTX A5000 24 GB Video Card (VCNRTXA5000-PB) - PCPartPicker
2025-01-02,232449.5,PNY RTX A-Series RTX A5000 24 GB Video Card (VCNRTXA5000-PB) - PCPartPicker
2025-01-03,232449.5,PNY RTX A-Series RTX A5000 24 GB Video Card (VCNRTXA5000-PB) - PCPartPicker
2025-01-04,232449.5,PNY RTX A-Series RTX A5000 24 GB Video Card (VCNRTXA5000-PB) - PCPartPicker
2025-01-05,232449.5,PNY RTX A-Series RTX A5000 24 GB Video Card (VCNRTXA5000-PB) - PCPartPicker
2025-01-06,232449.5,PNY RTX A-Series RTX A5000 24 GB Video Card (VCNRTXA5000-PB) - PCPartPicker
2025-01-07,232449.5,PNY RTX A-Series RTX A5000 24 GB Video Card (VCNRTXA5000-PB) - PCPartPicker
2025-01-08,232449.5,PNY RTX A-Series RTX A5000 24 GB Video Card (VCNRTXA5000-PB) - PCPartPicker
2025-01-09,232449.5,PNY RTX A-Series RTX A5000 24 GB Video Card (VCNRTXA5000-PB) - PCPartPicker
2025-01-10,232449.5,PNY RTX A-Series RTX A5000 24 GB Video Card (VCNRTXA5000-PB) - PCPartPicker
2025-01-11,232449.5,PNY RTX A-Series RTX A5000 24 GB Video Card (VCNRTXA5000-PB) - PCPartPicker
2025-01-12,232449.5,PNY RTX A-Series RTX A5000 24 GB Video Card (VCNRTXA5000-PB) - PCPartPicker
2025-01-13,232449.5,PNY RTX A-Series RTX A5000 24 GB Video Card (VCNRTXA5000-PB) - PCPartPicker
2025-01-14,232449.5,PNY RTX A-Series RTX A5000 24 GB Video Card (VCNRTXA5000-PB) - PCPartPicker
2025-01-15,232449.5,PNY RTX A-Series RTX A5000 24 GB Video Card (VCNRTXA5000-PB) - PCPartPicker
2025-01-16,232449.5,PNY RTX A-Series RTX A5000 24 GB Video Card (VCNRTXA5000-PB) - PCPartPicker
2025-01-17,232449.5,PNY RTX A-Series RTX A5000 24 GB Video Card (VCNRTXA5000-PB) - PCPartPicker
2025-01-18,232449.5,PNY RTX A-Series RTX A5000 24 GB Video Card (VCNRTXA5000-PB) - PCPartPicker
2025-01-19,232449.5,PNY RTX A-Series RTX A5000 24 GB Video Card (VCNRTXA5000-PB) - PCPartPicker
2025-01-20,232449.5,PNY RTX A-Series RTX A5000 24 GB Video Card (VCNRTXA5000-PB) - PCPartPicker
2025-01-21,232449.5,PNY RTX A-Series RTX A5000 24 GB Video Card (VCNRTXA5000-PB) - PCPartPicker
2025-01-22,232449.5,PNY RTX A-Series RTX A5000 24 GB Video Card (VCNRTXA5000-PB) - PCPartPicker
2025-01-23,232449.5,PNY RTX A-Series RTX A5000 24 GB Video Card (VCNRTXA5000-PB) - PCPartPicker
2025-01-24,232449.5,PNY RTX A-Series RTX A5000 24 GB Video Card (VCNRTXA5000-PB) - PCPartPicker
2025-01-25,232449.5,PNY RTX A-Series RTX A5000 24 GB Video Card (VCNRTXA5000-PB) - PCPartPicker
2025-01-26,232449.5,PNY RTX A-Series RTX A5000 24 GB Video Card (VCNRTXA5000-PB) - PCPartPicker
2025-01-27,232449.5,PNY RTX A-Series RTX A5000 24 GB Video Card (VCNRTXA5000-PB) - PCPartPicker
2025-01-28,232449.5,PNY RTX A-Series RTX A5000 24 GB Video Card (VCNRTXA5000-PB) - PCPartPicker
2025-01-29,232449.5,PNY RTX A-Series RTX A5000 24 GB Video Card (VCNRTXA5000-PB) - PCPartPicker
2025-01-30,232449.5,PNY RTX A-Series RTX A5000 24 GB Video Card (VCNRTXA5000-PB) - PCPartPicker
2025-01-31,232449.5,PNY RTX A-Series RTX A5000 24 GB Video Card (VCNRTXA5000-PB) - PCPartPicker
2025-02-01,232449.5,PNY RTX A-Series RTX A5000 24 GB Video Card (VCNRTXA5000-PB) - PCPartPicker
2025-02-02,232449.5,PNY RTX A-Series RTX A5000 24 GB Video Card (VCNRTXA5000-PB) - PCPartPicker
2025-02-03,232449.5,PNY RTX A-Series RTX A5000 24 GB Video Card (VCNRTXA5000-PB) - PCPartPicker
2025-02-04,232449.5,PNY RTX A-Series RTX A5000 24 GB Video Card (VCNRTXA5000-PB) - PCPartPicker
2025-02-05,232449.5,PNY RTX A-Series RTX A5000 24 GB Video Card (VCNRTXA5000-PB) - PCPartPicker
2025-02-06,232449.5,PNY RTX A-Series RTX A5000 24 GB Video Card (VCNRTXA5000-PB) - PCPartPicker
2025-02-07,232449.5,PNY RTX A-Series RTX A5000 24 GB Video Card (VCNRTXA5000-PB) - PCPartPicker
2025-02-08,232449.5,PNY RTX A-Series RTX A5000 24 GB Video Card (VCNRTXA5000-PB) - PCPartPicker
2025-02-09,232449.5,PNY RTX A-Series RTX A5000 24 GB Video Card (VCNRTXA5000-PB) - PCPartPicker
2025-02-10,232449.5,PNY RTX A-Series RTX A5000 24 GB Video Card (VCNRTXA5000-PB) - PCPartPicker
2025-02-11,232449.5,PNY RTX A-Series RTX A5000 24 GB Video Card (VCNRTXA5000-PB) - PCPartPicker
2025-02-12,232449.5,PNY RTX A-Series RTX A5000 24 GB Video Card (VCNRTXA5000-PB) - PCPartPicker
2025-02-13,232449.5,PNY RTX A-Series RTX A5000 24 GB Video Card (VCNRTXA5000-PB) - PCPartPicker
2025-02-14,232449.5,PNY RTX A-Series RTX A5000 24 GB Video Card (VCNRTXA5000-PB) - PCPartPicker
2025-02-15,232449.5,PNY RTX A-Series RTX A5000 24 GB Video Card (VCNRTXA5000-PB) - PCPartPicker
2025-02-16,232449.5,PNY RTX A-Series RTX A5000 24 GB Video Card (VCNRTXA5000-PB) - PCPartPicker
2025-02-17,232449.5,PNY RTX A-Series RTX A5000 24 GB Video Card (VCNRTXA5000-PB) - PCPartPicker
2025-02-18,232449.5,PNY RTX A-Series RTX A5000 24 GB Video Card (VCNRTXA5000-PB) - PCPartPicker
2025-02-19,232449.5,PNY RTX A-Series RTX A5000 24 GB Video Card (VCNRTXA5000-PB) - PCPartPicker
2025-02-20,232449.5,PNY RTX A-Series RTX A5000 24 GB Video Card (VCNRTXA5000-PB) - PCPartPicker
2025-02-21,232449.5,PNY RTX A-Series RTX A5000 24 GB Video Card (VCNRTXA5000-PB) - PCPartPicker
2025-02-22,232449.5,PNY RTX A-Series RTX A5000 24 GB Video Card (VCNRTXA5000-PB) - PCPartPicker
2025-02-23,232449.5,PNY RTX A-Series RTX A5000 24 GB Video Card (VCNRTXA5000-PB) - PCPartPicker
2025-02-24,232449.5,PNY RTX A-Series RTX A5000 24 GB Video Card (VCNRTXA5000-PB) - PCPartPicker
2025-02-25,232449.5,PNY RTX A-Series RTX A5000 24 GB Video Card (VCNRTXA5000-PB) - PCPartPicker
2025-02-26,232449.5,PNY RTX A-Series RTX A5000 24 GB Video Card (VCNRTXA5000-PB) - PCPartPicker
2025-02-27,232449.5,PNY RTX A-Series RTX A5000 24 GB Video Card (VCNRTXA5000-PB) - PCPartPicker
2025-02-28,232449.5,PNY RTX A-Series RTX A5000 24 GB Video Card (VCNRTXA5000-PB) - PCPartPicker
2025-03-01,232449.5,PNY RTX A-Series RTX A5000 24 GB Video Card (VCNRTXA5000-PB) - PCPartPicker
2025-03-02,232449.5,PNY RTX A-Series RTX A5000 24 GB Video Card (VCNRTXA5000-PB) - PCPartPicker
2025-03-03,232449.5,PNY RTX A-Series RTX A5000 24 GB Video Card (VCNRTXA5000-PB) - PCPartPicker
2025-03-04,232449.5,PNY RTX A-Series RTX A5000 24 GB Video Card (VCNRTXA5000-PB) - PCPartPicker
2025-03-05,232449.5,PNY RTX A-Series RTX A5000 24 GB Video Card (VCNRTXA5000-PB) - PCPartPicker
2025-03-06,232449.5,PNY RTX A-Series RTX A5000 24 GB Video Card (VCNRTXA5000-PB) - PCPartPicker
2025-03-07,232449.5,PNY RTX A-Series RTX A5000 24 GB Video Card (VCNRTXA5000-PB) - PCPartPicker
2025-03-08,232449.5,PNY RTX A-Series RTX A5000 24 GB Video Card (VCNRTXA5000-PB) - PCPartPicker
2025-03-09,232449.5,PNY RTX A-Series RTX A5000 24 GB Video Card (VCNRTXA5000-PB) - PCPartPicker
2025-03-10,232449.5,PNY RTX A-Series RTX A5000 24 GB Video Card (VCNRTXA5000-PB) - PCPartPicker
2025-03-11,232449.5,PNY RTX A-Series RTX A5000 24 GB Video Card (VCNRTXA5000-PB) - PCPartPicker
2025-03-12,232449.5,PNY RTX A-Series RTX A5000 24 GB Video Card (VCNRTXA5000-PB) - PCPartPicker
2025-03-13,232449.5,PNY RTX A-Series RTX A5000 24 GB Video Card (VCNRTXA5000-PB) - PCPartPicker
2025-03-14,232449.5,PNY RTX A-Series RTX A5000 24 GB Video Card (VCNRTXA5000-PB) - PCPartPicker
2025-03-15,232449.5,PNY RTX A-Series RTX A5000 24 GB Video Card (VCNRTXA5000-PB) - PCPartPicker
2025-03-16,232449.5,PNY RTX A-Series RTX A5000 24 GB Video Card (VCNRTXA5000-PB) - PCPartPicker
2025-03-17,232449.5,PNY RTX A-Series RTX A5000 24 GB Video Card (VCNRTXA5000-PB) - PCPartPicker
2025-03-18,232449.5,PNY RTX A-Series RTX A5000 24 GB Video Card (VCNRTXA5000-PB) - PCPartPicker
2025-03-19,232449.5,PNY RTX A-Series RTX A5000 24 GB Video Card (VCNRTXA5000-PB) - PCPartPicker
2025-03-20,232449.5,PNY RTX A-Series RTX A5000 24 GB Video Card (VCNRTXA5000-PB) - PCPartPicker
2025-03-21,232449.5,PNY RTX A-Series RTX A5000 24 GB Video Card (VCNRTXA5000-PB) - PCPartPicker
2025-03-22,232449.5,PNY RTX A-Series RTX A5000 24 GB Video Card (VCNRTXA5000-PB) - PCPartPicker
2025-03-23,232449.5,PNY RTX A-Series RTX A5000 24 GB Video Card (VCNRTXA5000-PB) - PCPartPicker
2025-03-24,232449.5,PNY RTX A-Series RTX A5000 24 GB Video Card (VCNRTXA5000-PB) - PCPartPicker
2025-03-25,232449.5,PNY RTX A-Series RTX A5000 24 GB Video Card (VCNRTXA5000-PB) - PCPartPicker
2025-03-26,232449.5,PNY RTX A-Series RTX A5000 24 GB Video Card (VCNRTXA5000-PB) - PCPartPicker
2025-03-27,232449.5,PNY RTX A-Series RTX A5000 24 GB Video Card (VCNRTXA5000-PB) - PCPartPicker
2025-03-28,232449.5,PNY RTX A-Series RTX A5000 24 GB Video Card (VCNRTXA5000-PB) - PCPartPicker
2025-03-29,232449.5,PNY RTX A-Series RTX A5000 24 GB Video Card (VCNRTXA5000-PB) - PCPartPicker
2025-03-30,232449.5,PNY RTX A-Series RTX A5000 24 GB Video Card (VCNRTXA5000-PB) - PCPartPicker
2025-03-31,232449.5,PNY RTX A-Series RTX A5000 24 GB Video Card (VCNRTXA5000-PB) - PCPartPicker
2025-04-01,232449.5,PNY RTX A-Series RTX A5000 24 GB Video Card (VCNRTXA5000-PB) - PCPartPicker
2025-04-02,232449.5,PNY RTX A-Series RTX A5000 24 GB Video Card (VCNRTXA5000-PB) - PCPartPicker
2025-04-03,232449.5,PNY RTX A-Series RTX A5000 24 GB Video Card (VCNRTXA5000-PB) - PCPartPicker
2025-04-04,232449.5,PNY RTX A-Series RTX A5000 24 GB Video Card (VCNRTXA5000-PB) - PCPartPicker
2025-04-05,232449.5,PNY RTX A-Series RTX A5000 24 GB Video Card (VCNRTXA5000-PB) - PCPartPicker
2025-04-06,232449.5,PNY RTX A-Series RTX A5000 24 GB Video Card (VCNRTXA5000-PB) - PCPartPicker
2025-04-07,232449.5,PNY RTX A-Series RTX A5000 24 GB Video Card (VCNRTXA5000-PB) - PCPartPicker
2025-04-08,232449.5,PNY RTX A-Series RTX A5000 24 GB Video Card (VCNRTXA5000-PB) - PCPartPicker
2025-04-09,232449.5,PNY RTX A-Series RTX A5000 24 GB Video Card (VCNRTXA5000-PB) - PCPartPicker
2025-04-10,232449.5,PNY RTX A-Series RTX A5000 24 GB Video Card (VCNRTXA5000-PB) - PCPartPicker
2025-04-11,232449.5,PNY RTX A-Series RTX A5000 24 GB Video Card (VCNRTXA5000-PB) - PCPartPicker
2025-04-12,232449.5,PNY RTX A-Series RTX A5000 24 GB Video Card (VCNRTXA5000-PB) - PCPartPicker
2025-04-13,232449.5,PNY RTX A-Series RTX A5000 24 GB Video Card (VCNRTXA5000-PB) - PCPartPicker
2025-04-14,232449.5,PNY RTX A-Series RTX A5000 24 GB Video Card (VCNRTXA5000-PB) - PCPartPicker
2025-04-15,232449.5,PNY RTX A-Series RTX A5000 24 GB Video Card (VCNRTXA5000-PB) - PCPartPicker
2025-04-16,232449.5,PNY RTX A-Series RTX A5000 24 GB Video Card (VCNRTXA5000-PB) - PCPartPicker
2025-04-17,232449.5,PNY RTX A-Series RTX A5000 24 GB Video Card (VCNRTXA5000-PB) - PCPartPicker
2025-04-18,232449.5,PNY RTX A-Series RTX A5000 24 GB Video Card (VCNRTXA5000-PB) - PCPartPicker
2025-04-19,232449.5,PNY RTX A-Series RTX A5000 24 GB Video Card (VCNRTXA5000-PB) - PCPartPicker
2025-04-20,232449.5,PNY RTX A-Series RTX A5000 24 GB Video Card (VCNRTXA5000-PB) - PCPartPicker
2025-04-21,232449.5,PNY RTX A-Series RTX A5000 24 GB Video Card (VCNRTXA5000-PB) - PCPartPicker
2025-04-22,232449.5,PNY RTX A-Series RTX A5000 24 GB Video Card (VCNRTXA5000-PB) - PCPartPicker
2025-04-23,232449.5,PNY RTX A-Series RTX A5000 24 GB Video Card (VCNRTXA5000-PB) - PCPartPicker
2025-04-24,232449.5,PNY RTX A-Series RTX A5000 24 GB Video Card (VCNRTXA5000-PB) - PCPartPicker
2025-04-25,232449.5,PNY RTX A-Series RTX A5000 24 GB Video Card (VCNRTXA5000-PB) - PCPartPicker
2025-04-26,232449.5,PNY RTX A-Series RTX A5000 24 GB Video Card (VCNRTXA5000-PB) - PCPartPicker
2025-04-27,232449.5,PNY RTX A-Series RTX A5000 24 GB Video Card (VCNRTXA5000-PB) - PCPartPicker
2025-04-28,232449.5,PNY RTX A-Series RTX A5000 24 GB Video Card (VCNRTXA5000-PB) - PCPartPicker
2025-04-29,232449.5,PNY RTX A-Series RTX A5000 24 GB Video Card (VCNRTXA5000-PB) - PCPartPicker
2025-04-30,232449.5,PNY RTX A-Series RTX A5000 24 GB Video Card (VCNRTXA5000-PB) - PCPartPicker
2025-05-01,232449.5,PNY RTX A-Series RTX A5000 24 GB Video Card (VCNRTXA5000-PB) - PCPartPicker
2025-05-02,232449.5,PNY RTX A-Series RTX A5000 24 GB Video Card (VCNRTXA5000-PB) - PCPartPicker
2025-05-03,232449.5,PNY RTX A-Series RTX A5000 24 GB Video Card (VCNRTXA5000-PB) - PCPartPicker
2025-05-04,232449.5,PNY RTX A-Series RTX A5000 24 GB Video Card (VCNRTXA5000-PB) - PCPartPicker
2025-05-05,232449.5,PNY RTX A-Series RTX A5000 24 GB Video Card (VCNRTXA5000-PB) - PCPartPicker
2025-05-06,232449.5,PNY RTX A-Series RTX A5000 24 GB Video Card (VCNRTXA5000-PB) - PCPartPicker
2025-05-07,232449.5,PNY RTX A-Series RTX A5000 24 GB Video Card (VCNRTXA5000-PB) - PCPartPicker
2025-05-08,232449.5,PNY RTX A-Series RTX A5000 24 GB Video Card (VCNRTXA5000-PB) - PCPartPicker
2025-05-09,232449.5,PNY RTX A-Series RTX A5000 24 GB Video Card (VCNRTXA5000-PB) - PCPartPicker
2025-05-10,232449.5,PNY RTX A-Series RTX A5000 24 GB Video Card (VCNRTXA5000-PB) - PCPartPicker
2025-05-11,232449.5,PNY RTX A-Series RTX A5000 24 GB Video Card (VCNRTXA5000-PB) - PCPartPicker
2025-05-12,232449.5,PNY RTX A-Series RTX A5000 24 GB Video Card (VCNRTXA5000-PB) - PCPartPicker
2025-05-13,232449.5,PNY RTX A-Series RTX A5000 24 GB Video Card (VCNRTXA5000-PB) - PCPartPicker
2025-05-14,232449.5,PNY RTX A-Series RTX A5000 24 GB Video Card (VCNRTXA5000-PB) - PCPartPicker
2025-05-15,232449.5,PNY RTX A-Series RTX A5000 24 GB Video Card (VCNRTXA5000-PB) - PCPartPicker
2025-05-16,232449.5,PNY RTX A-Series RTX A5000 24 GB Video Card (VCNRTXA5000-PB) - PCPartPicker
2025-05-17,232449.5,PNY RTX A-Series RTX A5000 24 GB Video Card (VCNRTXA5000-PB) - PCPartPicker
2025-05-18,232449.5,PNY RTX A-Series RTX A5000 24 GB Video Card (VCNRTXA5000-PB) - PCPartPicker
2025-05-19,232449.5,PNY RTX A-Series RTX A5000 24 GB Video Card (VCNRTXA5000-PB) - PCPartPicker
2025-05-20,232449.5,PNY RTX A-Series RTX A5000 24 GB Video Card (VCNRTXA5000-PB) - PCPartPicker
2025-05-21,232449.5,PNY RTX A-Series RTX A5000 24 GB Video Card (VCNRTXA5000-PB) - PCPartPicker
2025-05-22,232449.5,PNY RTX A-Series RTX A5000 24 GB Video Card (VCNRTXA5000-PB) - PCPartPicker
2025-05-23,232449.5,PNY RTX A-Series RTX A5000 24 GB Video Card (VCNRTXA5000-PB) - PCPartPicker
2025-05-24,232449.5,PNY RTX A-Series RTX A5000 24 GB Video Card (VCNRTXA5000-PB) - PCPartPicker
2025-05-25,232449.5,PNY RTX A-Series RTX A5000 24 GB Video Card (VCNRTXA5000-PB) - PCPartPicker
2025-05-26,232449.5,PNY RTX A-Series RTX A5000 24 GB Video Card (VCNRTXA5000-PB) - PCPartPicker
2025-05-27,232449.5,PNY RTX A-Series RTX A5000 24 GB Video Card (VCNRTXA5000-PB) - PCPartPicker
2025-05-28,232449.5,PNY RTX A-Series RTX A5000 24 GB Video Card (VCNRTXA5000-PB) - PCPartPicker
2025-05-29,232449.5,PNY RTX A-Series RTX A5000 24 GB Video Card (VCNRTXA5000-PB) - PCPartPicker
2025-05-30,232449.5,PNY RTX A-Series RTX A5000 24 GB Video Card (VCNRTXA5000-PB) - PCPartPicker
2025-05-31,232449.5,PNY RTX A-Series RTX A5000 24 GB Video Card (VCNRTXA5000-PB) - PCPartPicker
2025-06-01,232449.5,PNY RTX A-Series RTX A5000 24 GB Video Card (VCNRTXA5000-PB) - PCPartPicker
2025-06-02,232449.5,PNY RTX A-Series RTX A5000 24 GB Video Card (VCNRTXA5000-PB) - PCPartPicker
2025-06-03,232449.5,PNY RTX A-Series RTX A5000 24 GB Video Card (VCNRTXA5000-PB) - PCPartPicker
2025-06-04,232449.5,PNY RTX A-Series RTX A5000 24 GB Video Card (VCNRTXA5000-PB) - PCPartPicker
2025-06-05,232449.5,PNY RTX A-Series RTX A5000 24 GB Video Card (VCNRTXA5000-PB) - PCPartPicker
2025-06-06,232449.5,PNY RTX A-Series RTX A5000 24 GB Video Card (VCNRTXA5000-PB) - PCPartPicker
2025-06-07,232449.5,PNY RTX A-Series RTX A5000 24 GB Video Card (VCNRTXA5000-PB) - PCPartPicker
2025-06-08,232449.5,PNY RTX A-Series RTX A5000 24 GB Video Card (VCNRTXA5000-PB) - PCPartPicker
2025-06-09,232449.5,PNY RTX A-Series RTX A5000 24 GB Video Card (VCNRTXA5000-PB) - PCPartPicker
2025-06-10,232449.5,PNY RTX A-Series RTX A5000 24 GB Video Card (VCNRTXA5000-PB) - PCPartPicker
2025-06-11,232449.5,PNY RTX A-Series RTX A5000 24 GB Video Card (VCNRTXA5000-PB) - PCPartPicker
2025-06-12,232449.5,PNY RTX A-Series RTX A5000 24 GB Video Card (VCNRTXA5000-PB) - PCPartPicker
2025-06-13,232449.5,PNY RTX A-Series RTX A5000 24 GB Video Card (VCNRTXA5000-PB) - PCPartPicker
2025-06-14,232449.5,PNY RTX A-Series RTX A5000 24 GB Video Card (VCNRTXA5000-PB) - PCPartPicker
2025-06-15,232449.5,PNY RTX A-Series RTX A5000 24 GB Video Card (VCNRTXA5000-PB) - PCPartPicker
2025-06-16,232449.5,PNY RTX A-Series RTX A5000 24 GB Video Card (VCNRTXA5000-PB) - PCPartPicker
2025-06-17,232449.5,PNY RTX A-Series RTX A5000 24 GB Video Card (VCNRTXA5000-PB) - PCPartPicker
2025-06-18,232449.5,PNY RTX A-Series RTX A5000 24 GB Video Card (VCNRTXA5000-PB) - PCPartPicker
2025-06-19,232449.5,PNY RTX A-Series RTX A5000 24 GB Video Card (VCNRTXA5000-PB) - PCPartPicker
2025-06-20,232449.5,PNY RTX A-Series RTX A5000 24 GB Video Card (VCNRTXA5000-PB) - PCPartPicker
2025-06-21,232449.5,PNY RTX A-Series RTX A5000 24 GB Video Card (VCNRTXA5000-PB) - PCPartPicker
2025-06-22,232449.5,PNY RTX A-Series RTX A5000 24 GB Video Card (VCNRTXA5000-PB) - PCPartPicker
2025-06-23,232449.5,PNY RTX A-Series RTX A5000 24 GB Video Card (VCNRTXA5000-PB) - PCPartPicker
2025-06-24,232449.5,PNY RTX A-Series RTX A5000 24 GB Video Card (VCNRTXA5000-PB) - PCPartPicker
2025-06-25,232449.5,PNY RTX A-Series RTX A5000 24 GB Video Card (VCNRTXA5000-PB) - PCPartPicker
2025-06-26,232449.5,PNY RTX A-Series RTX A5000 24 GB Video Card (VCNRTXA5000-PB) - PCPartPicker
2025-06-27,232449.5,PNY RTX A-Series RTX A5000 24 GB Video Card (VCNRTXA5000-PB) - PCPartPicker
2025-06-28,232449.5,PNY RTX A-Series RTX A5000 24 GB Video Card (VCNRTXA5000-PB) - PCPartPicker
2025-06-29,232449.5,PNY RTX A-Series RTX A5000 24 GB Video Card (VCNRTXA5000-PB) - PCPartPicker
2025-06-30,232449.5,PNY RTX A-Series RTX A5000 24 GB Video Card (VCNRTXA5000-PB) - PCPartPicker
2025-07-01,232449.5,PNY RTX A-Series RTX A5000 24 GB Video Card (VCNRTXA5000-PB) - PCPartPicker
2025-07-02,232449.5,PNY RTX A-Series RTX A5000 24 GB Video Card (VCNRTXA5000-PB) - PCPartPicker
2025-07-03,232449.5,PNY RTX A-Series RTX A5000 24 GB Video Card (VCNRTXA5000-PB) - PCPartPicker
2025-07-04,232449.5,PNY RTX A-Series RTX A5000 24 GB Video Card (VCNRTXA5000-PB) - PCPartPicker
2025-07-05,232449.5,PNY RTX A-Series RTX A5000 24 GB Video Card (VCNRTXA5000-PB) - PCPartPicker
2025-07-06,232449.5,PNY RTX A-Series RTX A5000 24 GB Video Card (VCNRTXA5000-PB) - PCPartPicker
2025-07-07,232449.5,PNY RTX A-Series RTX A5000 24 GB Video Card (VCNRTXA5000-PB) - PCPartPicker
2025-07-08,232449.5,PNY RTX A-Series RTX A5000 24 GB Video Card (VCNRTXA5000-PB) - PCPartPicker
2025-07-09,232449.5,PNY RTX A-Series RTX A5000 24 GB Video Card (VCNRTXA5000-PB) - PCPartPicker
2025-07-10,232449.5,PNY RTX A-Series RTX A5000 24 GB Video Card (VCNRTXA5000-PB) - PCPartPicker
2025-07-11,232449.5,PNY RTX A-Series RTX A5000 24 GB Video Card (VCNRTXA5000-PB) - PCPartPicker
2025-07-12,232449.5,PNY RTX A-Series RTX A5000 24 GB Video Card (VCNRTXA5000-PB) - PCPartPicker
2025-07-13,232449.5,PNY RTX A-Series RTX A5000 24 GB Video Card (VCNRTXA5000-PB) - PCPartPicker
2025-07-14,232449.5,PNY RTX A-Series RTX A5000 24 GB Video Card (VCNRTXA5000-PB) - PCPartPicker
2025-07-15,232449.5,PNY RTX A-Series RTX A5000 24 GB Video Card (VCNRTXA5000-PB) - PCPartPicker
2025-07-16,232449.5,PNY RTX A-Series RTX A5000 24 GB Video Card (VCNRTXA5000-PB) - PCPartPicker
2025-07-17,232449.5,PNY RTX A-Series RTX A5000 24 GB Video Card (VCNRTXA5000-PB) - PCPartPicker
2025-07-18,232449.5,PNY RTX A-Series RTX A5000 24 GB Video Card (VCNRTXA5000-PB) - PCPartPicker
2025-07-19,232449.5,PNY RTX A-Series RTX A5000 24 GB Video Card (VCNRTXA5000-PB) - PCPartPicker
2025-07-20,232449.5,PNY RTX A-Series RTX A5000 24 GB Video Card (VCNRTXA5000-PB) - PCPartPicker
2025-07-21,232449.5,PNY RTX A-Series RTX A5000 24 GB Video Card (VCNRTXA5000-PB) - PCPartPicker
2025-07-22,232449.5,PNY RTX A-Series RTX A5000 24 GB Video Card (VCNRTXA5000-PB) - PCPartPicker
2025-07-23,232449.5,PNY RTX A-Series RTX A5000 24 GB Video Card (VCNRTXA5000-PB) - PCPartPicker
2025-07-24,232449.5,PNY RTX A-Series RTX A5000 24 GB Video Card (VCNRTXA5000-PB) - PCPartPicker
2025-07-25,232449.5,PNY RTX A-Series RTX A5000 24 GB Video Card (VCNRTXA5000-PB) - PCPartPicker
2025-07-26,232449.5,PNY RTX A-Series RTX A5000 24 GB Video Card (VCNRTXA5000-PB) - PCPartPicker
2025-07-27,232449.5,PNY RTX A-Series RTX A5000 24 GB Video Card (VCNRTXA5000-PB) - PCPartPicker
2025-07-28,232449.5,PNY RTX A-Series RTX A5000 24 GB Video Card (VCNRTXA5000-PB) - PCPartPicker
2025-07-29,232449.5,PNY RTX A-Series RTX A5000 24 GB Video Card (VCNRTXA5000-PB) - PCPartPicker
2025-07-30,232449.5,PNY RTX A-Series RTX A5000 24 GB Video Card (VCNRTXA5000-PB) - PCPartPicker
2025-07-31,232449.5,PNY RTX A-Series RTX A5000 24 GB Video Card (VCNRTXA5000-PB) - PCPartPicker
2025-08-01,232449.5,PNY RTX A-Series RTX A5000 24 GB Video Card (VCNRTXA5000-PB) - PCPartPicker
2025-08-02,232449.5,PNY RTX A-Series RTX A5000 24 GB Video Card (VCNRTXA5000-PB) - PCPartPicker
2025-08-03,232449.5,PNY RTX A-Series RTX A5000 24 GB Video Card (VCNRTXA5000-PB) - PCPartPicker
2025-08-04,232449.5,PNY RTX A-Series RTX A5000 24 GB Video Card (VCNRTXA5000-PB) - PCPartPicker
2025-08-05,232449.5,PNY RTX A-Series RTX A5000 24 GB Video Card (VCNRTXA5000-PB) - PCPartPicker
2025-08-06,232449.5,PNY RTX A-Series RTX A5000 24 GB Video Card (VCNRTXA5000-PB) - PCPartPicker
2025-08-07,232449.5,PNY RTX A-Series RTX A5000 24 GB Video Card (VCNRTXA5000-PB) - PCPartPicker
2025-08-08,232449.5,PNY RTX A-Series RTX A5000 24 GB Video Card (VCNRTXA5000-PB) - PCPartPicker
2025-08-09,232449.5,PNY RTX A-Series RTX A5000 24 GB Video Card (VCNRTXA5000-PB) - PCPartPicker
2025-08-10,232449.5,PNY RTX A-Series RTX A5000 24 GB Video Card (VCNRTXA5000-PB) - PCPartPicker
2025-08-11,232449.5,PNY RTX A-Series RTX A5000 24 GB Video Card (VCNRTXA5000-PB) - PCPartPicker
2025-08-12,232449.5,PNY RTX A-Series RTX A5000 24 GB Video Card (VCNRTXA5000-PB) - PCPartPicker
2025-08-13,232449.5,PNY RTX A-Series RTX A5000 24 GB Video Card (VCNRTXA5000-PB) - PCPartPicker
2025-08-14,232449.5,PNY RTX A-Series RTX A5000 24 GB Video Card (VCNRTXA5000-PB) - PCPartPicker
2025-08-15,232449.5,PNY RTX A-Series RTX A5000 24 GB Video Card (VCNRTXA5000-PB) - PCPartPicker
2025-08-16,232449.5,PNY RTX A-Series RTX A5000 24 GB Video Card (VCNRTXA5000-PB) - PCPartPicker
2025-08-17,232449.5,PNY RTX A-Series RTX A5000 24 GB Video Card (VCNRTXA5000-PB) - PCPartPicker
2025-08-18,232449.5,PNY RTX A-Series RTX A5000 24 GB Video Card (VCNRTXA5000-PB) - PCPartPicker
2025-08-19,232449.5,PNY RTX A-Series RTX A5000 24 GB Video Card (VCNRTXA5000-PB) - PCPartPicker
2025-08-20,232449.5,PNY RTX A-Series RTX A5000 24 GB Video Card (VCNRTXA5000-PB) - PCPartPicker
2025-08-21,232449.5,PNY RTX A-Series RTX A5000 24 GB Video Card (VCNRTXA5000-PB) - PCPartPicker
2025-08-22,232449.5,PNY RTX A-Series RTX A5000 24 GB Video Card (VCNRTXA5000-PB) - PCPartPicker
2025-08-23,232449.5,PNY RTX A-Series RTX A5000 24 GB Video Card (VCNRTXA5000-PB) - PCPartPicker
2025-08-24,232449.5,PNY RTX A-Series RTX A5000 24 GB Video Card (VCNRTXA5000-PB) - PCPartPicker
2025-08-25,232449.5,PNY RTX A-Series RTX A5000 24 GB Video Card (VCNRTXA5000-PB) - PCPartPicker
2025-08-26,232449.5,PNY RTX A-Series RTX A5000 24 GB Video Card (VCNRTXA5000-PB) - PCPartPicker
2025-08-27,232449.5,PNY RTX A-Series RTX A5000 24 GB Video Card (VCNRTXA5000-PB) - PCPartPicker
2025-08-28,232449.5,PNY RTX A-Series RTX A5000 24 GB Video Card (VCNRTXA5000-PB) - PCPartPicker
2025-08-29,232449.5,PNY RTX A-Series RTX A5000 24 GB Video Card (VCNRTXA5000-PB) - PCPartPicker
2025-08-30,232449.5,PNY RTX A-Series RTX A5000 24 GB Video Card (VCNRTXA5000-PB) - PCPartPicker
2025-08-31,232449.5,PNY RTX A-Series RTX A5000 24 GB Video Card (VCNRTXA5000-PB) - PCPartPicker
2025-09-01,232449.5,PNY RTX A-Series RTX A5000 24 GB Video Card (VCNRTXA5000-PB) - PCPartPicker
2025-09-02,232449.5,PNY RTX A-Series RTX A5000 24 GB Video Card (VCNRTXA5000-PB) - PCPartPicker
2025-09-03,232449.5,PNY RTX A-Series RTX A5000 24 GB Video Card (VCNRTXA5000-PB) - PCPartPicker
2025-09-04,232449.5,PNY RTX A-Series RTX A5000 24 GB Video Card (VCNRTXA5000-PB) - PCPartPicker
2025-09-05,232449.5,PNY RTX A-Series RTX A5000 24 GB Video Card (VCNRTXA5000-PB) - PCPartPicker
2025-09-06,232449.5,PNY RTX A-Series RTX A5000 24 GB Video Card (VCNRTXA5000-PB) - PCPartPicker
2025-09-07,232449.5,PNY RTX A-Series RTX A5000 24 GB Video Card (VCNRTXA5000-PB) - PCPartPicker
2025-09-08,232449.5,PNY RTX A-Series RTX A5000 24 GB Video Card (VCNRTXA5000-PB) - PCPartPicker
2025-09-09,232449.5,PNY RTX A-Series RTX A5000 24 GB Video Card (VCNRTXA5000-PB) - PCPartPicker
2025-09-10,232449.5,PNY RTX A-Series RTX A5000 24 GB Video Card (VCNRTXA5000-PB) - PCPartPicker
2025-09-11,232449.5,PNY RTX A-Series RTX A5000 24 GB Video Card (VCNRTXA5000-PB) - PCPartPicker
2025-09-12,232449.5,PNY RTX A-Series RTX A5000 24 GB Video Card (VCNRTXA5000-PB) - PCPartPicker
2025-09-13,232449.5,PNY RTX A-Series RTX A5000 24 GB Video Card (VCNRTXA5000-PB) - PCPartPicker
2025-09-14,232449.5,PNY RTX A-Series RTX A5000 24 GB Video Card (VCNRTXA5000-PB) - PCPartPicker
2025-09-15,232449.5,PNY RTX A-Series RTX A5000 24 GB Video Card (VCNRTXA5000-PB) - PCPartPicker
2025-09-16,232449.5,PNY RTX A-Series RTX A5000 24 GB Video Card (VCNRTXA5000-PB) - PCPartPicker
2025-09-17,232449.5,PNY RTX A-Series RTX A5000 24 GB Video Card (VCNRTXA5000-PB) - PCPartPicker
2025-09-18,232449.5,PNY RTX A-Series RTX A5000 24 GB Video Card (VCNRTXA5000-PB) - PCPartPicker
2025-09-19,232449.5,PNY RTX A-Series RTX A5000 24 GB Video Card (VCNRTXA5000-PB) - PCPartPicker
2025-09-20,232449.5,PNY RTX A-Series RTX A5000 24 GB Video Card (VCNRTXA5000-PB) - PCPartPicker
2025-09-21,232449.5,PNY RTX A-Series RTX A5000 24 GB Video Card (VCNRTXA5000-PB) - PCPartPicker
2025-09-22,232449.5,PNY RTX A-Series RTX A5000 24 GB Video Card (VCNRTXA5000-PB) - PCPartPicker
2025-09-23,232449.5,PNY RTX A-Series RTX A5000 24 GB Video Card (VCNRTXA5000-PB) - PCPartPicker
2025-09-24,232449.5,PNY RTX A-Series RTX A5000 24 GB Video Card (VCNRTXA5000-PB) - PCPartPicker
2025-09-25,232449.5,PNY RTX A-Series RTX A5000 24 GB Video Card (VCNRTXA5000-PB) - PCPartPicker
2025-09-26,232449.5,PNY RTX A-Series RTX A5000 24 GB Video Card (VCNRTXA5000-PB) - PCPartPicker
2025-09-27,232449.5,PNY RTX A-Series RTX A5000 24 GB Video Card (VCNRTXA5000-PB) - PCPartPicker
2025-09-28,232449.5,PNY RTX A-Series RTX A5000 24 GB Video Card (VCNRTXA5000-PB) - PCPartPicker
2025-09-29,232449.5,PNY RTX A-Series RTX A5000 24 GB Video Card (VCNRTXA5000-PB) - PCPartPicker
2025-09-30,232449.5,PNY RTX A-Series RTX A5000 24 GB Video Card (VCNRTXA5000-PB) - PCPartPicker
2025-10-01,232449.5,PNY RTX A-Series RTX A5000 24 GB Video Card (VCNRTXA5000-PB) - PCPartPicker
2025-10-02,232449.5,PNY RTX A-Series RTX A5000 24 GB Video Card (VCNRTXA5000-PB) - PCPartPicker
2025-10-03,232449.5,PNY RTX A-Series RTX A5000 24 GB Video Card (VCNRTXA5000-PB) - PCPartPicker
2025-10-04,232449.5,PNY RTX A-Series RTX A5000 24 GB Video Card (VCNRTXA5000-PB) - PCPartPicker
2025-10-05,232449.5,PNY RTX A-Series RTX A5000 24 GB Video Card (VCNRTXA5000-PB) - PCPartPicker
2025-10-06,232449.5,PNY RTX A-Series RTX A5000 24 GB Video Card (VCNRTXA5000-PB) - PCPartPicker
2025-10-07,232449.5,PNY RTX A-Series RTX A5000 24 GB Video Card (VCNRTXA5000-PB) - PCPartPicker
2025-10-08,232449.5,PNY RTX A-Series RTX A5000 24 GB Video Card (VCNRTXA5000-PB) - PCPartPicker
2025-10-09,232449.5,PNY RTX A-Series RTX A5000 24 GB Video Card (VCNRTXA5000-PB) - PCPartPicker
2025-10-10,232449.5,PNY RTX A-Series RTX A5000 24 GB Video Card (VCNRTXA5000-PB) - PCPartPicker
2025-10-11,232449.5,PNY RTX A-Series RTX A5000 24 GB Video Card (VCNRTXA5000-PB) - PCPartPicker
2025-10-12,232449.5,PNY RTX A-Series RTX A5000 24 GB Video Card (VCNRTXA5000-PB) - PCPartPicker
2025-10-13,232449.5,PNY RTX A-Series RTX A5000 24 GB Video Card (VCNRTXA5000-PB) - PCPartPicker
2025-10-14,232449.5,PNY RTX A-Series RTX A5000 24 GB Video Card (VCNRTXA5000-PB) - PCPartPicker
2025-10-15,232449.5,PNY RTX A-Series RTX A5000 24 GB Video Card (VCNRTXA5000-PB) - PCPartPicker
2025-10-16,232449.5,PNY RTX A-Series RTX A5000 24 GB Video Card (VCNRTXA5000-PB) - PCPartPicker
2025-10-17,232449.5,PNY RTX A-Series RTX A5000 24 GB Video Card (VCNRTXA5000-PB) - PCPartPicker
2025-10-18,232449.5,PNY RTX A-Series RTX A5000 24 GB Video Card (VCNRTXA5000-PB) - PCPartPicker
2025-10-19,232449.5,PNY RTX A-Series RTX A5000 24 GB Video Card (VCNRTXA5000-PB) - PCPartPicker
2025-10-20,232449.5,PNY RTX A-Series RTX A5000 24 GB Video Card (VCNRTXA5000-PB) - PCPartPicker
2025-10-21,232449.5,PNY RTX A-Series RTX A5000 24 GB Video Card (VCNRTXA5000-PB) - PCPartPicker
