2023-10-21,,XFX Speedster MERC 310 Black Edition Radeon RX 7900 XTX 24 GB Video Card (RX-79XMERCB9) - PCPartPicker
2023-10-22,,XFX Speedster MERC 310 Black Edition Radeon RX 7900 XTX 24 GB Video Card (RX-79XMERCB9) - PCPartPicker
2023-10-23,,XFX Speedster MERC 310 Black Edition Radeon RX 7900 XTX 24 GB Video Card (RX-79XMERCB9) - PCPartPicker
2023-10-24,97999.0,XFX Speedster MERC 310 Black Edition Radeon RX 7900 XTX 24 GB Video Card (RX-79XMERCB9) - PCPartPicker
2023-10-25,97999.0,XFX Speedster MERC 310 Black Edition Radeon RX 7900 XTX 24 GB Video Card (RX-79XMERCB9) - PCPartPicker
2023-10-26,97999.0,XFX Speedster MERC 310 Black Edition Radeon RX 7900 XTX 24 GB Video Card (RX-79XMERCB9) - PCPartPicker
2023-10-27,97999.0,XFX Speedster MERC 310 Black Edition Radeon RX 7900 XTX 24 GB Video Card (RX-79XMERCB9) - PCPartPicker
2023-10-28,97999.0,XFX Speedster MERC 310 Black Edition Radeon RX 7900 XTX 24 GB Video Card (RX-79XMERCB9) - PCPartPicker
2023-10-29,97999.0,XFX Speedster MERC 310 Black Edition Radeon RX 7900 XTX 24 GB Video Card (RX-79XMERCB9) - PCPartPicker
2023-10-30,97999.0,XFX Speedster MERC 310 Black Edition Radeon RX 7900 XTX 24 GB Video Card (RX-79XMERCB9) - PCPartPicker
2023-10-31,97999.0,XFX Speedster MERC 310 Black Edition Radeon RX 7900 XTX 24 GB Video Card (RX-79XMERCB9) - PCPartPicker
2023-11-01,97999.0,XFX Speedster MERC 310 Black Edition Radeon RX 7900 XTX 24 GB Video Card (RX-79XMERCB9) - PCPartPicker
2023-11-02,97999.0,XFX Speedster MERC 310 Black Edition Radeon RX 7900 XTX 24 GB Video Card (RX-79XMERCB9) - PCPartPicker
2023-11-03,97999.0,XFX Speedster MERC 310 Black Edition Radeon RX 7900 XTX 24 GB Video Card (RX-79XMERCB9) - PCPartPicker
2023-11-04,97999.0,XFX Speedster MERC 310 Black Edition Radeon RX 7900 XTX 24 GB Video Card (RX-79XMERCB9) - PCPartPicker
2023-11-05,97999.0,XFX Speedster MERC 310 Black Edition Radeon RX 7900 XTX 24 GB Video Card (RX-79XMERCB9) - PCPartPicker
2023-11-06,98433.5,XFX Speedster MERC 310 Black Edition Radeon RX 7900 XTX 24 GB Video Card (RX-79XMERCB9) - PCPartPicker
2023-11-07,98433.5,XFX Speedster MERC 310 Black Edition Radeon RX 7900 XTX 24 GB Video Card (RX-79XMERCB9) - PCPartPicker
2023-11-08,98433.5,XFX Speedster MERC 310 Black Edition Radeon RX 7900 XTX 24 GB Video Card (RX-79XMERCB9) - PCPartPicker
2023-11-09,98433.5,XFX Speedster MERC 310 Black Edition Radeon RX 7900 XTX 24 GB Video Card (RX-79XMERCB9) - PCPartPicker
2023-11-10,98433.5,XFX Speedster MERC 310 Black Edition Radeon RX 7900 XTX 24 GB Video Card (RX-79XMERCB9) - PCPartPicker
2023-11-11,98433.5,XFX Speedster MERC 310 Black Edition Radeon RX 7900 XTX 24 GB Video Card (RX-79XMERCB9) - PCPartPicker
2023-11-12,98433.5,XFX Speedster MERC 310 Black Edition Radeon RX 7900 XTX 24 GB Video Card (RX-79XMERCB9) - PCPartPicker
2023-11-13,98431.5,XFX Speedster MERC 310 Black Edition Radeon RX 7900 XTX 24 GB Video Card (RX-79XMERCB9) - PCPartPicker
2023-11-14,98431.5,XFX Speedster MERC 310 Black Edition Radeon RX 7900 XTX 24 GB Video Card (RX-79XMERCB9) - PCPartPicker
2023-11-15,97466.5,XFX Speedster MERC 310 Black Edition Radeon RX 7900 XTX 24 GB Video Card (RX-79XMERCB9) - PCPartPicker
2023-11-16,98433.5,XFX Speedster MERC 310 Black Edition Radeon RX 7900 XTX 24 GB Video Card (RX-79XMERCB9) - PCPartPicker
2023-11-17,97499.0,XFX Speedster MERC 310 Black Edition Radeon RX 7900 XTX 24 GB Video Card (RX-79XMERCB9) - PCPartPicker
2023-11-18,97499.0,XFX Speedster MERC 310 Black Edition Radeon RX 7900 XTX 24 GB Video Card (RX-79XMERCB9) - PCPartPicker
2023-11-19,97499.0,XFX Speedster MERC 310 Black Edition Radeon RX 7900 XTX 24 GB Video Card (RX-79XMERCB9) - PCPartPicker
2023-11-20,95499.0,XFX Speedster MERC 310 Black Edition Radeon RX 7900 XTX 24 GB Video Card (RX-79XMERCB9) - PCPartPicker
2023-11-21,95499.0,XFX Speedster MERC 310 Black Edition Radeon RX 7900 XTX 24 GB Video Card (RX-79XMERCB9) - PCPartPicker
2023-11-22,95499.0,XFX Speedster MERC 310 Black Edition Radeon RX 7900 XTX 24 GB Video Card (RX-79XMERCB9) - PCPartPicker
2023-11-23,94499.0,XFX Speedster MERC 310 Black Edition Radeon RX 7900 XTX 24 GB Video Card (RX-79XMERCB9) - PCPartPicker
2023-11-24,94499.0,XFX Speedster MERC 310 Black Edition Radeon RX 7900 XTX 24 GB Video Card (RX-79XMERCB9) - PCPartPicker
2023-11-25,94499.0,XFX Speedster MERC 310 Black Edition Radeon RX 7900 XTX 24 GB Video Card (RX-79XMERCB9) - PCPartPicker
2023-11-26,94499.0,XFX Speedster MERC 310 Black Edition Radeon RX 7900 XTX 24 GB Video Card (RX-79XMERCB9) - PCPartPicker
2023-11-27,95997.0,XFX Speedster MERC 310 Black Edition Radeon RX 7900 XTX 24 GB Video Card (RX-79XMERCB9) - PCPartPicker
2023-11-28,95997.0,XFX Speedster MERC 310 Black Edition Radeon RX 7900 XTX 24 GB Video Card (RX-79XMERCB9) - PCPartPicker
2023-11-29,95999.0,XFX Speedster MERC 310 Black Edition Radeon RX 7900 XTX 24 GB Video Card (RX-79XMERCB9) - PCPartPicker
2023-11-30,95999.0,XFX Speedster MERC 310 Black Edition Radeon RX 7900 XTX 24 GB Video Card (RX-79XMERCB9) - PCPartPicker
2023-12-01,97499.0,XFX Speedster MERC 310 Black Edition Radeon RX 7900 XTX 24 GB Video Card (RX-79XMERCB9) - PCPartPicker
2023-12-02,97499.0,XFX Speedster MERC 310 Black Edition Radeon RX 7900 XTX 24 GB Video Card (RX-79XMERCB9) - PCPartPicker
2023-12-03,97499.0,XFX Speedster MERC 310 Black Edition Radeon RX 7900 XTX 24 GB Video Card (RX-79XMERCB9) - PCPartPicker
2023-12-04,97999.0,XFX Speedster MERC 310 Black Edition Radeon RX 7900 XTX 24 GB Video Card (RX-79XMERCB9) - PCPartPicker
2023-12-05,97433.5,XFX Speedster MERC 310 Black Edition Radeon RX 7900 XTX 24 GB Video Card (RX-79XMERCB9) - PCPartPicker
2023-12-06,97433.5,XFX Speedster MERC 310 Black Edition Radeon RX 7900 XTX 24 GB Video Card (RX-79XMERCB9) - PCPartPicker
2023-12-07,97433.5,XFX Speedster MERC 310 Black Edition Radeon RX 7900 XTX 24 GB Video Card (RX-79XMERCB9) - PCPartPicker
2023-12-08,97433.5,XFX Speedster MERC 310 Black Edition Radeon RX 7900 XTX 24 GB Video Card (RX-79XMERCB9) - PCPartPicker
2023-12-09,97999.0,XFX Speedster MERC 310 Black Edition Radeon RX 7900 XTX 24 GB Video Card (RX-79XMERCB9) - PCPartPicker
2023-12-10,97999.0,XFX Speedster MERC 310 Black Edition Radeon RX 7900 XTX 24 GB Video Card (RX-79XMERCB9) - PCPartPicker
2023-12-11,97999.0,XFX Speedster MERC 310 Black Edition Radeon RX 7900 XTX 24 GB Video Card (RX-79XMERCB9) - PCPartPicker
2023-12-12,97999.0,XFX Speedster MERC 310 Black Edition Radeon RX 7900 XTX 24 GB Video Card (RX-79XMERCB9) - PCPartPicker
2023-12-13,97182.5,XFX Speedster MERC 310 Black Edition Radeon RX 7900 XTX 24 GB Video Card (RX-79XMERCB9) - PCPartPicker
2023-12-14,97182.5,XFX Speedster MERC 310 Black Edition Radeon RX 7900 XTX 24 GB Video Card (RX-79XMERCB9) - PCPartPicker
2023-12-15,97182.5,XFX Speedster MERC 310 Black Edition Radeon RX 7900 XTX 24 GB Video Card (RX-79XMERCB9) - PCPartPicker
2023-12-16,97182.5,XFX Speedster MERC 310 Black Edition Radeon RX 7900 XTX 24 GB Video Card (RX-79XMERCB9) - PCPartPicker
2023-12-17,97182.5,XFX Speedster MERC 310 Black Edition Radeon RX 7900 XTX 24 GB Video Card (RX-79XMERCB9) - PCPartPicker
2023-12-18,97182.5,XFX Speedster MERC 310 Black Edition Radeon RX 7900 XTX 24 GB Video Card (RX-79XMERCB9) - PCPartPicker
2023-12-19,97017.0,XFX Speedster MERC 310 Black Edition Radeon RX 7900 XTX 24 GB Video Card (RX-79XMERCB9) - PCPartPicker
2023-12-20,97017.0,XFX Speedster MERC 310 Black Edition Radeon RX 7900 XTX 24 GB Video Card (RX-79XMERCB9) - PCPartPicker
2023-12-21,97017.0,XFX Speedster MERC 310 Black Edition Radeon RX 7900 XTX 24 GB Video Card (RX-79XMERCB9) - PCPartPicker
2023-12-22,96433.5,XFX Speedster MERC 310 Black Edition Radeon RX 7900 XTX 24 GB Video Card (RX-79XMERCB9) - PCPartPicker
2023-12-23,97017.0,XFX Speedster MERC 310 Black Edition Radeon RX 7900 XTX 24 GB Video Card (RX-79XMERCB9) - PCPartPicker
2023-12-24,97017.0,XFX Speedster MERC 310 Black Edition Radeon RX 7900 XTX 24 GB Video Card (RX-79XMERCB9) - PCPartPicker
2023-12-25,96433.5,XFX Speedster MERC 310 Black Edition Radeon RX 7900 XTX 24 GB Video Card (RX-79XMERCB9) - PCPartPicker
2023-12-26,97433.5,XFX Speedster MERC 310 Black Edition Radeon RX 7900 XTX 24 GB Video Card (RX-79XMERCB9) - PCPartPicker
2023-12-27,96433.5,XFX Speedster MERC 310 Black Edition Radeon RX 7900 XTX 24 GB Video Card (RX-79XMERCB9) - PCPartPicker
2023-12-28,96433.5,XFX Speedster MERC 310 Black Edition Radeon RX 7900 XTX 24 GB Video Card (RX-79XMERCB9) - PCPartPicker
2023-12-29,96433.5,XFX Speedster MERC 310 Black Edition Radeon RX 7900 XTX 24 GB Video Card (RX-79XMERCB9) - PCPartPicker
2023-12-30,96433.5,XFX Speedster MERC 310 Black Edition Radeon RX 7900 XTX 24 GB Video Card (RX-79XMERCB9) - PCPartPicker
2023-12-31,96433.5,XFX Speedster MERC 310 Black Edition Radeon RX 7900 XTX 24 GB Video Card (RX-79XMERCB9) - PCPartPicker
2024-01-01,97182.5,XFX Speedster MERC 310 Black Edition Radeon RX 7900 XTX 24 GB Video Card (RX-79XMERCB9) - PCPartPicker
2024-01-02,97082.5,XFX Speedster MERC 310 Black Edition Radeon RX 7900 XTX 24 GB Video Card (RX-79XMERCB9) - PCPartPicker
2024-01-03,96999.0,XFX Speedster MERC 310 Black Edition Radeon RX 7900 XTX 24 GB Video Card (RX-79XMERCB9) - PCPartPicker
2024-01-04,96999.0,XFX Speedster MERC 310 Black Edition Radeon RX 7900 XTX 24 GB Video Card (RX-79XMERCB9) - PCPartPicker
2024-01-05,96999.0,XFX Speedster MERC 310 Black Edition Radeon RX 7900 XTX 24 GB Video Card (RX-79XMERCB9) - PCPartPicker
2024-01-06,96999.0,XFX Speedster MERC 310 Black Edition Radeon RX 7900 XTX 24 GB Video Card (RX-79XMERCB9) - PCPartPicker
2024-01-07,96999.0,XFX Speedster MERC 310 Black Edition Radeon RX 7900 XTX 24 GB Video Card (RX-79XMERCB9) - PCPartPicker
2024-01-08,96999.0,XFX Speedster MERC 310 Black Edition Radeon RX 7900 XTX 24 GB Video Card (RX-79XMERCB9) - PCPartPicker
2024-01-09,96933.5,XFX Speedster MERC 310 Black Edition Radeon RX 7900 XTX 24 GB Video Card (RX-79XMERCB9) - PCPartPicker
2024-01-10,96933.5,XFX Speedster MERC 310 Black Edition Radeon RX 7900 XTX 24 GB Video Card (RX-79XMERCB9) - PCPartPicker
2024-01-11,97082.5,XFX Speedster MERC 310 Black Edition Radeon RX 7900 XTX 24 GB Video Card (RX-79XMERCB9) - PCPartPicker
2024-01-12,97082.5,XFX Speedster MERC 310 Black Edition Radeon RX 7900 XTX 24 GB Video Card (RX-79XMERCB9) - PCPartPicker
2024-01-13,98082.5,XFX Speedster MERC 310 Black Edition Radeon RX 7900 XTX 24 GB Video Card (RX-79XMERCB9) - PCPartPicker
2024-01-14,98082.5,XFX Speedster MERC 310 Black Edition Radeon RX 7900 XTX 24 GB Video Card (RX-79XMERCB9) - PCPartPicker
2024-01-15,99499.0,XFX Speedster MERC 310 Black Edition Radeon RX 7900 XTX 24 GB Video Card (RX-79XMERCB9) - PCPartPicker
2024-01-16,99999.0,XFX Speedster MERC 310 Black Edition Radeon RX 7900 XTX 24 GB Video Card (RX-79XMERCB9) - PCPartPicker
2024-01-17,99999.0,XFX Speedster MERC 310 Black Edition Radeon RX 7900 XTX 24 GB Video Card (RX-79XMERCB9) - PCPartPicker
2024-01-18,99999.0,XFX Speedster MERC 310 Black Edition Radeon RX 7900 XTX 24 GB Video Card (RX-79XMERCB9) - PCPartPicker
2024-01-19,98433.5,XFX Speedster MERC 310 Black Edition Radeon RX 7900 XTX 24 GB Video Card (RX-79XMERCB9) - PCPartPicker
2024-01-20,98433.5,XFX Speedster MERC 310 Black Edition Radeon RX 7900 XTX 24 GB Video Card (RX-79XMERCB9) - PCPartPicker
2024-01-21,98433.5,XFX Speedster MERC 310 Black Edition Radeon RX 7900 XTX 24 GB Video Card (RX-79XMERCB9) - PCPartPicker
2024-01-22,98433.5,XFX Speedster MERC 310 Black Edition Radeon RX 7900 XTX 24 GB Video Card (RX-79XMERCB9) - PCPartPicker
2024-01-23,97933.5,XFX Speedster MERC 310 Black Edition Radeon RX 7900 XTX 24 GB Video Card (RX-79XMERCB9) - PCPartPicker
2024-01-24,97933.5,XFX Speedster MERC 310 Black Edition Radeon RX 7900 XTX 24 GB Video Card (RX-79XMERCB9) - PCPartPicker
2024-01-25,99499.0,XFX Speedster MERC 310 Black Edition Radeon RX 7900 XTX 24 GB Video Card (RX-79XMERCB9) - PCPartPicker
2024-01-26,97933.5,XFX Speedster MERC 310 Black Edition Radeon RX 7900 XTX 24 GB Video Card (RX-79XMERCB9) - PCPartPicker
2024-01-27,97933.5,XFX Speedster MERC 310 Black Edition Radeon RX 7900 XTX 24 GB Video Card (RX-79XMERCB9) - PCPartPicker
2024-01-28,97933.5,XFX Speedster MERC 310 Black Edition Radeon RX 7900 XTX 24 GB Video Card (RX-79XMERCB9) - PCPartPicker
2024-01-29,96433.5,XFX Speedster MERC 310 Black Edition Radeon RX 7900 XTX 24 GB Video Card (RX-79XMERCB9) - PCPartPicker
2024-01-30,96433.5,XFX Speedster MERC 310 Black Edition Radeon RX 7900 XTX 24 GB Video Card (RX-79XMERCB9) - PCPartPicker
2024-01-31,96433.5,XFX Speedster MERC 310 Black Edition Radeon RX 7900 XTX 24 GB Video Card (RX-79XMERCB9) - PCPartPicker
2024-02-01,96433.5,XFX Speedster MERC 310 Black Edition Radeon RX 7900 XTX 24 GB Video Card (RX-79XMERCB9) - PCPartPicker
2024-02-02,96433.5,XFX Speedster MERC 310 Black Edition Radeon RX 7900 XTX 24 GB Video Card (RX-79XMERCB9) - PCPartPicker
2024-02-03,96433.5,XFX Speedster MERC 310 Black Edition Radeon RX 7900 XTX 24 GB Video Card (RX-79XMERCB9) - PCPartPicker
2024-02-04,96433.5,XFX Speedster MERC 310 Black Edition Radeon RX 7900 XTX 24 GB Video Card (RX-79XMERCB9) - PCPartPicker
2024-02-05,96433.5,XFX Speedster MERC 310 Black Edition Radeon RX 7900 XTX 24 GB Video Card (RX-79XMERCB9) - PCPartPicker
2024-02-06,96433.5,XFX Speedster MERC 310 Black Edition Radeon RX 7900 XTX 24 GB Video Card (RX-79XMERCB9) - PCPartPicker
2024-02-07,96433.5,XFX Speedster MERC 310 Black Edition Radeon RX 7900 XTX 24 GB Video Card (RX-79XMERCB9) - PCPartPicker
2024-02-08,95933.5,XFX Speedster MERC 310 Black Edition Radeon RX 7900 XTX 24 GB Video Card (RX-79XMERCB9) - PCPartPicker
2024-02-09,95933.5,XFX Speedster MERC 310 Black Edition Radeon RX 7900 XTX 24 GB Video Card (RX-79XMERCB9) - PCPartPicker
2024-02-10,95933.5,XFX Speedster MERC 310 Black Edition Radeon RX 7900 XTX 24 GB Video Card (RX-79XMERCB9) - PCPartPicker
2024-02-11,95933.5,XFX Speedster MERC 310 Black Edition Radeon RX 7900 XTX 24 GB Video Card (RX-79XMERCB9) - PCPartPicker
2024-02-12,95933.5,XFX Speedster MERC 310 Black Edition Radeon RX 7900 XTX 24 GB Video Card (RX-79XMERCB9) - PCPartPicker
2024-02-13,95933.5,XFX Speedster MERC 310 Black Edition Radeon RX 7900 XTX 24 GB Video Card (RX-79XMERCB9) - PCPartPicker
2024-02-14,94933.5,XFX Speedster MERC 310 Black Edition Radeon RX 7900 XTX 24 GB Video Card (RX-79XMERCB9) - PCPartPicker
2024-02-15,94933.5,XFX Speedster MERC 310 Black Edition Radeon RX 7900 XTX 24 GB Video Card (RX-79XMERCB9) - PCPartPicker
2024-02-16,94933.5,XFX Speedster MERC 310 Black Edition Radeon RX 7900 XTX 24 GB Video Card (RX-79XMERCB9) - PCPartPicker
2024-02-17,94933.5,XFX Speedster MERC 310 Black Edition Radeon RX 7900 XTX 24 GB Video Card (RX-79XMERCB9) - PCPartPicker
2024-02-18,94933.5,XFX Speedster MERC 310 Black Edition Radeon RX 7900 XTX 24 GB Video Card (RX-79XMERCB9) - PCPartPicker
2024-02-19,94933.5,XFX Speedster MERC 310 Black Edition Radeon RX 7900 XTX 24 GB Video Card (RX-79XMERCB9) - PCPartPicker
2024-02-20,94933.5,XFX Speedster MERC 310 Black Edition Radeon RX 7900 XTX 24 GB Video Card (RX-79XMERCB9) - PCPartPicker
2024-02-21,94933.5,XFX Speedster MERC 310 Black Edition Radeon RX 7900 XTX 24 GB Video Card (RX-79XMERCB9) - PCPartPicker
2024-02-22,94933.5,XFX Speedster MERC 310 Black Edition Radeon RX 7900 XTX 24 GB Video Card (RX-79XMERCB9) - PCPartPicker
2024-02-23,94933.5,XFX Speedster MERC 310 Black Edition Radeon RX 7900 XTX 24 GB Video Card (RX-79XMERCB9) - PCPartPicker
2024-02-24,93530.5,XFX Speedster MERC 310 Black Edition Radeon RX 7900 XTX 24 GB Video Card (RX-79XMERCB9) - PCPartPicker
2024-02-25,92999.0,XFX Speedster MERC 310 Black Edition Radeon RX 7900 XTX 24 GB Video Card (RX-79XMERCB9) - PCPartPicker
2024-02-26,92999.0,XFX Speedster MERC 310 Black Edition Radeon RX 7900 XTX 24 GB Video Card (RX-79XMERCB9) - PCPartPicker
2024-02-27,96499.0,XFX Speedster MERC 310 Black Edition Radeon RX 7900 XTX 24 GB Video Card (RX-79XMERCB9) - PCPartPicker
2024-02-28,96499.0,XFX Speedster MERC 310 Black Edition Radeon RX 7900 XTX 24 GB Video Card (RX-79XMERCB9) - PCPartPicker
2024-02-29,96499.0,XFX Speedster MERC 310 Black Edition Radeon RX 7900 XTX 24 GB Video Card (RX-79XMERCB9) - PCPartPicker
2024-03-01,96499.0,XFX Speedster MERC 310 Black Edition Radeon RX 7900 XTX 24 GB Video Card (RX-79XMERCB9) - PCPartPicker
2024-03-02,92999.0,XFX Speedster MERC 310 Black Edition Radeon RX 7900 XTX 24 GB Video Card (RX-79XMERCB9) - PCPartPicker
2024-03-03,92999.0,XFX Speedster MERC 310 Black Edition Radeon RX 7900 XTX 24 GB Video Card (RX-79XMERCB9) - PCPartPicker
2024-03-04,93999.0,XFX Speedster MERC 310 Black Edition Radeon RX 7900 XTX 24 GB Video Card (RX-79XMERCB9) - PCPartPicker
2024-03-05,93999.0,XFX Speedster MERC 310 Black Edition Radeon RX 7900 XTX 24 GB Video Card (RX-79XMERCB9) - PCPartPicker
2024-03-06,93999.0,XFX Speedster MERC 310 Black Edition Radeon RX 7900 XTX 24 GB Video Card (RX-79XMERCB9) - PCPartPicker
2024-03-07,93999.0,XFX Speedster MERC 310 Black Edition Radeon RX 7900 XTX 24 GB Video Card (RX-79XMERCB9) - PCPartPicker
2024-03-08,93999.0,XFX Speedster MERC 310 Black Edition Radeon RX 7900 XTX 24 GB Video Card (RX-79XMERCB9) - PCPartPicker
2024-03-09,93999.0,XFX Speedster MERC 310 Black Edition Radeon RX 7900 XTX 24 GB Video Card (RX-79XMERCB9) - PCPartPicker
2024-03-10,93999.0,XFX Speedster MERC 310 Black Edition Radeon RX 7900 XTX 24 GB Video Card (RX-79XMERCB9) - PCPartPicker
2024-03-11,93999.0,XFX Speedster MERC 310 Black Edition Radeon RX 7900 XTX 24 GB Video Card (RX-79XMERCB9) - PCPartPicker
2024-03-12,93999.0,XFX Speedster MERC 310 Black Edition Radeon RX 7900 XTX 24 GB Video Card (RX-79XMERCB9) - PCPartPicker
2024-03-13,93999.0,XFX Speedster MERC 310 Black Edition Radeon RX 7900 XTX 24 GB Video Card (RX-79XMERCB9) - PCPartPicker
2024-03-14,93999.0,XFX Speedster MERC 310 Black Edition Radeon RX 7900 XTX 24 GB Video Card (RX-79XMERCB9) - PCPartPicker
2024-03-15,93999.0,XFX Speedster MERC 310 Black Edition Radeon RX 7900 XTX 24 GB Video Card (RX-79XMERCB9) - PCPartPicker
2024-03-16,93999.0,XFX Speedster MERC 310 Black Edition Radeon RX 7900 XTX 24 GB Video Card (RX-79XMERCB9) - PCPartPicker
2024-03-17,93999.0,XFX Speedster MERC 310 Black Edition Radeon RX 7900 XTX 24 GB Video Card (RX-79XMERCB9) - PCPartPicker
2024-03-18,93999.0,XFX Speedster MERC 310 Black Edition Radeon RX 7900 XTX 24 GB Video Card (RX-79XMERCB9) - PCPartPicker
2024-03-19,93999.0,XFX Speedster MERC 310 Black Edition Radeon RX 7900 XTX 24 GB Video Card (RX-79XMERCB9) - PCPartPicker
2024-03-20,93999.0,XFX Speedster MERC 310 Black Edition Radeon RX 7900 XTX 24 GB Video Card (RX-79XMERCB9) - PCPartPicker
2024-03-21,93999.0,XFX Speedster MERC 310 Black Edition Radeon RX 7900 XTX 24 GB Video Card (RX-79XMERCB9) - PCPartPicker
2024-03-22,93838.0,XFX Speedster MERC 310 Black Edition Radeon RX 7900 XTX 24 GB Video Card (RX-79XMERCB9) - PCPartPicker
2024-03-23,93838.0,XFX Speedster MERC 310 Black Edition Radeon RX 7900 XTX 24 GB Video Card (RX-79XMERCB9) - PCPartPicker
2024-03-24,93838.0,XFX Speedster MERC 310 Black Edition Radeon RX 7900 XTX 24 GB Video Card (RX-79XMERCB9) - PCPartPicker
2024-03-25,93838.0,XFX Speedster MERC 310 Black Edition Radeon RX 7900 XTX 24 GB Video Card (RX-79XMERCB9) - PCPartPicker
2024-03-26,93838.0,XFX Speedster MERC 310 Black Edition Radeon RX 7900 XTX 24 GB Video Card (RX-79XMERCB9) - PCPartPicker
2024-03-27,93838.0,XFX Speedster MERC 310 Black Edition Radeon RX 7900 XTX 24 GB Video Card (RX-79XMERCB9) - PCPartPicker
2024-03-28,93838.0,XFX Speedster MERC 310 Black Edition Radeon RX 7900 XTX 24 GB Video Card (RX-79XMERCB9) - PCPartPicker
2024-03-29,93999.0,XFX Speedster MERC 310 Black Edition Radeon RX 7900 XTX 24 GB Video Card (RX-79XMERCB9) - PCPartPicker
2024-03-30,93838.0,XFX Speedster MERC 310 Black Edition Radeon RX 7900 XTX 24 GB Video Card (RX-79XMERCB9) - PCPartPicker
2024-03-31,95999.0,XFX Speedster MERC 310 Black Edition Radeon RX 7900 XTX 24 GB Video Card (RX-79XMERCB9) - PCPartPicker
2024-04-01,93999.0,XFX Speedster MERC 310 Black Edition Radeon RX 7900 XTX 24 GB Video Card (RX-79XMERCB9) - PCPartPicker
2024-04-02,93836.0,XFX Speedster MERC 310 Black Edition Radeon RX 7900 XTX 24 GB Video Card (RX-79XMERCB9) - PCPartPicker
2024-04-03,93836.0,XFX Speedster MERC 310 Black Edition Radeon RX 7900 XTX 24 GB Video Card (RX-79XMERCB9) - PCPartPicker
2024-04-04,93999.0,XFX Speedster MERC 310 Black Edition Radeon RX 7900 XTX 24 GB Video Card (RX-79XMERCB9) - PCPartPicker
2024-04-05,93999.0,XFX Speedster MERC 310 Black Edition Radeon RX 7900 XTX 24 GB Video Card (RX-79XMERCB9) - PCPartPicker
2024-04-06,93999.0,XFX Speedster MERC 310 Black Edition Radeon RX 7900 XTX 24 GB Video Card (RX-79XMERCB9) - PCPartPicker
2024-04-07,93999.0,XFX Speedster MERC 310 Black Edition Radeon RX 7900 XTX 24 GB Video Card (RX-79XMERCB9) - PCPartPicker
2024-04-08,93999.0,XFX Speedster MERC 310 Black Edition Radeon RX 7900 XTX 24 GB Video Card (RX-79XMERCB9) - PCPartPicker
2024-04-09,93999.0,XFX Speedster MERC 310 Black Edition Radeon RX 7900 XTX 24 GB Video Card (RX-79XMERCB9) - PCPartPicker
2024-04-10,93999.0,XFX Speedster MERC 310 Black Edition Radeon RX 7900 XTX 24 GB Video Card (RX-79XMERCB9) - PCPartPicker
2024-04-11,93999.0,XFX Speedster MERC 310 Black Edition Radeon RX 7900 XTX 24 GB Video Card (RX-79XMERCB9) - PCPartPicker
2024-04-12,93999.0,XFX Speedster MERC 310 Black Edition Radeon RX 7900 XTX 24 GB Video Card (RX-79XMERCB9) - PCPartPicker
2024-04-13,93999.0,XFX Speedster MERC 310 Black Edition Radeon RX 7900 XTX 24 GB Video Card (RX-79XMERCB9) - PCPartPicker
2024-04-14,93999.0,XFX Speedster MERC 310 Black Edition Radeon RX 7900 XTX 24 GB Video Card (RX-79XMERCB9) - PCPartPicker
2024-04-15,93999.0,XFX Speedster MERC 310 Black Edition Radeon RX 7900 XTX 24 GB Video Card (RX-79XMERCB9) - PCPartPicker
2024-04-16,93999.0,XFX Speedster MERC 310 Black Edition Radeon RX 7900 XTX 24 GB Video Card (RX-79XMERCB9) - PCPartPicker
2024-04-17,93999.0,XFX Speedster MERC 310 Black Edition Radeon RX 7900 XTX 24 GB Video Card (RX-79XMERCB9) - PCPartPicker
2024-04-18,93838.0,XFX Speedster MERC 310 Black Edition Radeon RX 7900 XTX 24 GB Video Card (RX-79XMERCB9) - PCPartPicker
2024-04-19,93838.0,XFX Speedster MERC 310 Black Edition Radeon RX 7900 XTX 24 GB Video Card (RX-79XMERCB9) - PCPartPicker
2024-04-20,93838.0,XFX Speedster MERC 310 Black Edition Radeon RX 7900 XTX 24 GB Video Card (RX-79XMERCB9) - PCPartPicker
2024-04-21,93838.0,XFX Speedster MERC 310 Black Edition Radeon RX 7900 XTX 24 GB Video Card (RX-79XMERCB9) - PCPartPicker
2024-04-22,93838.0,XFX Speedster MERC 310 Black Edition Radeon RX 7900 XTX 24 GB Video Card (RX-79XMERCB9) - PCPartPicker
2024-04-23,93838.0,XFX Speedster MERC 310 Black Edition Radeon RX 7900 XTX 24 GB Video Card (RX-79XMERCB9) - PCPartPicker
2024-04-24,93838.0,XFX Speedster MERC 310 Black Edition Radeon RX 7900 XTX 24 GB Video Card (RX-79XMERCB9) - PCPartPicker
2024-04-25,93838.0,XFX Speedster MERC 310 Black Edition Radeon RX 7900 XTX 24 GB Video Card (RX-79XMERCB9) - PCPartPicker
2024-04-26,93838.0,XFX Speedster MERC 310 Black Edition Radeon RX 7900 XTX 24 GB Video Card (RX-79XMERCB9) - PCPartPicker
2024-04-27,93838.0,XFX Speedster MERC 310 Black Edition Radeon RX 7900 XTX 24 GB Video Card (RX-79XMERCB9) - PCPartPicker
2024-04-28,93838.0,XFX Speedster MERC 310 Black Edition Radeon RX 7900 XTX 24 GB Video Card (RX-79XMERCB9) - PCPartPicker
2024-04-29,93838.0,XFX Speedster MERC 310 Black Edition Radeon RX 7900 XTX 24 GB Video Card (RX-79XMERCB9) - PCPartPicker
2024-04-30,93838.0,XFX Speedster MERC 310 Black Edition Radeon RX 7900 XTX 24 GB Video Card (RX-79XMERCB9) - PCPartPicker
2024-05-01,95499.0,XFX Speedster MERC 310 Black Edition Radeon RX 7900 XTX 24 GB Video Card (RX-79XMERCB9) - PCPartPicker
2024-05-02,95499.0,XFX Speedster MERC 310 Black Edition Radeon RX 7900 XTX 24 GB Video Card (RX-79XMERCB9) - PCPartPicker
2024-05-03,95499.0,XFX Speedster MERC 310 Black Edition Radeon RX 7900 XTX 24 GB Video Card (RX-79XMERCB9) - PCPartPicker
2024-05-04,95499.0,XFX Speedster MERC 310 Black Edition Radeon RX 7900 XTX 24 GB Video Card (RX-79XMERCB9) - PCPartPicker
2024-05-05,95499.0,XFX Speedster MERC 310 Black Edition Radeon RX 7900 XTX 24 GB Video Card (RX-79XMERCB9) - PCPartPicker
2024-05-06,95499.0,XFX Speedster MERC 310 Black Edition Radeon RX 7900 XTX 24 GB Video Card (RX-79XMERCB9) - PCPartPicker
2024-05-07,94999.0,XFX Speedster MERC 310 Black Edition Radeon RX 7900 XTX 24 GB Video Card (RX-79XMERCB9) - PCPartPicker
2024-05-08,94999.0,XFX Speedster MERC 310 Black Edition Radeon RX 7900 XTX 24 GB Video Card (RX-79XMERCB9) - PCPartPicker
2024-05-09,94999.0,XFX Speedster MERC 310 Black Edition Radeon RX 7900 XTX 24 GB Video Card (RX-79XMERCB9) - PCPartPicker
2024-05-10,94999.0,XFX Speedster MERC 310 Black Edition Radeon RX 7900 XTX 24 GB Video Card (RX-79XMERCB9) - PCPartPicker
2024-05-11,94999.0,XFX Speedster MERC 310 Black Edition Radeon RX 7900 XTX 24 GB Video Card (RX-79XMERCB9) - PCPartPicker
2024-05-12,94999.0,XFX Speedster MERC 310 Black Edition Radeon RX 7900 XTX 24 GB Video Card (RX-79XMERCB9) - PCPartPicker
2024-05-13,94999.0,XFX Speedster MERC 310 Black Edition Radeon RX 7900 XTX 24 GB Video Card (RX-79XMERCB9) - PCPartPicker
2024-05-14,94999.0,XFX Speedster MERC 310 Black Edition Radeon RX 7900 XTX 24 GB Video Card (RX-79XMERCB9) - PCPartPicker
2024-05-15,94999.0,XFX Speedster MERC 310 Black Edition Radeon RX 7900 XTX 24 GB Video Card (RX-79XMERCB9) - PCPartPicker
2024-05-16,93838.0,XFX Speedster MERC 310 Black Edition Radeon RX 7900 XTX 24 GB Video Card (RX-79XMERCB9) - PCPartPicker
2024-05-17,93838.0,XFX Speedster MERC 310 Black Edition Radeon RX 7900 XTX 24 GB Video Card (RX-79XMERCB9) - PCPartPicker
2024-05-18,93838.0,XFX Speedster MERC 310 Black Edition Radeon RX 7900 XTX 24 GB Video Card (RX-79XMERCB9) - PCPartPicker
2024-05-19,93838.0,XFX Speedster MERC 310 Black Edition Radeon RX 7900 XTX 24 GB Video Card (RX-79XMERCB9) - PCPartPicker
2024-05-20,93838.0,XFX Speedster MERC 310 Black Edition Radeon RX 7900 XTX 24 GB Video Card (RX-79XMERCB9) - PCPartPicker
2024-05-21,93838.0,XFX Speedster MERC 310 Black Edition Radeon RX 7900 XTX 24 GB Video Card (RX-79XMERCB9) - PCPartPicker
2024-05-22,93838.0,XFX Speedster MERC 310 Black Edition Radeon RX 7900 XTX 24 GB Video Card (RX-79XMERCB9) - PCPartPicker
2024-05-23,93838.0,XFX Speedster MERC 310 Black Edition Radeon RX 7900 XTX 24 GB Video Card (RX-79XMERCB9) - PCPartPicker
2024-05-24,93838.0,XFX Speedster MERC 310 Black Edition Radeon RX 7900 XTX 24 GB Video Card (RX-79XMERCB9) - PCPartPicker
2024-05-25,93838.0,XFX Speedster MERC 310 Black Edition Radeon RX 7900 XTX 24 GB Video Card (RX-79XMERCB9) - PCPartPicker
2024-05-26,93838.0,XFX Speedster MERC 310 Black Edition Radeon RX 7900 XTX 24 GB Video Card (RX-79XMERCB9) - PCPartPicker
2024-05-27,93838.0,XFX Speedster MERC 310 Black Edition Radeon RX 7900 XTX 24 GB Video Card (RX-79XMERCB9) - PCPartPicker
2024-05-28,93838.0,XFX Speedster MERC 310 Black Edition Radeon RX 7900 XTX 24 GB Video Card (RX-79XMERCB9) - PCPartPicker
2024-05-29,93838.0,XFX Speedster MERC 310 Black Edition Radeon RX 7900 XTX 24 GB Video Card (RX-79XMERCB9) - PCPartPicker
2024-05-30,93838.0,XFX Speedster MERC 310 Black Edition Radeon RX 7900 XTX 24 GB Video Card (RX-79XMERCB9) - PCPartPicker
2024-05-31,92838.0,XFX Speedster MERC 310 Black Edition Radeon RX 7900 XTX 24 GB Video Card (RX-79XMERCB9) - PCPartPicker
2024-06-01,92838.0,XFX Speedster MERC 310 Black Edition Radeon RX 7900 XTX 24 GB Video Card (RX-79XMERCB9) - PCPartPicker
2024-06-02,92838.0,XFX Speedster MERC 310 Black Edition Radeon RX 7900 XTX 24 GB Video Card (RX-79XMERCB9) - PCPartPicker
2024-06-03,92838.0,XFX Speedster MERC 310 Black Edition Radeon RX 7900 XTX 24 GB Video Card (RX-79XMERCB9) - PCPartPicker
2024-06-04,92838.0,XFX Speedster MERC 310 Black Edition Radeon RX 7900 XTX 24 GB Video Card (RX-79XMERCB9) - PCPartPicker
2024-06-05,92838.0,XFX Speedster MERC 310 Black Edition Radeon RX 7900 XTX 24 GB Video Card (RX-79XMERCB9) - PCPartPicker
2024-06-06,92096.0,XFX Speedster MERC 310 Black Edition Radeon RX 7900 XTX 24 GB Video Card (RX-79XMERCB9) - PCPartPicker
2024-06-07,92096.0,XFX Speedster MERC 310 Black Edition Radeon RX 7900 XTX 24 GB Video Card (RX-79XMERCB9) - PCPartPicker
2024-06-08,92096.0,XFX Speedster MERC 310 Black Edition Radeon RX 7900 XTX 24 GB Video Card (RX-79XMERCB9) - PCPartPicker
2024-06-09,92096.0,XFX Speedster MERC 310 Black Edition Radeon RX 7900 XTX 24 GB Video Card (RX-79XMERCB9) - PCPartPicker
2024-06-10,92096.0,XFX Speedster MERC 310 Black Edition Radeon RX 7900 XTX 24 GB Video Card (RX-79XMERCB9) - PCPartPicker
2024-06-11,92096.0,XFX Speedster MERC 310 Black Edition Radeon RX 7900 XTX 24 GB Video Card (RX-79XMERCB9) - PCPartPicker
2024-06-12,92499.0,XFX Speedster MERC 310 Black Edition Radeon RX 7900 XTX 24 GB Video Card (RX-79XMERCB9) - PCPartPicker
2024-06-13,92499.0,XFX Speedster MERC 310 Black Edition Radeon RX 7900 XTX 24 GB Video Card (RX-79XMERCB9) - PCPartPicker
2024-06-14,92499.0,XFX Speedster MERC 310 Black Edition Radeon RX 7900 XTX 24 GB Video Card (RX-79XMERCB9) - PCPartPicker
2024-06-15,92499.0,XFX Speedster MERC 310 Black Edition Radeon RX 7900 XTX 24 GB Video Card (RX-79XMERCB9) - PCPartPicker
2024-06-16,92499.0,XFX Speedster MERC 310 Black Edition Radeon RX 7900 XTX 24 GB Video Card (RX-79XMERCB9) - PCPartPicker
2024-06-17,93499.0,XFX Speedster MERC 310 Black Edition Radeon RX 7900 XTX 24 GB Video Card (RX-79XMERCB9) - PCPartPicker
2024-06-18,91999.0,XFX Speedster MERC 310 Black Edition Radeon RX 7900 XTX 24 GB Video Card (RX-79XMERCB9) - PCPartPicker
2024-06-19,91999.0,XFX Speedster MERC 310 Black Edition Radeon RX 7900 XTX 24 GB Video Card (RX-79XMERCB9) - PCPartPicker
2024-06-20,91999.0,XFX Speedster MERC 310 Black Edition Radeon RX 7900 XTX 24 GB Video Card (RX-79XMERCB9) - PCPartPicker
2024-06-21,91999.0,XFX Speedster MERC 310 Black Edition Radeon RX 7900 XTX 24 GB Video Card (RX-79XMERCB9) - PCPartPicker
2024-06-22,91999.0,XFX Speedster MERC 310 Black Edition Radeon RX 7900 XTX 24 GB Video Card (RX-79XMERCB9) - PCPartPicker
2024-06-23,91999.0,XFX Speedster MERC 310 Black Edition Radeon RX 7900 XTX 24 GB Video Card (RX-79XMERCB9) - PCPartPicker
2024-06-24,91999.0,XFX Speedster MERC 310 Black Edition Radeon RX 7900 XTX 24 GB Video Card (RX-79XMERCB9) - PCPartPicker
2024-06-25,91999.0,XFX Speedster MERC 310 Black Edition Radeon RX 7900 XTX 24 GB Video Card (RX-79XMERCB9) - PCPartPicker
2024-06-26,91596.0,XFX Speedster MERC 310 Black Edition Radeon RX 7900 XTX 24 GB Video Card (RX-79XMERCB9) - PCPartPicker
2024-06-27,91596.0,XFX Speedster MERC 310 Black Edition Radeon RX 7900 XTX 24 GB Video Card (RX-79XMERCB9) - PCPartPicker
2024-06-28,91596.0,XFX Speedster MERC 310 Black Edition Radeon RX 7900 XTX 24 GB Video Card (RX-79XMERCB9) - PCPartPicker
2024-06-29,91596.0,XFX Speedster MERC 310 Black Edition Radeon RX 7900 XTX 24 GB Video Card (RX-79XMERCB9) - PCPartPicker
2024-06-30,91596.0,XFX Speedster MERC 310 Black Edition Radeon RX 7900 XTX 24 GB Video Card (RX-79XMERCB9) - PCPartPicker
2024-07-01,93499.0,XFX Speedster MERC 310 Black Edition Radeon RX 7900 XTX 24 GB Video Card (RX-79XMERCB9) - PCPartPicker
2024-07-02,93499.0,XFX Speedster MERC 310 Black Edition Radeon RX 7900 XTX 24 GB Video Card (RX-79XMERCB9) - PCPartPicker
2024-07-03,91999.0,XFX Speedster MERC 310 Black Edition Radeon RX 7900 XTX 24 GB Video Card (RX-79XMERCB9) - PCPartPicker
2024-07-04,91999.0,XFX Speedster MERC 310 Black Edition Radeon RX 7900 XTX 24 GB Video Card (RX-79XMERCB9) - PCPartPicker
2024-07-05,91999.0,XFX Speedster MERC 310 Black Edition Radeon RX 7900 XTX 24 GB Video Card (RX-79XMERCB9) - PCPartPicker
2024-07-06,91999.0,XFX Speedster MERC 310 Black Edition Radeon RX 7900 XTX 24 GB Video Card (RX-79XMERCB9) - PCPartPicker
2024-07-07,91999.0,XFX Speedster MERC 310 Black Edition Radeon RX 7900 XTX 24 GB Video Card (RX-79XMERCB9) - PCPartPicker
2024-07-08,91596.0,XFX Speedster MERC 310 Black Edition Radeon RX 7900 XTX 24 GB Video Card (RX-79XMERCB9) - PCPartPicker
2024-07-09,91596.0,XFX Speedster MERC 310 Black Edition Radeon RX 7900 XTX 24 GB Video Card (RX-79XMERCB9) - PCPartPicker
2024-07-10,91596.0,XFX Speedster MERC 310 Black Edition Radeon RX 7900 XTX 24 GB Video Card (RX-79XMERCB9) - PCPartPicker
2024-07-11,91596.0,XFX Speedster MERC 310 Black Edition Radeon RX 7900 XTX 24 GB Video Card (RX-79XMERCB9) - PCPartPicker
2024-07-12,91596.0,XFX Speedster MERC 310 Black Edition Radeon RX 7900 XTX 24 GB Video Card (RX-79XMERCB9) - PCPartPicker
2024-07-13,91596.0,XFX Speedster MERC 310 Black Edition Radeon RX 7900 XTX 24 GB Video Card (RX-79XMERCB9) - PCPartPicker
2024-07-14,90596.0,XFX Speedster MERC 310 Black Edition Radeon RX 7900 XTX 24 GB Video Card (RX-79XMERCB9) - PCPartPicker
2024-07-15,89096.0,XFX Speedster MERC 310 Black Edition Radeon RX 7900 XTX 24 GB Video Card (RX-79XMERCB9) - PCPartPicker
2024-07-16,89096.0,XFX Speedster MERC 310 Black Edition Radeon RX 7900 XTX 24 GB Video Card (RX-79XMERCB9) - PCPartPicker
2024-07-17,86999.0,XFX Speedster MERC 310 Black Edition Radeon RX 7900 XTX 24 GB Video Card (RX-79XMERCB9) - PCPartPicker
2024-07-18,86999.0,XFX Speedster MERC 310 Black Edition Radeon RX 7900 XTX 24 GB Video Card (RX-79XMERCB9) - PCPartPicker
2024-07-19,86999.0,XFX Speedster MERC 310 Black Edition Radeon RX 7900 XTX 24 GB Video Card (RX-79XMERCB9) - PCPartPicker
2024-07-20,88999.0,XFX Speedster MERC 310 Black Edition Radeon RX 7900 XTX 24 GB Video Card (RX-79XMERCB9) - PCPartPicker
2024-07-21,93096.0,XFX Speedster MERC 310 Black Edition Radeon RX 7900 XTX 24 GB Video Card (RX-79XMERCB9) - PCPartPicker
2024-07-22,93096.0,XFX Speedster MERC 310 Black Edition Radeon RX 7900 XTX 24 GB Video Card (RX-79XMERCB9) - PCPartPicker
2024-07-23,92096.0,XFX Speedster MERC 310 Black Edition Radeon RX 7900 XTX 24 GB Video Card (RX-79XMERCB9) - PCPartPicker
2024-07-24,92096.0,XFX Speedster MERC 310 Black Edition Radeon RX 7900 XTX 24 GB Video Card (RX-79XMERCB9) - PCPartPicker
2024-07-25,92949.5,XFX Speedster MERC 310 Black Edition Radeon RX 7900 XTX 24 GB Video Card (RX-79XMERCB9) - PCPartPicker
2024-07-26,92949.5,XFX Speedster MERC 310 Black Edition Radeon RX 7900 XTX 24 GB Video Card (RX-79XMERCB9) - PCPartPicker
2024-07-27,92115.5,XFX Speedster MERC 310 Black Edition Radeon RX 7900 XTX 24 GB Video Card (RX-79XMERCB9) - PCPartPicker
2024-07-28,92115.5,XFX Speedster MERC 310 Black Edition Radeon RX 7900 XTX 24 GB Video Card (RX-79XMERCB9) - PCPartPicker
2024-07-29,92115.5,XFX Speedster MERC 310 Black Edition Radeon RX 7900 XTX 24 GB Video Card (RX-79XMERCB9) - PCPartPicker
2024-07-30,92115.5,XFX Speedster MERC 310 Black Edition Radeon RX 7900 XTX 24 GB Video Card (RX-79XMERCB9) - PCPartPicker
2024-07-31,92115.5,XFX Speedster MERC 310 Black Edition Radeon RX 7900 XTX 24 GB Video Card (RX-79XMERCB9) - PCPartPicker
2024-08-01,92115.5,XFX Speedster MERC 310 Black Edition Radeon RX 7900 XTX 24 GB Video Card (RX-79XMERCB9) - PCPartPicker
2024-08-02,92115.5,XFX Speedster MERC 310 Black Edition Radeon RX 7900 XTX 24 GB Video Card (RX-79XMERCB9) - PCPartPicker
2024-08-03,92115.5,XFX Speedster MERC 310 Black Edition Radeon RX 7900 XTX 24 GB Video Card (RX-79XMERCB9) - PCPartPicker
2024-08-04,92115.5,XFX Speedster MERC 310 Black Edition Radeon RX 7900 XTX 24 GB Video Card (RX-79XMERCB9) - PCPartPicker
2024-08-05,93115.5,XFX Speedster MERC 310 Black Edition Radeon RX 7900 XTX 24 GB Video Card (RX-79XMERCB9) - PCPartPicker
2024-08-06,93115.5,XFX Speedster MERC 310 Black Edition Radeon RX 7900 XTX 24 GB Video Card (RX-79XMERCB9) - PCPartPicker
2024-08-07,93115.5,XFX Speedster MERC 310 Black Edition Radeon RX 7900 XTX 24 GB Video Card (RX-79XMERCB9) - PCPartPicker
2024-08-08,93115.5,XFX Speedster MERC 310 Black Edition Radeon RX 7900 XTX 24 GB Video Card (RX-79XMERCB9) - PCPartPicker
2024-08-09,93115.5,XFX Speedster MERC 310 Black Edition Radeon RX 7900 XTX 24 GB Video Card (RX-79XMERCB9) - PCPartPicker
2024-08-10,93115.5,XFX Speedster MERC 310 Black Edition Radeon RX 7900 XTX 24 GB Video Card (RX-79XMERCB9) - PCPartPicker
2024-08-11,93115.5,XFX Speedster MERC 310 Black Edition Radeon RX 7900 XTX 24 GB Video Card (RX-79XMERCB9) - PCPartPicker
2024-08-12,93115.5,XFX Speedster MERC 310 Black Edition Radeon RX 7900 XTX 24 GB Video Card (RX-79XMERCB9) - PCPartPicker
2024-08-13,93999.0,XFX Speedster MERC 310 Black Edition Radeon RX 7900 XTX 24 GB Video Card (RX-79XMERCB9) - PCPartPicker
2024-08-14,93999.0,XFX Speedster MERC 310 Black Edition Radeon RX 7900 XTX 24 GB Video Card (RX-79XMERCB9) - PCPartPicker
2024-08-15,93999.0,XFX Speedster MERC 310 Black Edition Radeon RX 7900 XTX 24 GB Video Card (RX-79XMERCB9) - PCPartPicker
2024-08-16,92499.0,XFX Speedster MERC 310 Black Edition Radeon RX 7900 XTX 24 GB Video Card (RX-79XMERCB9) - PCPartPicker
2024-08-17,92499.0,XFX Speedster MERC 310 Black Edition Radeon RX 7900 XTX 24 GB Video Card (RX-79XMERCB9) - PCPartPicker
2024-08-18,92499.0,XFX Speedster MERC 310 Black Edition Radeon RX 7900 XTX 24 GB Video Card (RX-79XMERCB9) - PCPartPicker
2024-08-19,92499.0,XFX Speedster MERC 310 Black Edition Radeon RX 7900 XTX 24 GB Video Card (RX-79XMERCB9) - PCPartPicker
2024-08-20,92499.0,XFX Speedster MERC 310 Black Edition Radeon RX 7900 XTX 24 GB Video Card (RX-79XMERCB9) - PCPartPicker
2024-08-21,92499.0,XFX Speedster MERC 310 Black Edition Radeon RX 7900 XTX 24 GB Video Card (RX-79XMERCB9) - PCPartPicker
2024-08-22,92499.0,XFX Speedster MERC 310 Black Edition Radeon RX 7900 XTX 24 GB Video Card (RX-79XMERCB9) - PCPartPicker
2024-08-23,92115.5,XFX Speedster MERC 310 Black Edition Radeon RX 7900 XTX 24 GB Video Card (RX-79XMERCB9) - PCPartPicker
2024-08-24,92115.5,XFX Speedster MERC 310 Black Edition Radeon RX 7900 XTX 24 GB Video Card (RX-79XMERCB9) - PCPartPicker
2024-08-25,92115.5,XFX Speedster MERC 310 Black Edition Radeon RX 7900 XTX 24 GB Video Card (RX-79XMERCB9) - PCPartPicker
2024-08-26,92115.5,XFX Speedster MERC 310 Black Edition Radeon RX 7900 XTX 24 GB Video Card (RX-79XMERCB9) - PCPartPicker
2024-08-27,92115.5,XFX Speedster MERC 310 Black Edition Radeon RX 7900 XTX 24 GB Video Card (RX-79XMERCB9) - PCPartPicker
2024-08-28,92115.5,XFX Speedster MERC 310 Black Edition Radeon RX 7900 XTX 24 GB Video Card (RX-79XMERCB9) - PCPartPicker
2024-08-29,92115.5,XFX Speedster MERC 310 Black Edition Radeon RX 7900 XTX 24 GB Video Card (RX-79XMERCB9) - PCPartPicker
2024-08-30,92115.5,XFX Speedster MERC 310 Black Edition Radeon RX 7900 XTX 24 GB Video Card (RX-79XMERCB9) - PCPartPicker
2024-08-31,91615.5,XFX Speedster MERC 310 Black Edition Radeon RX 7900 XTX 24 GB Video Card (RX-79XMERCB9) - PCPartPicker
2024-09-01,90615.5,XFX Speedster MERC 310 Black Edition Radeon RX 7900 XTX 24 GB Video Card (RX-79XMERCB9) - PCPartPicker
2024-09-02,93115.5,XFX Speedster MERC 310 Black Edition Radeon RX 7900 XTX 24 GB Video Card (RX-79XMERCB9) - PCPartPicker
2024-09-03,93115.5,XFX Speedster MERC 310 Black Edition Radeon RX 7900 XTX 24 GB Video Card (RX-79XMERCB9) - PCPartPicker
2024-09-04,93115.5,XFX Speedster MERC 310 Black Edition Radeon RX 7900 XTX 24 GB Video Card (RX-79XMERCB9) - PCPartPicker
2024-09-05,93115.5,XFX Speedster MERC 310 Black Edition Radeon RX 7900 XTX 24 GB Video Card (RX-79XMERCB9) - PCPartPicker
2024-09-06,90615.5,XFX Speedster MERC 310 Black Edition Radeon RX 7900 XTX 24 GB Video Card (RX-79XMERCB9) - PCPartPicker
2024-09-07,90615.5,XFX Speedster MERC 310 Black Edition Radeon RX 7900 XTX 24 GB Video Card (RX-79XMERCB9) - PCPartPicker
2024-09-08,90615.5,XFX Speedster MERC 310 Black Edition Radeon RX 7900 XTX 24 GB Video Card (RX-79XMERCB9) - PCPartPicker
2024-09-09,90615.5,XFX Speedster MERC 310 Black Edition Radeon RX 7900 XTX 24 GB Video Card (RX-79XMERCB9) - PCPartPicker
2024-09-10,90615.5,XFX Speedster MERC 310 Black Edition Radeon RX 7900 XTX 24 GB Video Card (RX-79XMERCB9) - PCPartPicker
2024-09-11,90615.5,XFX Speedster MERC 310 Black Edition Radeon RX 7900 XTX 24 GB Video Card (RX-79XMERCB9) - PCPartPicker
2024-09-12,90615.5,XFX Speedster MERC 310 Black Edition Radeon RX 7900 XTX 24 GB Video Card (RX-79XMERCB9) - PCPartPicker
2024-09-13,90615.5,XFX Speedster MERC 310 Black Edition Radeon RX 7900 XTX 24 GB Video Card (RX-79XMERCB9) - PCPartPicker
2024-09-14,90615.5,XFX Speedster MERC 310 Black Edition Radeon RX 7900 XTX 24 GB Video Card (RX-79XMERCB9) - PCPartPicker
2024-09-15,90615.5,XFX Speedster MERC 310 Black Edition Radeon RX 7900 XTX 24 GB Video Card (RX-79XMERCB9) - PCPartPicker
2024-09-16,90615.5,XFX Speedster MERC 310 Black Edition Radeon RX 7900 XTX 24 GB Video Card (RX-79XMERCB9) - PCPartPicker
2024-09-17,90615.5,XFX Speedster MERC 310 Black Edition Radeon RX 7900 XTX 24 GB Video Card (RX-79XMERCB9) - PCPartPicker
2024-09-18,90615.5,XFX Speedster MERC 310 Black Edition Radeon RX 7900 XTX 24 GB Video Card (RX-79XMERCB9) - PCPartPicker
2024-09-19,90615.5,XFX Speedster MERC 310 Black Edition Radeon RX 7900 XTX 24 GB Video Card (RX-79XMERCB9) - PCPartPicker
2024-09-20,90615.5,XFX Speedster MERC 310 Black Edition Radeon RX 7900 XTX 24 GB Video Card (RX-79XMERCB9) - PCPartPicker
2024-09-21,90615.5,XFX Speedster MERC 310 Black Edition Radeon RX 7900 XTX 24 GB Video Card (RX-79XMERCB9) - PCPartPicker
2024-09-22,90615.5,XFX Speedster MERC 310 Black Edition Radeon RX 7900 XTX 24 GB Video Card (RX-79XMERCB9) - PCPartPicker
2024-09-23,89999.0,XFX Speedster MERC 310 Black Edition Radeon RX 7900 XTX 24 GB Video Card (RX-79XMERCB9) - PCPartPicker
2024-09-24,89999.0,XFX Speedster MERC 310 Black Edition Radeon RX 7900 XTX 24 GB Video Card (RX-79XMERCB9) - PCPartPicker
2024-09-25,89999.0,XFX Speedster MERC 310 Black Edition Radeon RX 7900 XTX 24 GB Video Card (RX-79XMERCB9) - PCPartPicker
2024-09-26,89999.0,XFX Speedster MERC 310 Black Edition Radeon RX 7900 XTX 24 GB Video Card (RX-79XMERCB9) - PCPartPicker
2024-09-27,89999.0,XFX Speedster MERC 310 Black Edition Radeon RX 7900 XTX 24 GB Video Card (RX-79XMERCB9) - PCPartPicker
2024-09-28,89999.0,XFX Speedster MERC 310 Black Edition Radeon RX 7900 XTX 24 GB Video Card (RX-79XMERCB9) - PCPartPicker
2024-09-29,89999.0,XFX Speedster MERC 310 Black Edition Radeon RX 7900 XTX 24 GB Video Card (RX-79XMERCB9) - PCPartPicker
2024-09-30,94999.0,XFX Speedster MERC 310 Black Edition Radeon RX 7900 XTX 24 GB Video Card (RX-79XMERCB9) - PCPartPicker
2024-10-01,94999.0,XFX Speedster MERC 310 Black Edition Radeon RX 7900 XTX 24 GB Video Card (RX-79XMERCB9) - PCPartPicker
2024-10-02,94999.0,XFX Speedster MERC 310 Black Edition Radeon RX 7900 XTX 24 GB Video Card (RX-79XMERCB9) - PCPartPicker
2024-10-03,94999.0,XFX Speedster MERC 310 Black Edition Radeon RX 7900 XTX 24 GB Video Card (RX-79XMERCB9) - PCPartPicker
2024-10-04,94999.0,XFX Speedster MERC 310 Black Edition Radeon RX 7900 XTX 24 GB Video Card (RX-79XMERCB9) - PCPartPicker
2024-10-05,94999.0,XFX Speedster MERC 310 Black Edition Radeon RX 7900 XTX 24 GB Video Card (RX-79XMERCB9) - PCPartPicker
2024-10-06,92999.0,XFX Speedster MERC 310 Black Edition Radeon RX 7900 XTX 24 GB Video Card (RX-79XMERCB9) - PCPartPicker
2024-10-07,89999.0,XFX Speedster MERC 310 Black Edition Radeon RX 7900 XTX 24 GB Video Card (RX-79XMERCB9) - PCPartPicker
2024-10-08,84999.0,XFX Speedster MERC 310 Black Edition Radeon RX 7900 XTX 24 GB Video Card (RX-79XMERCB9) - PCPartPicker
2024-10-09,84999.0,XFX Speedster MERC 310 Black Edition Radeon RX 7900 XTX 24 GB Video Card (RX-79XMERCB9) - PCPartPicker
2024-10-10,84999.0,XFX Speedster MERC 310 Black Edition Radeon RX 7900 XTX 24 GB Video Card (RX-79XMERCB9) - PCPartPicker
2024-10-11,92999.0,XFX Speedster MERC 310 Black Edition Radeon RX 7900 XTX 24 GB Video Card (RX-79XMERCB9) - PCPartPicker
2024-10-12,84999.0,XFX Speedster MERC 310 Black Edition Radeon RX 7900 XTX 24 GB Video Card (RX-79XMERCB9) - PCPartPicker
2024-10-13,94999.0,XFX Speedster MERC 310 Black Edition Radeon RX 7900 XTX 24 GB Video Card (RX-79XMERCB9) - PCPartPicker
2024-10-14,92999.0,XFX Speedster MERC 310 Black Edition Radeon RX 7900 XTX 24 GB Video Card (RX-79XMERCB9) - PCPartPicker
2024-10-15,89999.0,XFX Speedster MERC 310 Black Edition Radeon RX 7900 XTX 24 GB Video Card (RX-79XMERCB9) - PCPartPicker
2024-10-16,89999.0,XFX Speedster MERC 310 Black Edition Radeon RX 7900 XTX 24 GB Video Card (RX-79XMERCB9) - PCPartPicker
2024-10-17,89999.0,XFX Speedster MERC 310 Black Edition Radeon RX 7900 XTX 24 GB Video Card (RX-79XMERCB9) - PCPartPicker
2024-10-18,89999.0,XFX Speedster MERC 310 Black Edition Radeon RX 7900 XTX 24 GB Video Card (RX-79XMERCB9) - PCPartPicker
2024-10-19,89999.0,XFX Speedster MERC 310 Black Edition Radeon RX 7900 XTX 24 GB Video Card (RX-79XMERCB9) - PCPartPicker
2024-10-20,89999.0,XFX Speedster MERC 310 Black Edition Radeon RX 7900 XTX 24 GB Video Card (RX-79XMERCB9) - PCPartPicker
2024-10-21,89999.0,XFX Speedster MERC 310 Black Edition Radeon RX 7900 XTX 24 GB Video Card (RX-79XMERCB9) - PCPartPicker
2024-10-22,89999.0,XFX Speedster MERC 310 Black Edition Radeon RX 7900 XTX 24 GB Video Card (RX-79XMERCB9) - PCPartPicker
2024-10-23,89999.0,XFX Speedster MERC 310 Black Edition Radeon RX 7900 XTX 24 GB Video Card (RX-79XMERCB9) - PCPartPicker
2024-10-24,89999.0,XFX Speedster MERC 310 Black Edition Radeon RX 7900 XTX 24 GB Video Card (RX-79XMERCB9) - PCPartPicker
2024-10-25,89999.0,XFX Speedster MERC 310 Black Edition Radeon RX 7900 XTX 24 GB Video Card (RX-79XMERCB9) - PCPartPicker
2024-10-26,89999.0,XFX Speedster MERC 310 Black Edition Radeon RX 7900 XTX 24 GB Video Card (RX-79XMERCB9) - PCPartPicker
2024-10-27,89999.0,XFX Speedster MERC 310 Black Edition Radeon RX 7900 XTX 24 GB Video Card (RX-79XMERCB9) - PCPartPicker
2024-10-28,89999.0,XFX Speedster MERC 310 Black Edition Radeon RX 7900 XTX 24 GB Video Card (RX-79XMERCB9) - PCPartPicker
2024-10-29,89999.0,XFX Speedster MERC 310 Black Edition Radeon RX 7900 XTX 24 GB Video Card (RX-79XMERCB9) - PCPartPicker
2024-10-30,89999.0,XFX Speedster MERC 310 Black Edition Radeon RX 7900 XTX 24 GB Video Card (RX-79XMERCB9) - PCPartPicker
2024-10-31,89999.0,XFX Speedster MERC 310 Black Edition Radeon RX 7900 XTX 24 GB Video Card (RX-79XMERCB9) - PCPartPicker
2024-11-01,89999.0,XFX Speedster MERC 310 Black Edition Radeon RX 7900 XTX 24 GB Video Card (RX-79XMERCB9) - PCPartPicker
2024-11-02,89999.0,XFX Speedster MERC 310 Black Edition Radeon RX 7900 XTX 24 GB Video Card (RX-79XMERCB9) - PCPartPicker
2024-11-03,89999.0,XFX Speedster MERC 310 Black Edition Radeon RX 7900 XTX 24 GB Video Card (RX-79XMERCB9) - PCPartPicker
2024-11-04,89999.0,XFX Speedster MERC 310 Black Edition Radeon RX 7900 XTX 24 GB Video Card (RX-79XMERCB9) - PCPartPicker
2024-11-05,89999.0,XFX Speedster MERC 310 Black Edition Radeon RX 7900 XTX 24 GB Video Card (RX-79XMERCB9) - PCPartPicker
2024-11-06,89999.0,XFX Speedster MERC 310 Black Edition Radeon RX 7900 XTX 24 GB Video Card (RX-79XMERCB9) - PCPartPicker
2024-11-07,89999.0,XFX Speedster MERC 310 Black Edition Radeon RX 7900 XTX 24 GB Video Card (RX-79XMERCB9) - PCPartPicker
2024-11-08,89999.0,XFX Speedster MERC 310 Black Edition Radeon RX 7900 XTX 24 GB Video Card (RX-79XMERCB9) - PCPartPicker
2024-11-09,89999.0,XFX Speedster MERC 310 Black Edition Radeon RX 7900 XTX 24 GB Video Card (RX-79XMERCB9) - PCPartPicker
2024-11-10,89999.0,XFX Speedster MERC 310 Black Edition Radeon RX 7900 XTX 24 GB Video Card (RX-79XMERCB9) - PCPartPicker
2024-11-11,94999.0,XFX Speedster MERC 310 Black Edition Radeon RX 7900 XTX 24 GB Video Card (RX-79XMERCB9) - PCPartPicker
2024-11-12,94999.0,XFX Speedster MERC 310 Black Edition Radeon RX 7900 XTX 24 GB Video Card (RX-79XMERCB9) - PCPartPicker
2024-11-13,94999.0,XFX Speedster MERC 310 Black Edition Radeon RX 7900 XTX 24 GB Video Card (RX-79XMERCB9) - PCPartPicker
2024-11-14,94999.0,XFX Speedster MERC 310 Black Edition Radeon RX 7900 XTX 24 GB Video Card (RX-79XMERCB9) - PCPartPicker
2024-11-15,94999.0,XFX Speedster MERC 310 Black Edition Radeon RX 7900 XTX 24 GB Video Card (RX-79XMERCB9) - PCPartPicker
2024-11-16,94999.0,XFX Speedster MERC 310 Black Edition Radeon RX 7900 XTX 24 GB Video Card (RX-79XMERCB9) - PCPartPicker
2024-11-17,94999.0,XFX Speedster MERC 310 Black Edition Radeon RX 7900 XTX 24 GB Video Card (RX-79XMERCB9) - PCPartPicker
2024-11-18,94999.0,XFX Speedster MERC 310 Black Edition Radeon RX 7900 XTX 24 GB Video Card (RX-79XMERCB9) - PCPartPicker
2024-11-19,94999.0,XFX Speedster MERC 310 Black Edition Radeon RX 7900 XTX 24 GB Video Card (RX-79XMERCB9) - PCPartPicker
2024-11-20,94999.0,XFX Speedster MERC 310 Black Edition Radeon RX 7900 XTX 24 GB Video Card (RX-79XMERCB9) - PCPartPicker
2024-11-21,89999.0,XFX Speedster MERC 310 Black Edition Radeon RX 7900 XTX 24 GB Video Card (RX-79XMERCB9) - PCPartPicker
2024-11-22,89999.0,XFX Speedster MERC 310 Black Edition Radeon RX 7900 XTX 24 GB Video Card (RX-79XMERCB9) - PCPartPicker
2024-11-23,89999.0,XFX Speedster MERC 310 Black Edition Radeon RX 7900 XTX 24 GB Video Card (RX-79XMERCB9) - PCPartPicker
2024-11-24,89999.0,XFX Speedster MERC 310 Black Edition Radeon RX 7900 XTX 24 GB Video Card (RX-79XMERCB9) - PCPartPicker
2024-11-25,89999.0,XFX Speedster MERC 310 Black Edition Radeon RX 7900 XTX 24 GB Video Card (RX-79XMERCB9) - PCPartPicker
2024-11-26,89999.0,XFX Speedster MERC 310 Black Edition Radeon RX 7900 XTX 24 GB Video Card (RX-79XMERCB9) - PCPartPicker
2024-11-27,89999.0,XFX Speedster MERC 310 Black Edition Radeon RX 7900 XTX 24 GB Video Card (RX-79XMERCB9) - PCPartPicker
2024-11-28,89999.0,XFX Speedster MERC 310 Black Edition Radeon RX 7900 XTX 24 GB Video Card (RX-79XMERCB9) - PCPartPicker
2024-11-29,89999.0,XFX Speedster MERC 310 Black Edition Radeon RX 7900 XTX 24 GB Video Card (RX-79XMERCB9) - PCPartPicker
2024-11-30,89999.0,XFX Speedster MERC 310 Black Edition Radeon RX 7900 XTX 24 GB Video Card (RX-79XMERCB9) - PCPartPicker
2024-12-01,89999.0,XFX Speedster MERC 310 Black Edition Radeon RX 7900 XTX 24 GB Video Card (RX-79XMERCB9) - PCPartPicker
2024-12-02,89999.0,XFX Speedster MERC 310 Black Edition Radeon RX 7900 XTX 24 GB Video Card (RX-79XMERCB9) - PCPartPicker
2024-12-03,93998.0,XFX Speedster MERC 310 Black Edition Radeon RX 7900 XTX 24 GB Video Card (RX-79XMERCB9) - PCPartPicker
2024-12-04,93998.0,XFX Speedster MERC 310 Black Edition Radeon RX 7900 XTX 24 GB Video Card (RX-79XMERCB9) - PCPartPicker
2024-12-05,93998.0,XFX Speedster MERC 310 Black Edition Radeon RX 7900 XTX 24 GB Video Card (RX-79XMERCB9) - PCPartPicker
2024-12-06,93998.0,XFX Speedster MERC 310 Black Edition Radeon RX 7900 XTX 24 GB Video Card (RX-79XMERCB9) - PCPartPicker
2024-12-07,93998.0,XFX Speedster MERC 310 Black Edition Radeon RX 7900 XTX 24 GB Video Card (RX-79XMERCB9) - PCPartPicker
2024-12-08,94999.0,XFX Speedster MERC 310 Black Edition Radeon RX 7900 XTX 24 GB Video Card (RX-79XMERCB9) - PCPartPicker
2024-12-09,94999.0,XFX Speedster MERC 310 Black Edition Radeon RX 7900 XTX 24 GB Video Card (RX-79XMERCB9) - PCPartPicker
2024-12-10,94999.0,XFX Speedster MERC 310 Black Edition Radeon RX 7900 XTX 24 GB Video Card (RX-79XMERCB9) - PCPartPicker
2024-12-11,93998.0,XFX Speedster MERC 310 Black Edition Radeon RX 7900 XTX 24 GB Video Card (RX-79XMERCB9) - PCPartPicker
2024-12-12,92999.0,XFX Speedster MERC 310 Black Edition Radeon RX 7900 XTX 24 GB Video Card (RX-79XMERCB9) - PCPartPicker
2024-12-13,92999.0,XFX Speedster MERC 310 Black Edition Radeon RX 7900 XTX 24 GB Video Card (RX-79XMERCB9) - PCPartPicker
2024-12-14,92999.0,XFX Speedster MERC 310 Black Edition Radeon RX 7900 XTX 24 GB Video Card (RX-79XMERCB9) - PCPartPicker
2024-12-15,92999.0,XFX Speedster MERC 310 Black Edition Radeon RX 7900 XTX 24 GB Video Card (RX-79XMERCB9) - PCPartPicker
2024-12-16,92999.0,XFX Speedster MERC 310 Black Edition Radeon RX 7900 XTX 24 GB Video Card (RX-79XMERCB9) - PCPartPicker
2024-12-17,92999.0,XFX Speedster MERC 310 Black Edition Radeon RX 7900 XTX 24 GB Video Card (RX-79XMERCB9) - PCPartPicker
2024-12-18,92999.0,XFX Speedster MERC 310 Black Edition Radeon RX 7900 XTX 24 GB Video Card (RX-79XMERCB9) - PCPartPicker
2024-12-19,92999.0,XFX Speedster MERC 310 Black Edition Radeon RX 7900 XTX 24 GB Video Card (RX-79XMERCB9) - PCPartPicker
2024-12-20,92999.0,XFX Speedster MERC 310 Black Edition Radeon RX 7900 XTX 24 GB Video Card (RX-79XMERCB9) - PCPartPicker
2024-12-21,92999.0,XFX Speedster MERC 310 Black Edition Radeon RX 7900 XTX 24 GB Video Card (RX-79XMERCB9) - PCPartPicker
2024-12-22,92999.0,XFX Speedster MERC 310 Black Edition Radeon RX 7900 XTX 24 GB Video Card (RX-79XMERCB9) - PCPartPicker
2024-12-23,92999.0,XFX Speedster MERC 310 Black Edition Radeon RX 7900 XTX 24 GB Video Card (RX-79XMERCB9) - PCPartPicker
2024-12-24,92999.0,XFX Speedster MERC 310 Black Edition Radeon RX 7900 XTX 24 GB Video Card (RX-79XMERCB9) - PCPartPicker
2024-12-25,92999.0,XFX Speedster MERC 310 Black Edition Radeon RX 7900 XTX 24 GB Video Card (RX-79XMERCB9) - PCPartPicker
2024-12-26,92999.0,XFX Speedster MERC 310 Black Edition Radeon RX 7900 XTX 24 GB Video Card (RX-79XMERCB9) - PCPartPicker
2024-12-27,92999.0,XFX Speedster MERC 310 Black Edition Radeon RX 7900 XTX 24 GB Video Card (RX-79XMERCB9) - PCPartPicker
2024-12-28,92999.0,XFX Speedster MERC 310 Black Edition Radeon RX 7900 XTX 24 GB Video Card (RX-79XMERCB9) - PCPartPicker
2024-12-29,94999.0,XFX Speedster MERC 310 Black Edition Radeon RX 7900 XTX 24 GB Video Card (RX-79XMERCB9) - PCPartPicker
2024-12-30,94999.0,XFX Speedster MERC 310 Black Edition Radeon RX 7900 XTX 24 GB Video Card (RX-79XMERCB9) - PCPartPicker
2024-12-31,94999.0,XFX Speedster MERC 310 Black Edition Radeon RX 7900 XTX 24 GB Video Card (RX-79XMERCB9) - PCPartPicker
2025-01-01,94999.0,XFX Speedster MERC 310 Black Edition Radeon RX 7900 XTX 24 GB Video Card (RX-79XMERCB9) - PCPartPicker
2025-01-02,94999.0,XFX Speedster MERC 310 Black Edition Radeon RX 7900 XTX 24 GB Video Card (RX-79XMERCB9) - PCPartPicker
2025-01-03,94999.0,XFX Speedster MERC 310 Black Edition Radeon RX 7900 XTX 24 GB Video Card (RX-79XMERCB9) - PCPartPicker
2025-01-04,94999.0,XFX Speedster MERC 310 Black Edition Radeon RX 7900 XTX 24 GB Video Card (RX-79XMERCB9) - PCPartPicker
2025-01-05,94999.0,XFX Speedster MERC 310 Black Edition Radeon RX 7900 XTX 24 GB Video Card (RX-79XMERCB9) - PCPartPicker
2025-01-06,94999.0,XFX Speedster MERC 310 Black Edition Radeon RX 7900 XTX 24 GB Video Card (RX-79XMERCB9) - PCPartPicker
2025-01-07,94999.0,XFX Speedster MERC 310 Black Edition Radeon RX 7900 XTX 24 GB Video Card (RX-79XMERCB9) - PCPartPicker
2025-01-08,94999.0,XFX Speedster MERC 310 Black Edition Radeon RX 7900 XTX 24 GB Video Card (RX-79XMERCB9) - PCPartPicker
2025-01-09,94999.0,XFX Speedster MERC 310 Black Edition Radeon RX 7900 XTX 24 GB Video Card (RX-79XMERCB9) - PCPartPicker
2025-01-10,94999.0,XFX Speedster MERC 310 Black Edition Radeon RX 7900 XTX 24 GB Video Card (RX-79XMERCB9) - PCPartPicker
2025-01-11,94999.0,XFX Speedster MERC 310 Black Edition Radeon RX 7900 XTX 24 GB Video Card (RX-79XMERCB9) - PCPartPicker
2025-01-12,94999.0,XFX Speedster MERC 310 Black Edition Radeon RX 7900 XTX 24 GB Video Card (RX-79XMERCB9) - PCPartPicker
2025-01-13,94999.0,XFX Speedster MERC 310 Black Edition Radeon RX 7900 XTX 24 GB Video Card (RX-79XMERCB9) - PCPartPicker
2025-01-14,94999.0,XFX Speedster MERC 310 Black Edition Radeon RX 7900 XTX 24 GB Video Card (RX-79XMERCB9) - PCPartPicker
2025-01-15,94999.0,XFX Speedster MERC 310 Black Edition Radeon RX 7900 XTX 24 GB Video Card (RX-79XMERCB9) - PCPartPicker
2025-01-16,94999.0,XFX Speedster MERC 310 Black Edition Radeon RX 7900 XTX 24 GB Video Card (RX-79XMERCB9) - PCPartPicker
2025-01-17,94999.0,XFX Speedster MERC 310 Black Edition Radeon RX 7900 XTX 24 GB Video Card (RX-79XMERCB9) - PCPartPicker
2025-01-18,94999.0,XFX Speedster MERC 310 Black Edition Radeon RX 7900 XTX 24 GB Video Card (RX-79XMERCB9) - PCPartPicker
2025-01-19,94999.0,XFX Speedster MERC 310 Black Edition Radeon RX 7900 XTX 24 GB Video Card (RX-79XMERCB9) - PCPartPicker
2025-01-20,94999.0,XFX Speedster MERC 310 Black Edition Radeon RX 7900 XTX 24 GB Video Card (RX-79XMERCB9) - PCPartPicker
2025-01-21,94999.0,XFX Speedster MERC 310 Black Edition Radeon RX 7900 XTX 24 GB Video Card (RX-79XMERCB9) - PCPartPicker
2025-01-22,94999.0,XFX Speedster MERC 310 Black Edition Radeon RX 7900 XTX 24 GB Video Card (RX-79XMERCB9) - PCPartPicker
2025-01-23,94999.0,XFX Speedster MERC 310 Black Edition Radeon RX 7900 XTX 24 GB Video Card (RX-79XMERCB9) - PCPartPicker
2025-01-24,94999.0,XFX Speedster MERC 310 Black Edition Radeon RX 7900 XTX 24 GB Video Card (RX-79XMERCB9) - PCPartPicker
2025-01-25,94999.0,XFX Speedster MERC 310 Black Edition Radeon RX 7900 XTX 24 GB Video Card (RX-79XMERCB9) - PCPartPicker
2025-01-26,94999.0,XFX Speedster MERC 310 Black Edition Radeon RX 7900 XTX 24 GB Video Card (RX-79XMERCB9) - PCPartPicker
2025-01-27,94999.0,XFX Speedster MERC 310 Black Edition Radeon RX 7900 XTX 24 GB Video Card (RX-79XMERCB9) - PCPartPicker
2025-01-28,94999.0,XFX Speedster MERC 310 Black Edition Radeon RX 7900 XTX 24 GB Video Card (RX-79XMERCB9) - PCPartPicker
2025-01-29,94999.0,XFX Speedster MERC 310 Black Edition Radeon RX 7900 XTX 24 GB Video Card (RX-79XMERCB9) - PCPartPicker
2025-01-30,94999.0,XFX Speedster MERC 310 Black Edition Radeon RX 7900 XTX 24 GB Video Card (RX-79XMERCB9) - PCPartPicker
2025-01-31,94999.0,XFX Speedster MERC 310 Black Edition Radeon RX 7900 XTX 24 GB Video Card (RX-79XMERCB9) - PCPartPicker
2025-02-01,94999.0,XFX Speedster MERC 310 Black Edition Radeon RX 7900 XTX 24 GB Video Card (RX-79XMERCB9) - PCPartPicker
2025-02-02,94999.0,XFX Speedster MERC 310 Black Edition Radeon RX 7900 XTX 24 GB Video Card (RX-79XMERCB9) - PCPartPicker
2025-02-03,94999.0,XFX Speedster MERC 310 Black Edition Radeon RX 7900 XTX 24 GB Video Card (RX-79XMERCB9) - PCPartPicker
2025-02-04,94999.0,XFX Speedster MERC 310 Black Edition Radeon RX 7900 XTX 24 GB Video Card (RX-79XMERCB9) - PCPartPicker
2025-02-05,94999.0,XFX Speedster MERC 310 Black Edition Radeon RX 7900 XTX 24 GB Video Card (RX-79XMERCB9) - PCPartPicker
2025-02-06,94999.0,XFX Speedster MERC 310 Black Edition Radeon RX 7900 XTX 24 GB Video Card (RX-79XMERCB9) - PCPartPicker
2025-02-07,94999.0,XFX Speedster MERC 310 Black Edition Radeon RX 7900 XTX 24 GB Video Card (RX-79XMERCB9) - PCPartPicker
2025-02-08,94999.0,XFX Speedster MERC 310 Black Edition Radeon RX 7900 XTX 24 GB Video Card (RX-79XMERCB9) - PCPartPicker
2025-02-09,94999.0,XFX Speedster MERC 310 Black Edition Radeon RX 7900 XTX 24 GB Video Card (RX-79XMERCB9) - PCPartPicker
2025-02-10,94999.0,XFX Speedster MERC 310 Black Edition Radeon RX 7900 XTX 24 GB Video Card (RX-79XMERCB9) - PCPartPicker
2025-02-11,94999.0,XFX Speedster MERC 310 Black Edition Radeon RX 7900 XTX 24 GB Video Card (RX-79XMERCB9) - PCPartPicker
2025-02-12,98499.0,XFX Speedster MERC 310 Black Edition Radeon RX 7900 XTX 24 GB Video Card (RX-79XMERCB9) - PCPartPicker
2025-02-13,99999.0,XFX Speedster MERC 310 Black Edition Radeon RX 7900 XTX 24 GB Video Card (RX-79XMERCB9) - PCPartPicker
2025-02-14,99999.0,XFX Speedster MERC 310 Black Edition Radeon RX 7900 XTX 24 GB Video Card (RX-79XMERCB9) - PCPartPicker
2025-02-15,99999.0,XFX Speedster MERC 310 Black Edition Radeon RX 7900 XTX 24 GB Video Card (RX-79XMERCB9) - PCPartPicker
2025-02-16,99999.0,XFX Speedster MERC 310 Black Edition Radeon RX 7900 XTX 24 GB Video Card (RX-79XMERCB9) - PCPartPicker
2025-02-17,99999.0,XFX Speedster MERC 310 Black Edition Radeon RX 7900 XTX 24 GB Video Card (RX-79XMERCB9) - PCPartPicker
2025-02-18,99999.0,XFX Speedster MERC 310 Black Edition Radeon RX 7900 XTX 24 GB Video Card (RX-79XMERCB9) - PCPartPicker
2025-02-19,99999.0,XFX Speedster MERC 310 Black Edition Radeon RX 7900 XTX 24 GB Video Card (RX-79XMERCB9) - PCPartPicker
2025-02-20,99999.0,XFX Speedster MERC 310 Black Edition Radeon RX 7900 XTX 24 GB Video Card (RX-79XMERCB9) - PCPartPicker
2025-02-21,99999.0,XFX Speedster MERC 310 Black Edition Radeon RX 7900 XTX 24 GB Video Card (RX-79XMERCB9) - PCPartPicker
2025-02-22,99999.0,XFX Speedster MERC 310 Black Edition Radeon RX 7900 XTX 24 GB Video Card (RX-79XMERCB9) - PCPartPicker
2025-02-23,99999.0,XFX Speedster MERC 310 Black Edition Radeon RX 7900 XTX 24 GB Video Card (RX-79XMERCB9) - PCPartPicker
2025-02-24,99999.0,XFX Speedster MERC 310 Black Edition Radeon RX 7900 XTX 24 GB Video Card (RX-79XMERCB9) - PCPartPicker
2025-02-25,99999.0,XFX Speedster MERC 310 Black Edition Radeon RX 7900 XTX 24 GB Video Card (RX-79XMERCB9) - PCPartPicker
2025-02-26,99999.0,XFX Speedster MERC 310 Black Edition Radeon RX 7900 XTX 24 GB Video Card (RX-79XMERCB9) - PCPartPicker
2025-02-27,99999.0,XFX Speedster MERC 310 Black Edition Radeon RX 7900 XTX 24 GB Video Card (RX-79XMERCB9) - PCPartPicker
2025-02-28,99999.0,XFX Speedster MERC 310 Black Edition Radeon RX 7900 XTX 24 GB Video Card (RX-79XMERCB9) - PCPartPicker
2025-03-01,99999.0,XFX Speedster MERC 310 Black Edition Radeon RX 7900 XTX 24 GB Video Card (RX-79XMERCB9) - PCPartPicker
2025-03-02,99999.0,XFX Speedster MERC 310 Black Edition Radeon RX 7900 XTX 24 GB Video Card (RX-79XMERCB9) - PCPartPicker
2025-03-03,99999.0,XFX Speedster MERC 310 Black Edition Radeon RX 7900 XTX 24 GB Video Card (RX-79XMERCB9) - PCPartPicker
2025-03-04,99999.0,XFX Speedster MERC 310 Black Edition Radeon RX 7900 XTX 24 GB Video Card (RX-79XMERCB9) - PCPartPicker
2025-03-05,99999.0,XFX Speedster MERC 310 Black Edition Radeon RX 7900 XTX 24 GB Video Card (RX-79XMERCB9) - PCPartPicker
2025-03-06,99999.0,XFX Speedster MERC 310 Black Edition Radeon RX 7900 XTX 24 GB Video Card (RX-79XMERCB9) - PCPartPicker
2025-03-07,99999.0,XFX Speedster MERC 310 Black Edition Radeon RX 7900 XTX 24 GB Video Card (RX-79XMERCB9) - PCPartPicker
2025-03-08,99999.0,XFX Speedster MERC 310 Black Edition Radeon RX 7900 XTX 24 GB Video Card (RX-79XMERCB9) - PCPartPicker
2025-03-09,99999.0,XFX Speedster MERC 310 Black Edition Radeon RX 7900 XTX 24 GB Video Card (RX-79XMERCB9) - PCPartPicker
2025-03-10,99999.0,XFX Speedster MERC 310 Black Edition Radeon RX 7900 XTX 24 GB Video Card (RX-79XMERCB9) - PCPartPicker
2025-03-11,99999.0,XFX Speedster MERC 310 Black Edition Radeon RX 7900 XTX 24 GB Video Card (RX-79XMERCB9) - PCPartPicker
2025-03-12,99999.0,XFX Speedster MERC 310 Black Edition Radeon RX 7900 XTX 24 GB Video Card (RX-79XMERCB9) - PCPartPicker
2025-03-13,99999.0,XFX Speedster MERC 310 Black Edition Radeon RX 7900 XTX 24 GB Video Card (RX-79XMERCB9) - PCPartPicker
2025-03-14,99999.0,XFX Speedster MERC 310 Black Edition Radeon RX 7900 XTX 24 GB Video Card (RX-79XMERCB9) - PCPartPicker
2025-03-15,99999.0,XFX Speedster MERC 310 Black Edition Radeon RX 7900 XTX 24 GB Video Card (RX-79XMERCB9) - PCPartPicker
2025-03-16,99999.0,XFX Speedster MERC 310 Black Edition Radeon RX 7900 XTX 24 GB Video Card (RX-79XMERCB9) - PCPartPicker
2025-03-17,99999.0,XFX Speedster MERC 310 Black Edition Radeon RX 7900 XTX 24 GB Video Card (RX-79XMERCB9) - PCPartPicker
2025-03-18,99997.0,XFX Speedster MERC 310 Black Edition Radeon RX 7900 XTX 24 GB Video Card (RX-79XMERCB9) - PCPartPicker
2025-03-19,99997.0,XFX Speedster MERC 310 Black Edition Radeon RX 7900 XTX 24 GB Video Card (RX-79XMERCB9) - PCPartPicker
2025-03-20,99997.0,XFX Speedster MERC 310 Black Edition Radeon RX 7900 XTX 24 GB Video Card (RX-79XMERCB9) - PCPartPicker
2025-03-21,99997.0,XFX Speedster MERC 310 Black Edition Radeon RX 7900 XTX 24 GB Video Card (RX-79XMERCB9) - PCPartPicker
2025-03-22,99997.0,XFX Speedster MERC 310 Black Edition Radeon RX 7900 XTX 24 GB Video Card (RX-79XMERCB9) - PCPartPicker
2025-03-23,99997.0,XFX Speedster MERC 310 Black Edition Radeon RX 7900 XTX 24 GB Video Card (RX-79XMERCB9) - PCPartPicker
2025-03-24,99997.0,XFX Speedster MERC 310 Black Edition Radeon RX 7900 XTX 24 GB Video Card (RX-79XMERCB9) - PCPartPicker
2025-03-25,99997.0,XFX Speedster MERC 310 Black Edition Radeon RX 7900 XTX 24 GB Video Card (RX-79XMERCB9) - PCPartPicker
2025-03-26,99997.0,XFX Speedster MERC 310 Black Edition Radeon RX 7900 XTX 24 GB Video Card (RX-79XMERCB9) - PCPartPicker
2025-03-27,99997.0,XFX Speedster MERC 310 Black Edition Radeon RX 7900 XTX 24 GB Video Card (RX-79XMERCB9) - PCPartPicker
2025-03-28,99997.0,XFX Speedster MERC 310 Black Edition Radeon RX 7900 XTX 24 GB Video Card (RX-79XMERCB9) - PCPartPicker
2025-03-29,99997.0,XFX Speedster MERC 310 Black Edition Radeon RX 7900 XTX 24 GB Video Card (RX-79XMERCB9) - PCPartPicker
2025-03-30,99997.0,XFX Speedster MERC 310 Black Edition Radeon RX 7900 XTX 24 GB Video Card (RX-79XMERCB9) - PCPartPicker
2025-03-31,99997.0,XFX Speedster MERC 310 Black Edition Radeon RX 7900 XTX 24 GB Video Card (RX-79XMERCB9) - PCPartPicker
2025-04-01,99997.0,XFX Speedster MERC 310 Black Edition Radeon RX 7900 XTX 24 GB Video Card (RX-79XMERCB9) - PCPartPicker
2025-04-02,99997.0,XFX Speedster MERC 310 Black Edition Radeon RX 7900 XTX 24 GB Video Card (RX-79XMERCB9) - PCPartPicker
2025-04-03,99997.0,XFX Speedster MERC 310 Black Edition Radeon RX 7900 XTX 24 GB Video Card (RX-79XMERCB9) - PCPartPicker
2025-04-04,99997.0,XFX Speedster MERC 310 Black Edition Radeon RX 7900 XTX 24 GB Video Card (RX-79XMERCB9) - PCPartPicker
2025-04-05,99997.0,XFX Speedster MERC 310 Black Edition Radeon RX 7900 XTX 24 GB Video Card (RX-79XMERCB9) - PCPartPicker
2025-04-06,99997.0,XFX Speedster MERC 310 Black Edition Radeon RX 7900 XTX 24 GB Video Card (RX-79XMERCB9) - PCPartPicker
2025-04-07,99997.0,XFX Speedster MERC 310 Black Edition Radeon RX 7900 XTX 24 GB Video Card (RX-79XMERCB9) - PCPartPicker
2025-04-08,99997.0,XFX Speedster MERC 310 Black Edition Radeon RX 7900 XTX 24 GB Video Card (RX-79XMERCB9) - PCPartPicker
2025-04-09,99997.0,XFX Speedster MERC 310 Black Edition Radeon RX 7900 XTX 24 GB Video Card (RX-79XMERCB9) - PCPartPicker
2025-04-10,99997.0,XFX Speedster MERC 310 Black Edition Radeon RX 7900 XTX 24 GB Video Card (RX-79XMERCB9) - PCPartPicker
2025-04-11,99997.0,XFX Speedster MERC 310 Black Edition Radeon RX 7900 XTX 24 GB Video Card (RX-79XMERCB9) - PCPartPicker
2025-04-12,99997.0,XFX Speedster MERC 310 Black Edition Radeon RX 7900 XTX 24 GB Video Card (RX-79XMERCB9) - PCPartPicker
2025-04-13,99997.0,XFX Speedster MERC 310 Black Edition Radeon RX 7900 XTX 24 GB Video Card (RX-79XMERCB9) - PCPartPicker
2025-04-14,99997.0,XFX Speedster MERC 310 Black Edition Radeon RX 7900 XTX 24 GB Video Card (RX-79XMERCB9) - PCPartPicker
2025-04-15,99997.0,XFX Speedster MERC 310 Black Edition Radeon RX 7900 XTX 24 GB Video Card (RX-79XMERCB9) - PCPartPicker
2025-04-16,112999.0,XFX Speedster MERC 310 Black Edition Radeon RX 7900 XTX 24 GB Video Card (RX-79XMERCB9) - PCPartPicker
2025-04-17,112999.0,XFX Speedster MERC 310 Black Edition Radeon RX 7900 XTX 24 GB Video Card (RX-79XMERCB9) - PCPartPicker
2025-04-18,112999.0,XFX Speedster MERC 310 Black Edition Radeon RX 7900 XTX 24 GB Video Card (RX-79XMERCB9) - PCPartPicker
2025-04-19,112999.0,XFX Speedster MERC 310 Black Edition Radeon RX 7900 XTX 24 GB Video Card (RX-79XMERCB9) - PCPartPicker
2025-04-20,112999.0,XFX Speedster MERC 310 Black Edition Radeon RX 7900 XTX 24 GB Video Card (RX-79XMERCB9) - PCPartPicker
2025-04-21,112999.0,XFX Speedster MERC 310 Black Edition Radeon RX 7900 XTX 24 GB Video Card (RX-79XMERCB9) - PCPartPicker
2025-04-22,112999.0,XFX Speedster MERC 310 Black Edition Radeon RX 7900 XTX 24 GB Video Card (RX-79XMERCB9) - PCPartPicker
2025-04-23,110698.0,XFX Speedster MERC 310 Black Edition Radeon RX 7900 XTX 24 GB Video Card (RX-79XMERCB9) - PCPartPicker
2025-04-24,110698.0,XFX Speedster MERC 310 Black Edition Radeon RX 7900 XTX 24 GB Video Card (RX-79XMERCB9) - PCPartPicker
2025-04-25,110698.0,XFX Speedster MERC 310 Black Edition Radeon RX 7900 XTX 24 GB Video Card (RX-79XMERCB9) - PCPartPicker
2025-04-26,110698.0,XFX Speedster MERC 310 Black Edition Radeon RX 7900 XTX 24 GB Video Card (RX-79XMERCB9) - PCPartPicker
2025-04-27,110698.0,XFX Speedster MERC 310 Black Edition Radeon RX 7900 XTX 24 GB Video Card (RX-79XMERCB9) - PCPartPicker
2025-04-28,110698.0,XFX Speedster MERC 310 Black Edition Radeon RX 7900 XTX 24 GB Video Card (RX-79XMERCB9) - PCPartPicker
2025-04-29,109698.0,XFX Speedster MERC 310 Black Edition Radeon RX 7900 XTX 24 GB Video Card (RX-79XMERCB9) - PCPartPicker
2025-04-30,109698.0,XFX Speedster MERC 310 Black Edition Radeon RX 7900 XTX 24 GB Video Card (RX-79XMERCB9) - PCPartPicker
2025-05-01,109698.0,XFX Speedster MERC 310 Black Edition Radeon RX 7900 XTX 24 GB Video Card (RX-79XMERCB9) - PCPartPicker
2025-05-02,110698.0,XFX Speedster MERC 310 Black Edition Radeon RX 7900 XTX 24 GB Video Card (RX-79XMERCB9) - PCPartPicker
2025-05-03,110698.0,XFX Speedster MERC 310 Black Edition Radeon RX 7900 XTX 24 GB Video Card (RX-79XMERCB9) - PCPartPicker
2025-05-04,110698.0,XFX Speedster MERC 310 Black Edition Radeon RX 7900 XTX 24 GB Video Card (RX-79XMERCB9) - PCPartPicker
2025-05-05,110698.0,XFX Speedster MERC 310 Black Edition Radeon RX 7900 XTX 24 GB Video Card (RX-79XMERCB9) - PCPartPicker
2025-05-06,110698.0,XFX Speedster MERC 310 Black Edition Radeon RX 7900 XTX 24 GB Video Card (RX-79XMERCB9) - PCPartPicker
2025-05-07,110698.0,XFX Speedster MERC 310 Black Edition Radeon RX 7900 XTX 24 GB Video Card (RX-79XMERCB9) - PCPartPicker
2025-05-08,110698.0,XFX Speedster MERC 310 Black Edition Radeon RX 7900 XTX 24 GB Video Card (RX-79XMERCB9) - PCPartPicker
2025-05-09,110698.0,XFX Speedster MERC 310 Black Edition Radeon RX 7900 XTX 24 GB Video Card (RX-79XMERCB9) - PCPartPicker
2025-05-10,108698.0,XFX Speedster MERC 310 Black Edition Radeon RX 7900 XTX 24 GB Video Card (RX-79XMERCB9) - PCPartPicker
2025-05-11,110698.0,XFX Speedster MERC 310 Black Edition Radeon RX 7900 XTX 24 GB Video Card (RX-79XMERCB9) - PCPartPicker
2025-05-12,110698.0,XFX Speedster MERC 310 Black Edition Radeon RX 7900 XTX 24 GB Video Card (RX-79XMERCB9) - PCPartPicker
2025-05-13,110698.0,XFX Speedster MERC 310 Black Edition Radeon RX 7900 XTX 24 GB Video Card (RX-79XMERCB9) - PCPartPicker
2025-05-14,110698.0,XFX Speedster MERC 310 Black Edition Radeon RX 7900 XTX 24 GB Video Card (RX-79XMERCB9) - PCPartPicker
2025-05-15,110698.0,XFX Speedster MERC 310 Black Edition Radeon RX 7900 XTX 24 GB Video Card (RX-79XMERCB9) - PCPartPicker
2025-05-16,110698.0,XFX Speedster MERC 310 Black Edition Radeon RX 7900 XTX 24 GB Video Card (RX-79XMERCB9) - PCPartPicker
2025-05-17,110698.0,XFX Speedster MERC 310 Black Edition Radeon RX 7900 XTX 24 GB Video Card (RX-79XMERCB9) - PCPartPicker
2025-05-18,110698.0,XFX Speedster MERC 310 Black Edition Radeon RX 7900 XTX 24 GB Video Card (RX-79XMERCB9) - PCPartPicker
2025-05-19,110698.0,XFX Speedster MERC 310 Black Edition Radeon RX 7900 XTX 24 GB Video Card (RX-79XMERCB9) - PCPartPicker
2025-05-20,110698.0,XFX Speedster MERC 310 Black Edition Radeon RX 7900 XTX 24 GB Video Card (RX-79XMERCB9) - PCPartPicker
2025-05-21,110698.0,XFX Speedster MERC 310 Black Edition Radeon RX 7900 XTX 24 GB Video Card (RX-79XMERCB9) - PCPartPicker
2025-05-22,110698.0,XFX Speedster MERC 310 Black Edition Radeon RX 7900 XTX 24 GB Video Card (RX-79XMERCB9) - PCPartPicker
2025-05-23,110698.0,XFX Speedster MERC 310 Black Edition Radeon RX 7900 XTX 24 GB Video Card (RX-79XMERCB9) - PCPartPicker
2025-05-24,110698.0,XFX Speedster MERC 310 Black Edition Radeon RX 7900 XTX 24 GB Video Card (RX-79XMERCB9) - PCPartPicker
2025-05-25,110698.0,XFX Speedster MERC 310 Black Edition Radeon RX 7900 XTX 24 GB Video Card (RX-79XMERCB9) - PCPartPicker
2025-05-26,110698.0,XFX Speedster MERC 310 Black Edition Radeon RX 7900 XTX 24 GB Video Card (RX-79XMERCB9) - PCPartPicker
2025-05-27,110698.0,XFX Speedster MERC 310 Black Edition Radeon RX 7900 XTX 24 GB Video Card (RX-79XMERCB9) - PCPartPicker
2025-05-28,110698.0,XFX Speedster MERC 310 Black Edition Radeon RX 7900 XTX 24 GB Video Card (RX-79XMERCB9) - PCPartPicker
2025-05-29,110698.0,XFX Speedster MERC 310 Black Edition Radeon RX 7900 XTX 24 GB Video Card (RX-79XMERCB9) - PCPartPicker
2025-05-30,110698.0,XFX Speedster MERC 310 Black Edition Radeon RX 7900 XTX 24 GB Video Card (RX-79XMERCB9) - PCPartPicker
2025-05-31,110698.0,XFX Speedster MERC 310 Black Edition Radeon RX 7900 XTX 24 GB Video Card (RX-79XMERCB9) - PCPartPicker
2025-06-01,110698.0,XFX Speedster MERC 310 Black Edition Radeon RX 7900 XTX 24 GB Video Card (RX-79XMERCB9) - PCPartPicker
2025-06-02,110698.0,XFX Speedster MERC 310 Black Edition Radeon RX 7900 XTX 24 GB Video Card (RX-79XMERCB9) - PCPartPicker
2025-06-03,110698.0,XFX Speedster MERC 310 Black Edition Radeon RX 7900 XTX 24 GB Video Card (RX-79XMERCB9) - PCPartPicker
2025-06-04,110698.0,XFX Speedster MERC 310 Black Edition Radeon RX 7900 XTX 24 GB Video Card (RX-79XMERCB9) - PCPartPicker
2025-06-05,110698.0,XFX Speedster MERC 310 Black Edition Radeon RX 7900 XTX 24 GB Video Card (RX-79XMERCB9) - PCPartPicker
2025-06-06,110698.0,XFX Speedster MERC 310 Black Edition Radeon RX 7900 XTX 24 GB Video Card (RX-79XMERCB9) - PCPartPicker
2025-06-07,110698.0,XFX Speedster MERC 310 Black Edition Radeon RX 7900 XTX 24 GB Video Card (RX-79XMERCB9) - PCPartPicker
2025-06-08,110698.0,XFX Speedster MERC 310 Black Edition Radeon RX 7900 XTX 24 GB Video Card (RX-79XMERCB9) - PCPartPicker
2025-06-09,110698.0,XFX Speedster MERC 310 Black Edition Radeon RX 7900 XTX 24 GB Video Card (RX-79XMERCB9) - PCPartPicker
2025-06-10,110698.0,XFX Speedster MERC 310 Black Edition Radeon RX 7900 XTX 24 GB Video Card (RX-79XMERCB9) - PCPartPicker
2025-06-11,110698.0,XFX Speedster MERC 310 Black Edition Radeon RX 7900 XTX 24 GB Video Card (RX-79XMERCB9) - PCPartPicker
2025-06-12,112999.0,XFX Speedster MERC 310 Black Edition Radeon RX 7900 XTX 24 GB Video Card (RX-79XMERCB9) - PCPartPicker
2025-06-13,112999.0,XFX Speedster MERC 310 Black Edition Radeon RX 7900 XTX 24 GB Video Card (RX-79XMERCB9) - PCPartPicker
2025-06-14,112999.0,XFX Speedster MERC 310 Black Edition Radeon RX 7900 XTX 24 GB Video Card (RX-79XMERCB9) - PCPartPicker
2025-06-15,112999.0,XFX Speedster MERC 310 Black Edition Radeon RX 7900 XTX 24 GB Video Card (RX-79XMERCB9) - PCPartPicker
2025-06-16,112999.0,XFX Speedster MERC 310 Black Edition Radeon RX 7900 XTX 24 GB Video Card (RX-79XMERCB9) - PCPartPicker
2025-06-17,112999.0,XFX Speedster MERC 310 Black Edition Radeon RX 7900 XTX 24 GB Video Card (RX-79XMERCB9) - PCPartPicker
2025-06-18,110698.0,XFX Speedster MERC 310 Black Edition Radeon RX 7900 XTX 24 GB Video Card (RX-79XMERCB9) - PCPartPicker
2025-06-19,110698.0,XFX Speedster MERC 310 Black Edition Radeon RX 7900 XTX 24 GB Video Card (RX-79XMERCB9) - PCPartPicker
2025-06-20,110698.0,XFX Speedster MERC 310 Black Edition Radeon RX 7900 XTX 24 GB Video Card (RX-79XMERCB9) - PCPartPicker
2025-06-21,110698.0,XFX Speedster MERC 310 Black Edition Radeon RX 7900 XTX 24 GB Video Card (RX-79XMERCB9) - PCPartPicker
2025-06-22,110698.0,XFX Speedster MERC 310 Black Edition Radeon RX 7900 XTX 24 GB Video Card (RX-79XMERCB9) - PCPartPicker
2025-06-23,110698.0,XFX Speedster MERC 310 Black Edition Radeon RX 7900 XTX 24 GB Video Card (RX-79XMERCB9) - PCPartPicker
2025-06-24,110698.0,XFX Speedster MERC 310 Black Edition Radeon RX 7900 XTX 24 GB Video Card (RX-79XMERCB9) - PCPartPicker
2025-06-25,110698.0,XFX Speedster MERC 310 Black Edition Radeon RX 7900 XTX 24 GB Video Card (RX-79XMERCB9) - PCPartPicker
2025-06-26,109999.0,XFX Speedster MERC 310 Black Edition Radeon RX 7900 XTX 24 GB Video Card (RX-79XMERCB9) - PCPartPicker
2025-06-27,109999.0,XFX Speedster MERC 310 Black Edition Radeon RX 7900 XTX 24 GB Video Card (RX-79XMERCB9) - PCPartPicker
2025-06-28,109999.0,XFX Speedster MERC 310 Black Edition Radeon RX 7900 XTX 24 GB Video Card (RX-79XMERCB9) - PCPartPicker
2025-06-29,109999.0,XFX Speedster MERC 310 Black Edition Radeon RX 7900 XTX 24 GB Video Card (RX-79XMERCB9) - PCPartPicker
2025-06-30,109999.0,XFX Speedster MERC 310 Black Edition Radeon RX 7900 XTX 24 GB Video Card (RX-79XMERCB9) - PCPartPicker
2025-07-01,110698.0,XFX Speedster MERC 310 Black Edition Radeon RX 7900 XTX 24 GB Video Card (RX-79XMERCB9) - PCPartPicker
2025-07-02,110698.0,XFX Speedster MERC 310 Black Edition Radeon RX 7900 XTX 24 GB Video Card (RX-79XMERCB9) - PCPartPicker
2025-07-03,110698.0,XFX Speedster MERC 310 Black Edition Radeon RX 7900 XTX 24 GB Video Card (RX-79XMERCB9) - PCPartPicker
2025-07-04,110698.0,XFX Speedster MERC 310 Black Edition Radeon RX 7900 XTX 24 GB Video Card (RX-79XMERCB9) - PCPartPicker
2025-07-05,110698.0,XFX Speedster MERC 310 Black Edition Radeon RX 7900 XTX 24 GB Video Card (RX-79XMERCB9) - PCPartPicker
2025-07-06,110698.0,XFX Speedster MERC 310 Black Edition Radeon RX 7900 XTX 24 GB Video Card (RX-79XMERCB9) - PCPartPicker
2025-07-07,109999.0,XFX Speedster MERC 310 Black Edition Radeon RX 7900 XTX 24 GB Video Card (RX-79XMERCB9) - PCPartPicker
2025-07-08,99999.0,XFX Speedster MERC 310 Black Edition Radeon RX 7900 XTX 24 GB Video Card (RX-79XMERCB9) - PCPartPicker
2025-07-09,99999.0,XFX Speedster MERC 310 Black Edition Radeon RX 7900 XTX 24 GB Video Card (RX-79XMERCB9) - PCPartPicker
2025-07-10,99999.0,XFX Speedster MERC 310 Black Edition Radeon RX 7900 XTX 24 GB Video Card (RX-79XMERCB9) - PCPartPicker
2025-07-11,99999.0,XFX Speedster MERC 310 Black Edition Radeon RX 7900 XTX 24 GB Video Card (RX-79XMERCB9) - PCPartPicker
2025-07-12,99999.0,XFX Speedster MERC 310 Black Edition Radeon RX 7900 XTX 24 GB Video Card (RX-79XMERCB9) - PCPartPicker
2025-07-13,99999.0,XFX Speedster MERC 310 Black Edition Radeon RX 7900 XTX 24 GB Video Card (RX-79XMERCB9) - PCPartPicker
2025-07-14,110698.0,XFX Speedster MERC 310 Black Edition Radeon RX 7900 XTX 24 GB Video Card (RX-79XMERCB9) - PCPartPicker
2025-07-15,110698.0,XFX Speedster MERC 310 Black Edition Radeon RX 7900 XTX 24 GB Video Card (RX-79XMERCB9) - PCPartPicker
2025-07-16,110698.0,XFX Speedster MERC 310 Black Edition Radeon RX 7900 XTX 24 GB Video Card (RX-79XMERCB9) - PCPartPicker
2025-07-17,110698.0,XFX Speedster MERC 310 Black Edition Radeon RX 7900 XTX 24 GB Video Card (RX-79XMERCB9) - PCPartPicker
2025-07-18,110698.0,XFX Speedster MERC 310 Black Edition Radeon RX 7900 XTX 24 GB Video Card (RX-79XMERCB9) - PCPartPicker
2025-07-19,110698.0,XFX Speedster MERC 310 Black Edition Radeon RX 7900 XTX 24 GB Video Card (RX-79XMERCB9) - PCPartPicker
2025-07-20,110698.0,XFX Speedster MERC 310 Black Edition Radeon RX 7900 XTX 24 GB Video Card (RX-79XMERCB9) - PCPartPicker
2025-07-21,110698.0,XFX Speedster MERC 310 Black Edition Radeon RX 7900 XTX 24 GB Video Card (RX-79XMERCB9) - PCPartPicker
2025-07-22,110698.0,XFX Speedster MERC 310 Black Edition Radeon RX 7900 XTX 24 GB Video Card (RX-79XMERCB9) - PCPartPicker
2025-07-23,109999.0,XFX Speedster MERC 310 Black Edition Radeon RX 7900 XTX 24 GB Video Card (RX-79XMERCB9) - PCPartPicker
2025-07-24,109997.0,XFX Speedster MERC 310 Black Edition Radeon RX 7900 XTX 24 GB Video Card (RX-79XMERCB9) - PCPartPicker
2025-07-25,109997.0,XFX Speedster MERC 310 Black Edition Radeon RX 7900 XTX 24 GB Video Card (RX-79XMERCB9) - PCPartPicker
2025-07-26,109997.0,XFX Speedster MERC 310 Black Edition Radeon RX 7900 XTX 24 GB Video Card (RX-79XMERCB9) - PCPartPicker
2025-07-27,109997.0,XFX Speedster MERC 310 Black Edition Radeon RX 7900 XTX 24 GB Video Card (RX-79XMERCB9) - PCPartPicker
2025-07-28,109997.0,XFX Speedster MERC 310 Black Edition Radeon RX 7900 XTX 24 GB Video Card (RX-79XMERCB9) - PCPartPicker
2025-07-29,109997.0,XFX Speedster MERC 310 Black Edition Radeon RX 7900 XTX 24 GB Video Card (RX-79XMERCB9) - PCPartPicker
2025-07-30,108546.0,XFX Speedster MERC 310 Black Edition Radeon RX 7900 XTX 24 GB Video Card (RX-79XMERCB9) - PCPartPicker
2025-07-31,104999.0,XFX Speedster MERC 310 Black Edition Radeon RX 7900 XTX 24 GB Video Card (RX-79XMERCB9) - PCPartPicker
2025-08-01,99999.0,XFX Speedster MERC 310 Black Edition Radeon RX 7900 XTX 24 GB Video Card (RX-79XMERCB9) - PCPartPicker
2025-08-02,99999.0,XFX Speedster MERC 310 Black Edition Radeon RX 7900 XTX 24 GB Video Card (RX-79XMERCB9) - PCPartPicker
2025-08-03,99999.0,XFX Speedster MERC 310 Black Edition Radeon RX 7900 XTX 24 GB Video Card (RX-79XMERCB9) - PCPartPicker
2025-08-04,99999.0,XFX Speedster MERC 310 Black Edition Radeon RX 7900 XTX 24 GB Video Card (RX-79XMERCB9) - PCPartPicker
2025-08-05,99999.0,XFX Speedster MERC 310 Black Edition Radeon RX 7900 XTX 24 GB Video Card (RX-79XMERCB9) - PCPartPicker
2025-08-06,99999.0,XFX Speedster MERC 310 Black Edition Radeon RX 7900 XTX 24 GB Video Card (RX-79XMERCB9) - PCPartPicker
2025-08-07,97999.0,XFX Speedster MERC 310 Black Edition Radeon RX 7900 XTX 24 GB Video Card (RX-79XMERCB9) - PCPartPicker
2025-08-08,97999.0,XFX Speedster MERC 310 Black Edition Radeon RX 7900 XTX 24 GB Video Card (RX-79XMERCB9) - PCPartPicker
2025-08-09,97999.0,XFX Speedster MERC 310 Black Edition Radeon RX 7900 XTX 24 GB Video Card (RX-79XMERCB9) - PCPartPicker
2025-08-10,97999.0,XFX Speedster MERC 310 Black Edition Radeon RX 7900 XTX 24 GB Video Card (RX-79XMERCB9) - PCPartPicker
2025-08-11,97999.0,XFX Speedster MERC 310 Black Edition Radeon RX 7900 XTX 24 GB Video Card (RX-79XMERCB9) - PCPartPicker
2025-08-12,97999.0,XFX Speedster MERC 310 Black Edition Radeon RX 7900 XTX 24 GB Video Card (RX-79XMERCB9) - PCPartPicker
2025-08-13,96998.0,XFX Speedster MERC 310 Black Edition Radeon RX 7900 XTX 24 GB Video Card (RX-79XMERCB9) - PCPartPicker
2025-08-14,96998.0,XFX Speedster MERC 310 Black Edition Radeon RX 7900 XTX 24 GB Video Card (RX-79XMERCB9) - PCPartPicker
2025-08-15,96998.0,XFX Speedster MERC 310 Black Edition Radeon RX 7900 XTX 24 GB Video Card (RX-79XMERCB9) - PCPartPicker
2025-08-16,96998.0,XFX Speedster MERC 310 Black Edition Radeon RX 7900 XTX 24 GB Video Card (RX-79XMERCB9) - PCPartPicker
2025-08-17,96998.0,XFX Speedster MERC 310 Black Edition Radeon RX 7900 XTX 24 GB Video Card (RX-79XMERCB9) - PCPartPicker
2025-08-18,96998.0,XFX Speedster MERC 310 Black Edition Radeon RX 7900 XTX 24 GB Video Card (RX-79XMERCB9) - PCPartPicker
2025-08-19,96998.0,XFX Speedster MERC 310 Black Edition Radeon RX 7900 XTX 24 GB Video Card (RX-79XMERCB9) - PCPartPicker
2025-08-20,96998.0,XFX Speedster MERC 310 Black Edition Radeon RX 7900 XTX 24 GB Video Card (RX-79XMERCB9) - PCPartPicker
2025-08-21,96998.0,XFX Speedster MERC 310 Black Edition Radeon RX 7900 XTX 24 GB Video Card (RX-79XMERCB9) - PCPartPicker
2025-08-22,96998.0,XFX Speedster MERC 310 Black Edition Radeon RX 7900 XTX 24 GB Video Card (RX-79XMERCB9) - PCPartPicker
2025-08-23,96998.0,XFX Speedster MERC 310 Black Edition Radeon RX 7900 XTX 24 GB Video Card (RX-79XMERCB9) - PCPartPicker
2025-08-24,96998.0,XFX Speedster MERC 310 Black Edition Radeon RX 7900 XTX 24 GB Video Card (RX-79XMERCB9) - PCPartPicker
2025-08-25,96998.0,XFX Speedster MERC 310 Black Edition Radeon RX 7900 XTX 24 GB Video Card (RX-79XMERCB9) - PCPartPicker
2025-08-26,96998.0,XFX Speedster MERC 310 Black Edition Radeon RX 7900 XTX 24 GB Video Card (RX-79XMERCB9) - PCPartPicker
2025-08-27,96998.0,XFX Speedster MERC 310 Black Edition Radeon RX 7900 XTX 24 GB Video Card (RX-79XMERCB9) - PCPartPicker
2025-08-28,96998.0,XFX Speedster MERC 310 Black Edition Radeon RX 7900 XTX 24 GB Video Card (RX-79XMERCB9) - PCPartPicker
2025-08-29,96998.0,XFX Speedster MERC 310 Black Edition Radeon RX 7900 XTX 24 GB Video Card (RX-79XMERCB9) - PCPartPicker
2025-08-30,96998.0,XFX Speedster MERC 310 Black Edition Radeon RX 7900 XTX 24 GB Video Card (RX-79XMERCB9) - PCPartPicker
2025-08-31,96998.0,XFX Speedster MERC 310 Black Edition Radeon RX 7900 XTX 24 GB Video Card (RX-79XMERCB9) - PCPartPicker
2025-09-01,96998.0,XFX Speedster MERC 310 Black Edition Radeon RX 7900 XTX 24 GB Video Card (RX-79XMERCB9) - PCPartPicker
2025-09-02,96998.0,XFX Speedster MERC 310 Black Edition Radeon RX 7900 XTX 24 GB Video Card (RX-79XMERCB9) - PCPartPicker
2025-09-03,96998.0,XFX Speedster MERC 310 Black Edition Radeon RX 7900 XTX 24 GB Video Card (RX-79XMERCB9) - PCPartPicker
2025-09-04,96998.0,XFX Speedster MERC 310 Black Edition Radeon RX 7900 XTX 24 GB Video Card (RX-79XMERCB9) - PCPartPicker
2025-09-05,96998.0,XFX Speedster MERC 310 Black Edition Radeon RX 7900 XTX 24 GB Video Card (RX-79XMERCB9) - PCPartPicker
2025-09-06,96998.0,XFX Speedster MERC 310 Black Edition Radeon RX 7900 XTX 24 GB Video Card (RX-79XMERCB9) - PCPartPicker
2025-09-07,96998.0,XFX Speedster MERC 310 Black Edition Radeon RX 7900 XTX 24 GB Video Card (RX-79XMERCB9) - PCPartPicker
2025-09-08,96998.0,XFX Speedster MERC 310 Black Edition Radeon RX 7900 XTX 24 GB Video Card (RX-79XMERCB9) - PCPartPicker
2025-09-09,96998.0,XFX Speedster MERC 310 Black Edition Radeon RX 7900 XTX 24 GB Video Card (RX-79XMERCB9) - PCPartPicker
2025-09-10,95999.0,XFX Speedster MERC 310 Black Edition Radeon RX 7900 XTX 24 GB Video Card (RX-79XMERCB9) - PCPartPicker
2025-09-11,95999.0,XFX Speedster MERC 310 Black Edition Radeon RX 7900 XTX 24 GB Video Card (RX-79XMERCB9) - PCPartPicker
2025-09-12,95999.0,XFX Speedster MERC 310 Black Edition Radeon RX 7900 XTX 24 GB Video Card (RX-79XMERCB9) - PCPartPicker
2025-09-13,95999.0,XFX Speedster MERC 310 Black Edition Radeon RX 7900 XTX 24 GB Video Card (RX-79XMERCB9) - PCPartPicker
2025-09-14,95999.0,XFX Speedster MERC 310 Black Edition Radeon RX 7900 XTX 24 GB Video Card (RX-79XMERCB9) - PCPartPicker
2025-09-15,95999.0,XFX Speedster MERC 310 Black Edition Radeon RX 7900 XTX 24 GB Video Card (RX-79XMERCB9) - PCPartPicker
2025-09-16,95999.0,XFX Speedster MERC 310 Black Edition Radeon RX 7900 XTX 24 GB Video Card (RX-79XMERCB9) - PCPartPicker
2025-09-17,95999.0,XFX Speedster MERC 310 Black Edition Radeon RX 7900 XTX 24 GB Video Card (RX-79XMERCB9) - PCPartPicker
2025-09-18,95999.0,XFX Speedster MERC 310 Black Edition Radeon RX 7900 XTX 24 GB Video Card (RX-79XMERCB9) - PCPartPicker
2025-09-19,95999.0,XFX Speedster MERC 310 Black Edition Radeon RX 7900 XTX 24 GB Video Card (RX-79XMERCB9) - PCPartPicker
2025-09-20,92999.0,XFX Speedster MERC 310 Black Edition Radeon RX 7900 XTX 24 GB Video Card (RX-79XMERCB9) - PCPartPicker
2025-09-21,92999.0,XFX Speedster MERC 310 Black Edition Radeon RX 7900 XTX 24 GB Video Card (RX-79XMERCB9) - PCPartPicker
2025-09-22,92999.0,XFX Speedster MERC 310 Black Edition Radeon RX 7900 XTX 24 GB Video Card (RX-79XMERCB9) - PCPartPicker
2025-09-23,92999.0,XFX Speedster MERC 310 Black Edition Radeon RX 7900 XTX 24 GB Video Card (RX-79XMERCB9) - PCPartPicker
2025-09-24,92999.0,XFX Speedster MERC 310 Black Edition Radeon RX 7900 XTX 24 GB Video Card (RX-79XMERCB9) - PCPartPicker
2025-09-25,92999.0,XFX Speedster MERC 310 Black Edition Radeon RX 7900 XTX 24 GB Video Card (RX-79XMERCB9) - PCPartPicker
2025-09-26,92999.0,XFX Speedster MERC 310 Black Edition Radeon RX 7900 XTX 24 GB Video Card (RX-79XMERCB9) - PCPartPicker
2025-09-27,92999.0,XFX Speedster MERC 310 Black Edition Radeon RX 7900 XTX 24 GB Video Card (RX-79XMERCB9) - PCPartPicker
2025-09-28,92999.0,XFX Speedster MERC 310 Black Edition Radeon RX 7900 XTX 24 GB Video Card (RX-79XMERCB9) - PCPartPicker
2025-09-29,92999.0,XFX Speedster MERC 310 Black Edition Radeon RX 7900 XTX 24 GB Video Card (RX-79XMERCB9) - PCPartPicker
2025-09-30,92999.0,XFX Speedster MERC 310 Black Edition Radeon RX 7900 XTX 24 GB Video Card (RX-79XMERCB9) - PCPartPicker
2025-10-01,92999.0,XFX Speedster MERC 310 Black Edition Radeon RX 7900 XTX 24 GB Video Card (RX-79XMERCB9) - PCPartPicker
2025-10-02,92999.0,XFX Speedster MERC 310 Black Edition Radeon RX 7900 XTX 24 GB Video Card (RX-79XMERCB9) - PCPartPicker
2025-10-03,92999.0,XFX Speedster MERC 310 Black Edition Radeon RX 7900 XTX 24 GB Video Card (RX-79XMERCB9) - PCPartPicker
2025-10-04,92999.0,XFX Speedster MERC 310 Black Edition Radeon RX 7900 XTX 24 GB Video Card (RX-79XMERCB9) - PCPartPicker
2025-10-05,92999.0,XFX Speedster MERC 310 Black Edition Radeon RX 7900 XTX 24 GB Video Card (RX-79XMERCB9) - PCPartPicker
2025-10-06,89999.0,XFX Speedster MERC 310 Black Edition Radeon RX 7900 XTX 24 GB Video Card (RX-79XMERCB9) - PCPartPicker
2025-10-07,89999.0,XFX Speedster MERC 310 Black Edition Radeon RX 7900 XTX 24 GB Video Card (RX-79XMERCB9) - PCPartPicker
2025-10-08,89999.0,XFX Speedster MERC 310 Black Edition Radeon RX 7900 XTX 24 GB Video Card (RX-79XMERCB9) - PCPartPicker
2025-10-09,89999.0,XFX Speedster MERC 310 Black Edition Radeon RX 7900 XTX 24 GB Video Card (RX-79XMERCB9) - PCPartPicker
2025-10-10,89999.0,XFX Speedster MERC 310 Black Edition Radeon RX 7900 XTX 24 GB Video Card (RX-79XMERCB9) - PCPartPicker
2025-10-11,89999.0,XFX Speedster MERC 310 Black Edition Radeon RX 7900 XTX 24 GB Video Card (RX-79XMERCB9) - PCPartPicker
2025-10-12,89999.0,XFX Speedster MERC 310 Black Edition Radeon RX 7900 XTX 24 GB Video Card (RX-79XMERCB9) - PCPartPicker
2025-10-13,95999.0,XFX Speedster MERC 310 Black Edition Radeon RX 7900 XTX 24 GB Video Card (RX-79XMERCB9) - PCPartPicker
2025-10-14,95999.0,XFX Speedster MERC 310 Black Edition Radeon RX 7900 XTX 24 GB Video Card (RX-79XMERCB9) - PCPartPicker
2025-10-15,89999.0,XFX Speedster MERC 310 Black Edition Radeon RX 7900 XTX 24 GB Video Card (RX-79XMERCB9) - PCPartPicker
2025-10-16,89999.0,XFX Speedster MERC 310 Black Edition Radeon RX 7900 XTX 24 GB Video Card (RX-79XMERCB9) - PCPartPicker
2025-10-17,89999.0,XFX Speedster MERC 310 Black Edition Radeon RX 7900 XTX 24 GB Video Card (RX-79XMERCB9) - PCPartPicker
2025-10-18,89999.0,XFX Speedster MERC 310 Black Edition Radeon RX 7900 XTX 24 GB Video Card (RX-79XMERCB9) - PCPartPicker
2025-10-19,89999.0,XFX Speedster MERC 310 Black Edition Radeon RX 7900 XTX 24 GB Video Card (RX-79XMERCB9) - PCPartPicker
2025-10-20,89999.0,XFX Speedster MERC 310 Black Edition Radeon RX 7900 XTX 24 GB Video Card (RX-79XMERCB9) - PCPartPicker
2025-10-21,89999.0,XFX Speedster MERC 310 Black Edition Radeon RX 7900 XTX 24 GB Video Card (RX-79XMERCB9) - PCPartPicker
