gpu,arima_rmse,arima_mae,lstm_rmse,lstm_mae,monero_arima_rmse,monero_arima_mae,monero_rmse,monero_mae,eth_arima_rmse,eth_arima_mae,eth_rmse,eth_mae,ai_arima_rmse,ai_arima_mae,ai_rmse,ai_mae,arima_rel_rmse,arima_rel_mae,lstm_rel_rmse,lstm_rel_mae,monero_rel_rmse,monero_rel_mae,eth_rel_rmse,eth_rel_mae,ai_rel_rmse,ai_rel_mae
AMD 100-300000006 Radeon PRO W7700 16 GB Video Card (100-300000006) - PCPartPicker,10.072842716693305,9.096750111099537,12.420572455572607,12.420572374131947,2.0868022369022055,1.9209613109877333,992.8773818949105,992.8773818948534,2.2422987433776003,2.0762223603991425,993.0911058498843,993.0911058497429,2.138321269966768,1.9745930934233493,992.6002836947972,992.6002836947971,0.010165181558339962,0.009180141005967373,0.01253443319036153,0.012534433108174294,1.001979196538497,1.0019791965384393,1.0021948797241456,1.002194879724003,1.0016995581491301,1.00169955814913
AMD 100-300000074 Radeon PRO W7900 48 GB Video Card (100-300000074) - PCPartPicker,63.948335797583695,57.11976639238108,64.97996661084422,44.65030154079861,62.92442014999073,56.24127926013054,3462.1373315972724,3461.627953739696,62.94389443633204,56.54310101035569,3462.340184003432,3461.8308729804885,62.90990833175901,55.98203543615881,3461.3328354826117,3460.823375827471,0.017161368161974232,0.01532883269219734,0.01743821971679248,0.011982489516384937,0.9291096106538689,0.9289729124765292,0.9291640487370688,0.9290273684956728,0.9288937136514469,0.9287569935226665
AMD 100-300000075 Radeon PRO W7800 32 GB Video Card (100-300000075) - PCPartPicker,23.19422691143551,19.934543461147435,4.9530509437776935,4.8794542100694445,11.704952639390093,10.428897078909111,2378.1378381282134,2378.1375167568526,11.858182801354538,10.558947018184815,2377.434602436367,2377.434280839231,11.417970056483444,10.204904022724097,2377.3941053174344,2377.393783770667,0.009580033334675095,0.0082336691625262,0.002045784639898459,0.002015386594516717,0.9822547589412375,0.9822546262035368,0.9819642978107267,0.9819641649797729,0.9819475710730425,0.9819474382628928
AMD 100-300000077 Radeon PRO W7600 8 GB Video Card (100-300000077) - PCPartPicker,2.112491835530589,1.7502687463015212,0.31481137386629116,0.31480170355902776,0.20242426029078572,0.18345045182224137,578.5634688626473,578.5634688142273,0.36423737475899,0.34710469044942,577.4719796511862,577.4719796511862,0.24220608345039146,0.2235474332934536,577.3196503573166,577.3196503572993,0.0035896903235381316,0.002974176125330076,0.0005349489751867998,0.0005349325427406123,0.9831345384619011,0.9831345383796227,0.9812798054898119,0.9812798054898119,0.9810209571558216,0.9810209571557923
AMD 100-300000078 Radeon PRO W7500 8 GB Video Card (100-300000078) - PCPartPicker,3.3795278814618013,3.156730352237941,3.164957660675052,3.020248765733499,3.7400765973746712,3.482566855072556,423.46705900079854,423.46486387221006,3.764111774161864,3.5067917445807595,424.5950351424556,424.5928470025591,3.7290165679303144,3.4719076918969938,422.82952033171216,422.8273231132294,0.007868767879228435,0.007350014342337994,0.007369170503385684,0.007032235657959227,0.9859850572783267,0.9859799462220095,0.9886113952590531,0.9886063004749481,0.9845006357919435,0.9844955198695936
AMD 100-506095 Radeon Pro W5500 8 GB Video Card (100-506095) - PCPartPicker,0.7417639809340153,0.6832546195139394,0.3410263708912804,0.3410169135199744,0.25386763364829684,0.23419222085984567,388.9810030712795,388.9809988555642,0.23845532296168304,0.21830895940512582,388.72077890873015,388.72077890872947,0.25638517246694326,0.2366038433021913,388.0697491735882,388.06974917358815,0.001888572207419607,0.0017396041303869559,0.0008682720415346451,0.000868247962543129,0.9903671929305614,0.9903671821971167,0.9897046477898943,0.9897046477898925,0.9880470900011693,0.9880470900011692
AMD 100-506163 Radeon Pro VII 16 GB Video Card (100-506163) - PCPartPicker,373.2437772035462,329.90468388759217,6.1887992970949055,6.188798963758667,413.8663256299215,381.94679700428765,706.4247529574538,706.4247529457676,412.6685617993321,380.6642420145096,705.370672575361,705.3706725541753,415.6949732341115,383.7606225733115,705.6476550131957,705.6476550099586,0.4228706816763737,0.37376917469060816,0.007011668880667197,0.007011668503010203,0.8003517676150669,0.8003517676018269,0.799157535542246,0.7991575355182434,0.7994713458706515,0.799471345866984
AMD 100-506189 Radeon PRO W6400 4 GB Video Card (100-506189) - PCPartPicker,26.903909793565507,23.667168894610867,26.32958706185735,23.055665323893223,26.27520028534183,23.027792867203097,251.757709146747,251.436035674572,26.339852877473373,23.059912408635768,250.83800026253476,250.51509460120732,26.246368385551634,22.994489636862163,252.47847287309003,252.15767652434775,0.11563192488755604,0.10172054236433942,0.1131635088289363,0.09909232455138027,1.082044533203209,1.0806619935255835,1.07809166131828,1.076703825741114,1.0851423467814458,1.0837635769451435
AMD 100-506208 Radeon PRO W6600 8 GB Video Card (100-506208) - PCPartPicker,5.232342849207531,4.902652115261027,12.30195416130961,12.301954074435773,1.6531521153207096,1.5262000894683183,584.6381738448148,584.6381738448141,1.3548746255312984,1.2194470837097393,582.9533415434098,582.9533415434094,1.641762116374684,1.5150924009549258,582.8417030504044,582.8417030504013,0.009065669976628095,0.008494440706213604,0.021314630884887595,0.021314630734368113,1.012956698855915,1.012956698855914,1.0100375221026539,1.010037522102653,1.0098440948438823,1.009844094843877
Asus DUAL OC GeForce RTX 5050 8 GB Video Card (dual-rtx5050-o8g) - PCPartPicker,10.721853531642894,6.139926828151924,8.98179841085379,8.405793646918399,10.537677886181859,5.654200109500649,254.30387032691908,254.1466280297703,10.544336761724354,5.6484597693499605,254.70219725990464,254.54526999224558,10.565181664921766,5.63516619346741,253.20184726731182,253.04378394381206,0.04135711121336562,0.023683371156339332,0.034645244376584235,0.032423437017324946,0.9809193360141113,0.9803128096190775,0.9824557915549508,0.9818504803145173,0.9766685327270338,0.9760588394096011
Asus PRIME GeForce RTX 5060 Ti 16 GB Video Card (prime-rtx5060ti-16g) - PCPartPicker,33.1647896932906,28.07033752727357,134.6430781865923,64.46243452127773,35.493704705775095,29.80770015815912,448.58945393182086,448.1717878907521,35.49831083181458,29.810228719098717,449.0051980027675,448.5878986792034,35.48996417615795,29.80526278202007,449.5047468285526,449.0879328313403,0.06952031091483432,0.05884127746406875,0.282239952209192,0.13512669706912073,0.9403369838574621,0.9394614687915686,0.941208470073431,0.9403337237238532,0.9422556285208957,0.9413818995164958
Asus PRIME OC Radeon RX 9070 16 GB Video Card (prime-rx9070-o16g) - PCPartPicker,8.642975580966286,4.632051778136968,8.928849895568927,4.479150770399316,9.057014751119455,6.024851040121259,675.1267139161248,675.0825366453593,8.880629336426715,5.698017273544538,676.3098808898496,676.2657670096819,8.792104013252551,5.528764024328936,676.1409574487518,676.0968323491942,0.010772557514561583,0.005773364013696427,0.011128869697460115,0.005582789033533851,0.8414742454317234,0.8414191831229503,0.8429489382796183,0.8428939549805397,0.8427383930261073,0.8426833957432425
Asus ROG Astral OC GeForce RTX 5090 32 GB Video Card (rog-astral-rtx5090-o32g-gaming) - PCPartPicker,22.414755766704054,16.997682858989897,493.56737930819685,493.445845377604,10.096618971523336,2.965548022358371,3359.1215597020528,3359.1037007081763,10.208001345324694,3.0636785712212866,3358.5835187678745,3358.565659719201,10.438532454370444,3.5726352317169483,3358.60174988502,3358.583888852754,0.007537079766358749,0.00571556044977214,0.16596463270166315,0.16592376627694136,1.1295223291247412,1.129516323943922,1.129341410024811,1.1293354048255662,1.1293475403340405,1.1293415344678022
Asus ROG STRIX GAMING OC GeForce RTX 4090 24 GB Video Card (ROG-STRIX-RTX4090-O24G-GAMING) - PCPartPicker,4.162753215069193,3.404210658134328,43.88167670608748,43.88167670355892,3.5251880743635557,3.232962468963746,2078.2336912920055,2078.233691288232,3.990061398505495,3.697564769130981,2076.2171726577076,2076.217172657648,3.838523413497303,3.5430710895340427,2078.455641040736,2078.455641040735,0.0020341581052143753,0.0016634910465106697,0.021443084355554573,0.02144308435431897,1.0155432448812498,1.0155432448794057,1.0145578591251536,1.0145578591251243,1.0156517021586824,1.015651702158682
Asus STRIX GAMING OC GeForce RTX 3090 24 GB Video Card (ROG-STRIX-RTX3090-O24G-GAMING) - PCPartPicker,106.93859424319061,102.48576228007542,3.952192181046493,3.952192111545148,12.291781595499254,11.585282818835347,1296.980370834443,1296.9803707636727,19.103891823024444,17.138840516288614,1297.9562538687435,1297.956253868739,14.668868334212622,13.443359962808863,1297.785267576642,1297.7852675766417,0.08226108988776114,0.07883580818319788,0.0030401712175066676,0.0030401711640436835,0.9976848828332856,0.9976848827788465,0.9984355678649401,0.9984355678649366,0.9983040389361779,0.9983040389361777
Asus TUF GAMING OC GeForce GTX 1660 SUPER 6 GB Video Card (TUF-GTX1660S-O6G-GAMING) - PCPartPicker,2.8831730345228177,2.651230367244653,1.3566403572789463,1.3566347927517453,1.4832529441744207,1.3711958129523585,268.7034744413477,268.7034741094377,1.3929261770109855,1.281104062882346,268.30019302897097,268.30019299427664,1.4381945505516518,1.3272310360329345,268.6162693405151,268.61626934051515,0.010767685612828651,0.009901457435904284,0.005066597350190924,0.005066576568545574,1.0035174792545989,1.0035174780150264,1.00201135825181,1.0020113581222383,1.0031917974108953,1.0031917974108955
Asus TUF GAMING OC GeForce RTX 4070 Ti 12 GB Video Card (TUF-RTX4070TI-O12G-GAMING) - PCPartPicker,0.9879731074952659,0.9439721319320964,1.9651022784386378,1.9651014539930556,0.07206203284002188,0.06966837806635087,857.3744596950323,857.374459652106,0.07138958761319564,0.06950494317017678,857.8079261597856,857.807926159766,0.005181330017288001,0.003371104984482069,855.8144012506096,855.8144012504154,0.0011514500069415936,0.0011001683240361797,0.002290261764194784,0.0022902608033307037,0.999241598863176,0.9992415988131468,0.9997467897029494,0.9997467897029266,0.9974234023019215,0.9974234023016951
Asus TUF GAMING OC GeForce RTX 4070 Ti SUPER 16 GB Video Card (tuf-rtx4070tis-o16g-gaming) - PCPartPicker,10.493049406474148,5.761034621984404,11.471079672129601,5.296420410156244,11.937330757629859,6.017457579288892,854.8773734381446,854.8164912635089,11.896356411923223,5.940714679376266,853.5285054396306,853.4675273429024,11.941257949774364,6.02441330865633,854.3449783494074,854.284052964449,0.012256761797259035,0.0067293716375583,0.013399183178526206,0.006186663269246851,0.9985684738730874,0.9984973583867018,0.9969928829163223,0.9969216553848872,0.9979465917555157,0.9978754257958491
Asus TUF GAMING OC GeForce RTX 4080 SUPER 16 GB Video Card (tuf-rtx4080s-o16g-gaming) - PCPartPicker,19.017230623438028,13.053425493962855,19.822829553158478,9.863172254774321,24.93683768785309,16.762434145519386,1166.7742380264472,1166.6475960987937,26.054075213788256,18.275617667372096,1167.7017538875375,1167.575150510152,25.095731975697383,16.973645260342273,1169.0989141767743,1168.9724621154996,0.01597248177602582,0.010963510142221732,0.0166491004950462,0.00828403158233907,0.9799681469206835,0.9798617809664822,0.9807471630919435,0.9806408295159296,0.9819206313902413,0.9818144249039109
Gigabyte GAMING OC GeForce RTX 5080 16 GB Video Card (GV-N5080GAMING OC-16GD) - PCPartPicker,139.49302244763584,116.30096785118626,102.41354291575183,92.88738226996529,77.45342070738884,53.26444394779508,1465.6137445986888,1464.3339251139428,77.67030103160148,53.56533761866542,1465.3458253981416,1464.0657901901668,77.99180195151811,54.00091092537959,1464.454747675446,1463.173927206993,0.09866605504121267,0.08226187585589827,0.07243903734385264,0.06570100361201174,1.0366563420619528,1.0357511015165186,1.0364668377403463,1.0355614446097892,1.0358365616011473,1.034930613040991
Gigabyte GAMING OC Radeon RX 9070 XT 16 GB Video Card (GV-R9070XTGAMING OC-16GD) - PCPartPicker,108.88244343078775,99.60066830145618,7.36080064235324,6.332297309027775,10.742816636667605,9.895103519939914,721.3577334439844,721.3452334720292,10.233484297749847,9.364816324035896,721.1375943416037,721.1251013754207,10.9794927143828,10.183225950386156,719.9340257301668,719.9215105280344,0.14884195760895438,0.13615380020905188,0.010062191319884662,0.008656230499058604,0.9860937521154246,0.9860766646930886,0.9857928226550616,0.9857757448095943,0.9841475481498395,0.9841304399078994
Gigabyte WINDFORCE OC GeForce RTX 4070 12 GB Video Card (GV-N4070WF3OC-12GD) - PCPartPicker,0.829230493377439,0.612572966296241,4.916027191831799,4.916026746961815,0.24139628304726138,0.22051120569537563,559.537690033685,559.5376900282831,0.14138173477325106,0.10955837370468341,557.9131332925679,557.913133280542,0.277072671235714,0.2556952036562229,558.5011564185885,558.5011564185883,0.0014897013305764462,0.001100479022726082,0.008831576150792178,0.008831575351589287,1.0052018684887523,1.005201868479048,1.002283374344884,1.0022833743232795,1.0033397499126406,1.0033397499126402
Gigabyte WINDFORCE OC GeForce RTX 4070 SUPER 12 GB Video Card (GV-N407SWF3OC-12GD) - PCPartPicker,1.3353433140624804,1.120227562446784,9.936214825330051,9.93621459960939,0.19836461318468313,0.18189401410004646,607.2228401502313,607.2228401491376,0.1929489059705965,0.17552733755483133,607.4746326344372,607.4746326329972,0.2175700306941478,0.20078347337441754,607.6231064335506,607.6231064335504,0.0022129430655081486,0.0018564512885947734,0.016466385433285338,0.016466385059219008,1.0062952045197746,1.006295204517962,1.0067124773109755,1.0067124773085891,1.0069585294390668,1.0069585294390668
Gigabyte WINDFORCE OC SFF GeForce RTX 5070 12 GB Video Card (GV-N5070WF3OC-12GD) - PCPartPicker,21.434943879848745,17.739077367031324,37.69086604671844,35.6698553873698,21.340360124327944,17.591700194225172,589.8066379872472,589.6809148517184,21.516470811681764,17.777938242170542,591.2469348431862,591.1215180476771,21.499536270393314,17.759190707005978,590.2764087452182,590.1521651738484,0.03794249178514346,0.031400352669332936,0.06671747700244729,0.0631400391155157,1.044030422570536,1.043807877129608,1.0465799254724777,1.0463579222911306,1.044861974695194,1.0446420482651328
Gigabyte WINDFORCE SFF GeForce RTX 5070 Ti 16 GB Video Card (GV-N507TWF3-16GD) - PCPartPicker,64.47007392274217,61.35231271611251,23.968919105676108,17.803968804253465,69.00955109194464,65.67975428475351,759.5050226907513,759.1331041444672,69.2089669843156,65.86715042161748,758.0978175902442,757.7254158777661,69.18715180597698,65.84641846528815,759.6503144418807,759.2787132633395,0.08367707439540674,0.0796304660923529,0.03110976775963711,0.023108148192172127,0.985777654971175,0.9852949340128628,0.9839512136671703,0.9834678655972217,0.9859662322121886,0.9854839231721916
MSI GeForce RTX 3060 Ventus 2X 12G GeForce RTX 3060 12GB 12 GB Video Card (RTX3060Ventus2X12GOC) - PCPartPicker,11.992822212494346,10.818767624706911,10.250483021110815,6.387463623046882,9.828729693325585,7.284623211044232,296.3507499847656,296.1803699112998,9.84020448066898,7.081964947969162,296.8889241346821,296.7186973496013,9.833710675065095,7.154337334450092,294.9183002233067,294.74695263873207,0.0398232796276154,0.035924722364018696,0.034037680575514685,0.021210166003028892,0.9840601799467745,0.9834944170939296,0.9858472371782367,0.9852819833337063,0.9793035975183567,0.9787346219550466
MSI SHADOW 2X OC GeForce RTX 5060 8 GB Video Card (RTX 5060 8G SHADOW 2X OC) - PCPartPicker,24.728177752601386,23.703644783042687,0.9782798160038025,0.9782754855685855,2.8250476969600884,2.664011722335842,299.4744439287785,299.47444373077815,4.417224641963805,3.9641618067902122,298.1791872511971,298.17918725119694,3.3805472741748925,3.0988243539243596,299.47122729063034,299.47122729063034,0.08243000684223271,0.0790147831029124,0.0032610414213933886,0.0032610269861281563,0.9982814224766777,0.9982814218166546,0.9939637562958671,0.9939637562958664,0.998270699992101,0.998270699992101
MSI VENTUS 2X BLACK OC GeForce RTX 4060 8 GB Video Card (RTX 4060 VENTUS 2X BLACK 8G OC) - PCPartPicker,1.1483079076660365,0.9279719313528245,30.667498880510518,30.66749871148004,0.07697927056575456,0.0724358319208698,331.49350682898904,331.49350629885987,0.23886902998952503,0.21805100731580435,330.0484516154485,330.0484516154395,0.18658268669310077,0.1734579464557151,331.15311018541377,331.1531072971556,0.003731882311687907,0.0030158131048642414,0.09966620960444589,0.09966620905511425,1.0773197208829846,1.0773197191601196,1.0726234404212527,1.0726234404212234,1.0762134668855716,1.0762134574990303
MSI VENTUS 2X BLACK OC GeForce RTX 4060 Ti 8 GB Video Card (RTX 4060 Ti VENTUS 2X BLACK 8G OC) - PCPartPicker,2.813560645977628,2.3825657141606142,44.35199311873532,44.351993069118926,0.07676189149172939,0.04940501536204541,448.3489192959999,448.34891929599956,0.2081426634840766,0.19109546778435693,449.2209916893507,449.22099168737714,0.2180760393811513,0.2012504410969844,448.62436986848013,448.62436986737765,0.006824932713160783,0.005779456258416601,0.10758586958581788,0.107585869465462,1.0875725073096165,1.0875725073096156,1.0896879176932999,1.0896879176885126,1.0882406754636127,1.0882406754609384
MSI VENTUS 2X PLUS OC GeForce RTX 5060 Ti 8 GB Video Card (RTX 5060 Ti 8G VENTUS 2X OC PLUS) - PCPartPicker,14.886892661359866,11.286817602497745,20.10093055350518,19.278665568033844,11.576108062592,10.09435278779916,377.2319392382205,377.18897128740934,12.347574858058275,11.014207860113203,376.7718065686347,376.7287828403048,12.742978751893956,10.21496303772632,376.84233761113313,376.7993234194649,0.034950764681148654,0.026498673363035487,0.04719204401004232,0.045261567941832954,0.8856478674525521,0.8855469892658282,0.8845675890477414,0.8844665799091139,0.8847331785985734,0.8846321918496832
MSI VENTUS 2X XS OC GeForce RTX 3050 8GB 8 GB Video Card (RTX 3050 Ventus 2X XS 8G OC) - PCPartPicker,5.100074817734312,4.493241600975808,9.538819580134156,9.53881846110027,0.10611689950734794,0.08721268814741892,218.77805085468898,218.7780508303643,0.33240583230057524,0.3062737750991106,218.73714502760103,218.73714502758457,0.33769630450376037,0.311741840490867,218.89631313300157,218.8963129385313,0.023837501337780398,0.021001192433842276,0.04458397820197218,0.04458397297166229,1.022557955775722,1.0225579556620297,1.0223667639319198,1.022366763931843,1.0231107079054913,1.0231107069965468
MSI Ventus XS OCV1 GeForce GTX 1650 G6 4 GB Video Card (G165D6VXSC1) - PCPartPicker,1.7224856305838516,1.4367084161999188,0.9876047073341588,0.9875895860459979,0.050216169817571155,0.04517586283714334,158.33083538958346,158.33083494212892,0.4837157911460972,0.4710245407098657,158.29510857900456,158.29510857899984,0.07722884780231756,0.07130545440109397,158.42618878524345,158.4261887852351,0.010307034188505185,0.00859699639971239,0.005909643193813743,0.005909552710833054,0.9474223206737982,0.9474223179963133,0.9472085380729192,0.947208538072891,0.9479928976885535,0.9479928976885036
PNY RTX A-Series RTX A2000 12GB 12 GB Video Card (VCNRTXA200012GBPB) - PCPartPicker,22.828270527532652,20.44880548000876,39.13837901352801,37.87745543077257,41.83517902420032,40.41856505805709,644.2635660062832,644.1885306466421,41.56334221540572,40.16322814820959,644.8623614479964,644.7870612994301,41.602651393867184,40.201308719770786,646.2417997692811,646.1666614792878,0.03636946798435491,0.03257855978737004,0.06235435228329165,0.06034547825061219,1.0264256816604491,1.0263061370761641,1.02737966858733,1.0272597021475072,1.0295773575362956,1.029457648965775
PNY RTX A-Series RTX A4000 16 GB Video Card (VCNRTXA4000-PB) - PCPartPicker,27.0485391082183,21.50528714157469,91.8651694149592,88.95132557508673,71.16000077190753,66.94614595460122,1196.7223643410186,1196.50218813112,71.45534154976627,67.2279973290743,1197.2922029008926,1197.0721613389646,72.4377181943938,68.20670239082499,1197.4123021425514,1197.1922956422695,0.02404076209756119,0.019113915540571836,0.08164983232998951,0.07906000571260542,1.0636477461073672,1.0634520533248277,1.0641542190520663,1.0639586459447454,1.064260963349245,1.0640654214047416
PNY RTX A-Series RTX A4500 20 GB Video Card (VCNRTXA4500-PB) - PCPartPicker,49.26445938365469,48.27749209506237,150.743016271616,150.56982969835067,39.50286679027903,38.923474423272644,1749.0132403078771,1748.9983194575839,39.90315721463263,39.31111930401134,1749.4964609240835,1749.4815448906156,38.92748402896778,38.33862027239611,1749.8209033957835,1749.8059900402493,0.03104364352498189,0.030421713211299335,0.09498962374829646,0.09488049147909011,1.1021280702535396,1.1021186679874153,1.1024325682373013,1.1024231690064648,1.1026370133192493,1.1026276157758934
PNY RTX A-Series RTX A5000 24 GB Video Card (VCNRTXA5000-PB) - PCPartPicker,11.34033458056354,8.23593158848332,16.220249591065365,16.220249565972114,1.6546874250521966,1.4284073056410862,2323.165481438071,2323.165480940076,3.493132896333413,3.2338120279856764,2323.365034678777,2323.3650346787763,3.3159116908344615,3.0607871631305343,2323.230521319179,2323.2305213191767,0.005005079776836319,0.0036349451900277926,0.007158840211171666,0.007158840200096709,1.0253338194552708,1.0253338192354797,1.0254218926847125,1.025421892684712,1.025362524939338,1.0253625249393372
PNY RTX A-Series RTX A5500 24 GB Video Card (VCNRTXA5500-PB) - PCPartPicker,369.84945378669073,354.41956272053454,220.72801106808578,220.72801106770834,42.57775472564499,40.1258957911429,4498.8907139346975,4498.8907139346,66.0865352984409,59.28424242024614,4498.371173057966,4498.3711730579535,50.77952692566046,46.53503251205127,4497.774727810754,4497.774727810754,0.08220703573831757,0.07877740891765604,0.04906157169772967,0.04906157169764577,0.9999757088096682,0.9999757088096466,0.9998602296194635,0.9998602296194606,0.999727656770561,0.999727656770561
PNY RTX A-Series RTX A6000 48 GB Video Card (VCNRTXA6000-PB) - PCPartPicker,78.66882237580434,66.11157773510953,847.5000618490877,847.5000618489582,153.6110357834214,142.10168707175944,5621.299239032518,5621.299239001541,147.0586159045562,135.7188132200163,5622.124459339385,5622.124459339381,146.97138023580217,135.63184284263392,5621.736574691405,5621.736574691403,0.01522985754067157,0.012798843052269065,0.1640714175942942,0.16407141759426913,1.0882530590706,1.0882530590646031,1.0884128172484104,1.0884128172484098,1.0883377248833217,1.0883377248833213
PNY T-Series T1000 8GB 8 GB Video Card (VCNT10008GB-PB) - PCPartPicker,1.9102191980330565,1.7284498617799935,13.847527543999513,13.84752733018664,2.4256597711072363,2.2327095472297627,428.0462713985014,428.0462713781991,2.5688646074117027,2.3793865817824065,428.2553592049987,428.25535920302053,2.3387611159863897,2.1458383612751946,428.7736042635336,428.7736042629346,0.0044976034274685,0.004069628255518468,0.03260394796994334,0.032603947466521795,1.0078332263330632,1.0078332262852614,1.0083255227334513,1.0083255227287937,1.0095457286417238,1.0095457286403133
PNY T-Series T400 4GB 4 GB Video Card (VCNT4004GB-PB) - PCPartPicker,7.533800375564311,6.869450956324686,2.6828026639615246,2.647695515950515,3.074098991237074,2.7965184874178384,178.2013814379161,178.19136432181463,2.8025624204371704,2.5477740677793657,178.49876066897426,178.48895554976994,2.960304734327023,2.6810817592427805,179.53280033600174,179.5230520040194,0.04118426928523693,0.037552537089332275,0.014665807672593973,0.014473890955207657,0.9741555807537084,0.9741008211919443,0.9757812339063271,0.9757276332466926,0.9814339146219728,0.981380624395337
PNY VCNRTX2000ADA-PB RTX 2000 Ada Generation 16 GB Video Card (VCNRTX2000ADA-PB) - PCPartPicker,55.726683101421315,53.48938555485124,34.058117012813995,30.248262369791696,55.57136428450188,53.32799352157795,773.5123403090453,773.3540243786177,55.266864346253236,53.02859682864348,773.3568083781444,773.1983958709507,55.658298089026175,53.41461552653264,773.5552025365084,773.3968279363315,0.07423636451080946,0.07125594603006052,0.045370559459164635,0.040295257247155006,1.0304353471797967,1.0302244464323451,1.0302281551404926,1.0300171257381918,1.030492446145043,1.0302814672406178
PNY VCNRTX4000ADA-PB RTX 4000 Ada Generation 20 GB Video Card (VCNRTX4000ADA-PB) - PCPartPicker,64.04461938718539,59.49379143771541,34.91109755108386,31.355469075520944,24.116474664022558,21.15941707480724,1492.5127771742423,1492.433808917787,23.295296502245755,20.165815282314693,1491.761056621284,1491.6820793525903,23.855710315511146,20.85611165591919,1491.6995984638452,1491.6206025497645,0.04212098689395606,0.03912798972650583,0.022960396930660085,0.020621924443009868,0.981598637449269,0.9815467014564094,0.9811042444485448,0.9810523025284991,0.9810638245308565,0.9810118703480772
PNY VCNRTX4000ADALP-PB RTX 4000 SFF Ada Generation 20 GB Video Card (VCNRTX4000ADALP-PB) - PCPartPicker,56.359911045449415,49.749661948571365,13.614627030744293,13.61462700737848,28.02761698115197,25.82103562284406,1463.378702943487,1463.3787028892837,28.276773535166562,26.043487703097774,1462.44934245134,1462.4493424505658,28.81648092913013,26.593153077740826,1463.6335510416804,1463.6335510410204,0.03545873573899986,0.03129990951753643,0.008565617885360107,0.008565617870659549,0.920682054872461,0.9206820548383591,0.9200973494056491,0.920097349405162,0.920842392090881,0.9208423920904657
PNY VCNRTX4500ADA-PB RTX 4500 Ada Generation 24 GB Video Card (VCNRTX4500ADA-PB) - PCPartPicker,378.76795609021264,318.8450389731467,360.7542889539907,315.3218916015625,409.7881732446586,344.0340891116759,2661.2278715390366,2651.7411301318,410.91323166463894,344.8648811232922,2660.3224621896024,2650.8324677179116,409.52856306145657,343.7665989228765,2660.4883325515843,2650.9992198987,0.1278309385984242,0.10760746769634581,0.12175148034278867,0.10641843565683794,0.898141596123031,0.8949399022130037,0.8978360282282475,0.8946332364368501,0.8978920080536706,0.894689513868562
PNY VCNRTX5000ADA-PB RTX 5000 Ada Generation 32 GB Video Card (VCNRTX5000ADA-PB) - PCPartPicker,209.115096376355,183.56537405663084,52.799824407191586,25.391084852430605,177.05639558031984,159.63187077861795,4464.433695796966,4464.171310717052,184.1723749354337,167.04680178031526,4464.68614828775,4464.423776162517,178.86884652097064,161.48038778390935,4465.365927196999,4465.103590144898,0.042979483959188186,0.03772824241981139,0.0108519626056679,0.005218636736571937,0.9175763000392401,0.9175223719607382,0.9176281866699335,0.9175742612540109,0.9177679018183477,0.9177139836110155
PNY VCNRTX6000ADA-PB RTX 6000 Ada Generation 48 GB Video Card (VCNRTX6000ADA-PB) - PCPartPicker,234.30008322403097,182.41570268838834,510.0406273353524,428.6377213541664,282.8028771816849,212.3240081831455,8040.390915469455,8035.637909296885,282.09473142046215,211.526560607799,8040.787456735341,8036.034564616682,279.97290333593776,209.56579349070583,8041.870538949328,8037.118287160398,0.026285840823157654,0.020464995396210058,0.05722083645468152,0.04808834362872737,0.9020416589349124,0.9015084249643371,0.9020861464163143,0.9015529252413083,0.9022076560900776,0.9016745067528836
PNY VCQRTX5000-PB Quadro RTX 5000 16 GB Video Card (VCQRTX5000-PB) - PCPartPicker,2.4377225442226367,2.1900769494703076,0.6840320937075285,0.6840313042534085,4.331945243627327,3.984040388554144,1024.0231036473242,1024.0231036472321,4.0414319093600435,3.7245101424277536,1024.3206835675246,1024.320683567524,2.811484814832568,2.5929756051702118,1024.2778893863203,1024.277889386283,0.0022799325900032933,0.0020483167059131566,0.0006397557698877924,0.0006397550315337986,0.9577396953788138,0.9577396953787276,0.9580180134178389,0.9580180134178383,0.9579779892368174,0.9579779892367826
PowerColor RX7800XT 16G-P Radeon RX 7800 XT 16 GB Video Card (RX7800XT 16G-P) - PCPartPicker,26.727159114186044,22.123973600296413,27.731362009477746,23.173395779079854,28.38855903136048,21.806062360584217,645.9960326165522,645.4078349498112,28.470801698817414,21.70441392860013,647.4909252057438,646.9031329380671,28.468469426427916,21.708290835505718,647.9296305746274,647.3422193170123,0.04024699386241427,0.03331530395352541,0.04175916908428332,0.03489557246646889,0.9727707403837983,0.9718850050992486,0.9750218188693613,0.9741366940534956,0.975682441729181,0.9747978906559096
Sapphire PULSE Low Profile Radeon RX 6400 4 GB Video Card (11315-01-20G) - PCPartPicker,9.389155610837694,7.824453841933977,14.207273043951897,10.452440890842011,12.014232291746945,8.6807055568987,173.84056075522108,173.57388853671816,12.074897179325887,8.699855430213121,175.20583998769007,174.94115472080972,12.058153514740852,8.693924440755248,174.20697052710926,173.94076698001226,0.056454178646351494,0.04704609586966487,0.08542407472456355,0.06284739435577182,1.0452511897373453,1.043647769612323,1.053460204571756,1.0518687313913273,1.047454301878342,1.045853699734017
Sapphire PULSE Radeon RX 7600 XT 16 GB Video Card (11339-04-20G) - PCPartPicker,15.560333169489413,14.851452727133625,27.052076685539305,26.938124538845486,9.569538723029241,9.272724812608491,392.431838864419,392.4240153803296,9.691491409184584,9.39570560349877,392.4264782507484,392.4186351948845,9.241509531213854,8.942566502755678,390.95894941756274,390.95107577514653,0.042141149945768105,0.04022133006212239,0.0732635739564397,0.0729549639512322,1.062800441670854,1.0627792537815899,1.0627859238310344,1.0627646829366657,1.0588115004086442,1.0587901766784857
Sapphire PULSE Radeon RX 9060 XT 16 GB Video Card (11350-03-20G) - PCPartPicker,29.53578977483619,26.18583244364186,95.30017027333345,95.09136722819014,9.0286367099638,7.348355456738195,444.04765284003173,444.00286819473905,8.988672366633006,7.31504070503992,444.1858118245712,444.1410441975064,8.340899829818241,6.75340619375932,443.6183939572486,443.57356481621,0.08075680499447677,0.07159734614819377,0.2605698823486668,0.2599989727191143,1.2141158229399824,1.2139933726891439,1.2144935774628087,1.2143711737432366,1.2129421425964624,1.2128195706852822
XFX Speedster MERC 310 Black Edition Radeon RX 7900 XTX 24 GB Video Card (RX-79XMERCB9) - PCPartPicker,120.95187250179947,113.57623759044976,50.70509674349533,35.95459030490453,133.38632787648606,125.3630048823888,964.9592407927606,963.6948941318326,135.4922214688449,127.42029709459807,964.1233114052914,962.8580022379557,134.36839473192538,126.31548488180273,964.789789488573,963.5255392708514,0.12454970249812057,0.11695467221919958,0.052213368705365096,0.03702409423922763,0.9936628832411218,0.992360927370445,0.992802088328524,0.991499141320759,0.9934883914446085,0.9921865348859342
XFX Speedster MERC 310 Radeon RX 7900 XT 20 GB Video Card (RX-79TMERCU9) - PCPartPicker,38.809529832937066,33.674422839102796,125.88210206161024,125.88210205078126,5.772791426826468,5.285565569995903,859.7135692989664,859.7135692974595,6.994649322730554,6.513390642967798,858.9900357191783,858.9900357190769,6.289578096515052,5.798940666281762,859.425089195437,859.425089195437,0.05113824924482955,0.04437186010072043,0.16587138103452054,0.16587138102025148,1.1328209070098239,1.132820907007838,1.1318675267266953,1.1318675267265617,1.132440784717697,1.132440784717697
XFX Speedster QICK 319 Core Radeon RX 6750 XT 12 GB Video Card (RX-675XYJFDP) - PCPartPicker,5.484902233541071,4.925105873991434,0.06444017235687688,0.06438110351562046,12.638258860849078,11.679325838048738,332.84538471717065,332.8453799213303,12.37094846203493,11.448669863813661,333.66364071024793,333.6636407102478,11.989553582500442,11.028987994764147,333.60126234544646,333.6012623454464,0.016045600407897567,0.014407965257319825,0.00018851407223478467,0.00018834127152056918,0.9737099793913154,0.9737099653615051,0.9761037155304935,0.9761037155304931,0.9759212330954226,0.9759212330954223
XFX Speedster SWFT 210 Core Radeon RX 6650 XT 8 GB Video Card (RX-665X8DFDY) - PCPartPicker,8.806100908301195,7.9891459080503,0.2715128973863679,0.2714944118923338,0.4988083657111617,0.4893541039933963,259.04687548584224,259.04687545286293,0.06283602622968759,0.05607697251968173,258.9087782555978,258.908778254721,0.08321538995855904,0.07683509371473178,258.9495972413488,258.9495972413488,0.033314998498969,0.030224316835143476,0.0010271801178601927,0.0010271101840481217,0.980019007031604,0.9800190069068377,0.9794965613923577,0.9794965613890407,0.9796509866553866,0.9796509866553866
XFX Speedster SWFT 210 Core Radeon RX 7600 8 GB Video Card (RX-76PSWFTFY) - PCPartPicker,23.313959009466096,20.27948747078335,13.31666633621785,9.519272081163193,23.378067619540975,20.34487864064415,268.17190922167725,267.90163122057913,23.51982515736479,20.46332364951177,267.2281240764915,266.95688618395064,23.218289430698835,20.197783178560908,266.53078192136365,266.2588790188895,0.08731354771607787,0.07594909110970402,0.04987249832147115,0.03565080545708673,1.0043356764259337,1.0033234531850888,1.0008010888737102,0.9997852707253144,0.9981894596128257,0.9971711509231828
XFX Speedster SWFT 210 Core Radeon RX 7700 XT 12 GB Video Card (RX-77TSWFTFP) - PCPartPicker,2.913702121401963,2.4255286488971484,112.60576709155815,112.60576707628039,0.051956398610538336,0.05079468759823966,509.37891902550945,509.3789190249971,0.13746497131182467,0.13404140405107165,508.030901449417,508.03090144899136,0.010082444926601658,0.009304536594539867,508.931001851029,508.93100185102867,0.006959193194258208,0.005793221737355039,0.26895175118338316,0.2689517511468932,1.216619324447371,1.2166193244461474,1.2133996697433518,1.2133996697423353,1.2155495026116594,1.2155495026116585
XFX Speedster SWFT 210 Radeon RX 6600 8 GB Video Card (RX-66XL8LFDQ) - PCPartPicker,13.71736192055457,13.04323537638169,5.0835546912549505,5.083553975423168,1.1578379807515935,1.070136083062183,218.028201863236,218.02820186323595,0.9791946139852827,0.8883330274603821,216.95152422446233,216.95152422428137,1.1276930231938047,1.0406861706759565,218.03162176403097,218.03161445167336,0.06078906319071139,0.057801643209406096,0.022527985275148384,0.022527982102909898,0.9662010973525154,0.966201097352515,0.9614297553555263,0.9614297553547244,0.9662162527859532,0.9662162203809346
